period,RBRTE,RWTC,T10Y2Y,VIXCLS,DTWEXBGS,WCESTUS1,RNGWHHD,days_since_opec,RBRTE_log_return,RWTC_log_return,RNGWHHD_log_return,WCESTUS1_w_change,RBRTE1_w_lag,RBRTE4_w_lag,RBRTE12_w_lag,RWTC1_w_lag,RWTC4_w_lag,RWTC12_w_lag,RBRTE_4_rol_vol,RBRTE_12_rol_vol,RWTC_4_rol_vol,RWTC_12_rol_vol,RNGWHHD_4_rol_vol,RNGWHHD_12_rol_vol,RBRTE_RWTC_diff,RBRTE_log_return_rol_z_score,RWTC_log_return_rol_z_score,RNGWHHD_log_return_rol_z_score
2007-03-16,60.87,57.94,-0.03,16.79,97.0407,311926,6.86,1.0,0.008579494962292392,-0.04900382709233186,-0.0649028862354263,,,,,,,,,,,,,,2.9299999999999997,,,
2007-03-23,61.09,58.26,0.02,12.95,96.5662,311080,6.91,8.0,0.0036077441558426044,0.005507759190084247,0.007262196041784696,-846.0,60.87,,,57.94,,,0.15556349186104215,0.15556349186104215,0.22627416997969793,0.22627416997969793,0.03535533905932756,0.03535533905932756,2.8300000000000054,-0.7071067811865475,0.7071067811865476,0.7071067811865475
2007-03-30,66.1,64.18,0.07,14.64,96.3183,315387,7.32,15.0,0.07882056019596484,0.09677588415042236,0.0576406901936417,4307.0,61.09,,,58.26,,,2.9580793318187566,2.9580793318187566,3.513934167472889,3.513934167472889,0.2523885892824794,0.2523885892824794,1.9199999999999875,1.1526822236985899,1.0727391659973515,0.9358208575230481
2007-04-06,68.55,64.82,0.01,13.23,96.2526,316219,7.55,22.0,0.03639465915068293,0.009922562031690374,0.030937235287713125,832.0,66.1,,,64.18,,,3.798441566397105,3.798441566397105,3.7065707421640677,3.7065707421640677,0.3317629675938329,0.3317629675938329,3.730000000000004,0.1317985945126048,-0.09752973832565852,0.44098408186753846
2007-04-13,68.2,62.58,0.0,12.2,95.711,315225,7.83,29.0,-0.005118841158906867,-0.03516845947266511,0.036414946741778496,-994.0,68.55,60.87,,64.82,57.94,,3.4380081442602703,3.7546730882994286,2.954228607719229,3.260625706823771,0.38896229465934967,0.4151264867483161,5.6200000000000045,-0.8665568210347224,-0.7159233299194434,0.4846973923822468
2007-04-20,66.21,63.06,0.04,12.07,95.1692,317299,7.51,36.0,-0.029613055912661803,0.007640915876178794,-0.041727044226668446,2074.0,68.2,61.09,,62.58,58.26,,1.2904392017190511,3.3967101730939557,1.023458189994445,2.9803266040262573,0.2104558544366654,0.3816280912092293,3.1499999999999915,-1.1960809114552224,0.0332709479255196,-0.9590208304801581
2007-04-27,67.39,65.26,0.04,12.45,95.0103,318468,7.48,43.0,0.01766513002137103,0.03429263704825982,-0.0040026737896574445,1169.0,66.21,66.1,,63.06,64.18,,1.0389217166530436,3.2122822327524583,1.308994525071329,3.017548674006771,0.16090887690449804,0.35296027025849847,2.1299999999999955,0.05531741864222163,0.5090817848658742,-0.16155480838795838
2007-05-04,66.04,63.82,-0.03,12.91,94.9118,323940,7.68,50.0,-0.02023601990619833,-0.02231267031507718,0.02638675517319481,5472.0,67.39,68.55,,65.26,64.82,,1.0216653072312651,2.98041194420215,1.1705269468634123,2.8449253065766102,0.16258331197676323,0.34681201165555287,2.220000000000006,-0.9184127448643433,-0.6194056006399208,0.49162114034999455
2007-05-11,63.91,61.9,-0.04,12.95,95.0035,325001,7.56,57.0,-0.03278477538973701,-0.030546441159547032,-0.015748356968139168,1061.0,66.04,68.2,,63.82,62.58,,1.448594146060217,2.8414125008523463,1.408687332235242,2.6684410763173685,0.08808140174482643,0.32918248907120046,2.009999999999998,-1.109727113675113,-0.7309248495681532,-0.489940502813149
2007-05-18,67.55,63.61,-0.01,12.76,94.6573,326970,7.74,64.0,0.055392220744017444,0.027250511000162514,0.02353049741019425,1969.0,63.91,66.21,,61.9,63.06,,1.683872026016209,2.7659254027058133,1.376599070172593,2.5436109503355033,0.11704699910719704,0.3273190764037099,3.9399999999999977,1.2022504808083319,0.5353767816031496,0.47573629550735946
2007-05-25,70.65,64.89,0.01,13.34,94.5022,325014,7.56,71.0,0.04487004472432877,0.019922837942364224,-0.02353049741019416,-1956.0,67.55,67.39,,63.61,65.26,,2.8336710583034557,3.03512587727578,1.2375378782081947,2.514701861960076,0.09000000000000127,0.3124856360335186,5.760000000000005,0.842389722498624,0.3459556172810822,-0.7179850367676276
2007-06-01,68.45,63.94,-0.02,12.78,94.132,325227,7.65,78.0,-0.03163455739607858,-0.014748385001381745,0.011834457647003017,213.0,70.65,66.04,,64.89,63.82,,2.8069675214841094,2.97559606964671,1.2475175349469203,2.4218982037011645,0.08616843969807182,0.3032388297675412,4.510000000000005,-1.1376995109000627,-0.4808611220270895,0.231575058504052
2007-06-08,71.23,65.9,0.11,14.84,94.7599,325309,7.76,85.0,0.03981052625580455,0.03019329787676629,0.014276686356682862,82.0,68.45,63.91,60.87,63.94,61.9,57.94,1.752788254943168,2.7681712320044314,1.0310027481373292,2.0080783819061474,0.09178779875343,0.2439246654691616,5.329999999999998,0.7439354859317698,0.6286593551158526,0.2889943716196475
2007-06-15,69.89,66.62,0.11,13.94,94.6228,332211,7.51,92.0,-0.018991500501224813,0.01086639125707209,-0.032746868419084,6902.0,71.23,67.55,61.09,65.9,63.61,58.26,1.2024835411209303,2.115995897057361,1.171107026136694,1.3652272538099581,0.10984838035522819,0.1418999861191186,3.269999999999996,-0.8195913551409978,0.11946474400149623,-1.0162719472967598
2007-06-22,71.78,68.78,0.22,15.75,94.4371,333773,7.36,99.0,0.02668330823042348,0.03190817223858656,-0.020175533035258444,1562.0,69.89,70.65,66.1,66.62,64.89,64.18,1.4877583809207968,2.3154440309810993,1.9984994370777418,1.8968147143582814,0.17339742404853328,0.13514021898709055,3.0,0.43317512797292207,0.6584270466018496,-0.6172515310173698
2007-06-29,71.76,69.13,0.16,16.23,94.1393,336924,6.71,106.0,-0.0002786679689205254,0.005075784953053304,-0.09246098175719454,3151.0,71.78,68.45,68.55,68.78,63.94,64.82,0.8873368394621987,2.520655879053307,1.589913519660748,2.3064302405547585,0.4481443219916257,0.2908126023695841,2.6300000000000097,-0.32794519427799823,-0.08316496399088645,-2.1949206437678197
2007-07-06,74.79,71.78,0.2,14.72,93.5759,335336,6.27,113.0,0.04135696845303563,0.0376170957622876,-0.06782259633876117,-1588.0,71.76,71.23,68.2,69.13,65.9,62.58,2.027321714315088,3.0834105231943085,2.1161344475245523,2.897592914294506,0.5776605116040633,0.44949382306067065,3.010000000000005,0.8552165144587711,0.8088106651791247,-1.422954394470471
2007-07-13,77.76,72.79,0.17,15.15,93.0133,334887,6.4,120.0,0.03894297394860733,0.013972697410705413,0.020521635720796988,-449.0,74.79,69.89,66.21,71.78,66.62,63.06,2.8697081733166154,3.8048055738165374,1.9714799855269638,3.4018083426319086,0.48638119481191744,0.531367589481628,4.969999999999999,0.7491787647712884,0.12004167544374802,0.6886505041071999
2007-07-20,78.24,74.92,0.17,16.95,92.7179,333784,6.37,127.0,0.006153865574378066,0.028842294445721096,-0.004698520781554261,-1103.0,77.76,71.78,67.39,72.79,68.78,65.26,3.00173699714019,4.352087186487397,2.40414225868605,4.136331268604636,0.18997806890972596,0.5916457529381057,3.319999999999993,-0.2325092519817096,0.5451643944986382,0.06628219151697916
2007-07-27,76.66,75.15,0.24,24.17,93.5485,327287,5.76,134.0,-0.02040096577415284,0.003065238623095712,-0.10066199487627218,-6497.0,78.24,71.76,66.04,74.92,69.13,63.82,1.5318044914414717,4.330589836654266,1.6430662392815163,4.533811277167347,0.2985520613449786,0.7032968897638584,1.509999999999991,-1.0003884191878978,-0.23403629325049247,-2.0272549619148923
2007-08-03,76.34,76.75,0.25,25.16,93.1039,323326,6.3,141.0,-0.0041830126353252645,0.021067270268322936,0.08961215868968714,-3961.0,76.66,74.79,63.91,75.15,71.78,61.9,0.8974779477329555,3.687343217005957,1.6265992130823181,4.65779665689367,0.30126123768805013,0.714873902845599,-0.4099999999999966,-0.4846179665775007,0.32019628601330363,2.013478214220463
2007-08-10,70.7,71.92,0.34,28.3,93.5214,318159,6.35,148.0,-0.07675147441455665,-0.06499899630394174,0.007905179507113247,-5167.0,76.34,77.76,67.55,76.75,72.79,63.61,3.2963565745633288,3.3682288979656247,2.0150186103359005,4.303225974531082,0.2914904229415936,0.687159281962982,-1.2199999999999989,-2.3191819704419934,-2.100730383684186,0.30563332939716614
2007-08-17,70.09,72.05,0.5,29.99,94.319,320049,7.08,155.0,-0.008665442390293657,0.0018059322821662714,0.10881909480102825,1890.0,70.7,78.24,70.65,71.92,74.92,64.89,3.5359239716562745,3.4101998297442484,2.381153431987678,3.982309650380715,0.5420562701417647,0.6541939291752097,-1.9599999999999937,-0.42711819768603526,-0.16396913305172145,2.127247007294765
2007-08-24,68.44,70.19,0.33,20.72,93.6863,316563,5.93,162.0,-0.023822681488240714,-0.026154471703201,-0.17724969469599441,-3486.0,70.09,76.66,68.45,72.05,75.15,63.94,3.4337091218292546,3.41145130406398,2.8125003703703535,3.3624742873862368,0.48128300752606573,0.6376519426771963,-1.75,-0.8236950903124205,-0.951453278546428,-2.712439934299941
2007-08-31,70.55,72.93,0.39,23.38,93.6674,312591,5.51,169.0,0.030364229274830297,0.038294226253811674,-0.07345958984481095,-3972.0,68.44,76.34,71.23,70.19,76.75,65.9,1.0363557947603497,3.4514748713960843,1.1464256045059031,2.912384605595452,0.669496079152076,0.611869341370438,-2.3800000000000097,0.6909407460660265,0.9224990521242531,-0.9989127981636219
2007-09-07,75.06,75.96,0.48,26.23,93.2939,305578,5.66,176.0,0.061966115408051886,0.040706808947943346,0.02685926905026848,-7013.0,70.55,70.7,69.89,72.93,71.92,66.62,2.8321311174920525,3.337417233112846,2.406648776480143,2.5991343255831474,0.7115476090888114,0.5543027287967452,-0.8999999999999915,1.4922255971928424,0.9568883070683452,0.5988551905146327
2007-09-14,76.89,78.95,0.42,24.92,92.7083,301704,6.03,3.0,0.024088035337214656,0.038607854757566104,0.06332311852400253,-3874.0,75.06,70.09,71.78,75.96,72.05,68.78,3.911133680490474,3.420988692814322,3.784832669132594,2.8519892047907156,0.23963513932644742,0.447602197573616,-2.0600000000000023,0.42781058762968205,0.8651669679113344,1.1407427328454343
2007-09-21,78.17,82.26,0.58,19.0,91.4854,303546,6.21,10.0,0.016510113188149683,0.04107022210062697,0.02941388520629319,1842.0,76.89,68.44,71.76,78.95,70.19,69.13,3.332410288865086,3.547743093940971,4.000587456861803,3.458962337832812,0.32335481028328417,0.4178398634825963,-4.090000000000003,0.20947976204466898,0.9077245585581275,0.5780752813739511
2007-09-28,78.15,81.7,0.62,18.0,90.9446,304684,6.33,17.0,-0.00025588536475340025,-0.006830960936320857,0.019139340210697506,1138.0,78.17,70.55,74.79,82.26,72.93,71.78,1.466159950346731,3.704082412035578,2.892661692397965,3.874411294479237,0.29227555491351626,0.41968512728069035,-3.549999999999997,-0.268677772899978,-0.5157434594576654,0.4016832025767628
2007-10-05,77.98,80.59,0.57,16.91,90.7393,302875,6.65,24.0,-0.0021776733130343413,-0.01367942952953721,0.049316618511678095,-1809.0,78.15,75.06,77.76,81.7,75.96,72.79,0.6109759951646744,3.7208188859198685,1.4589608173856625,4.0359148074920705,0.26095976701400164,0.4384234842194869,-2.6099999999999994,-0.31914033354505167,-0.7055330749067893,0.8766864681421774
2007-10-12,78.85,81.46,0.47,17.73,90.5945,304659,6.68,31.0,0.011094929854596104,0.01073752988384647,0.004501132880791442,1784.0,77.98,76.89,78.24,80.59,78.95,74.92,0.38456685591389567,3.776251949735157,0.6945682111930973,4.2933594778519355,0.2335772534587518,0.4591716850630485,-2.6099999999999994,0.07476488268784087,0.04134653188501034,0.1265007678346637
2007-10-19,84.29,87.8,0.61,22.96,90.1014,299371,7.1,38.0,0.06671592060034359,0.07494939842080453,0.060976796498715374,-5288.0,78.85,78.17,76.66,81.46,82.26,75.15,3.0053438516528606,4.6539708526127965,3.3095354658924503,5.319498153591283,0.31591137997862434,0.5014426158292687,-3.509999999999991,1.651365887938063,1.8868124282127432,1.0488459796058074
2007-10-26,83.72,89.23,0.64,19.56,89.6508,295477,6.39,45.0,-0.006785336431591848,0.016155805270989122,-0.10536051565782628,-3894.0,84.29,78.15,76.34,87.8,81.7,76.75,3.2552009666585016,5.2325961891576975,4.378013248038428,6.252229178218772,0.2937686164313654,0.5018028104804348,-5.510000000000005,-0.4960355707001793,0.1375066093728364,-1.662666505126132
2007-11-02,90.42,93.46,0.65,23.01,88.8924,294517,6.93,52.0,0.07698758428866022,0.04631623136022003,0.08112554481236853,-960.0,83.72,77.98,70.7,89.23,80.59,71.92,4.7431283628706575,6.365356699281721,4.971098973064206,7.14092791695533,0.30924639582916963,0.5313191131514116,-3.039999999999992,1.8546418667694502,1.0160328315200187,1.3405324842197448
2007-11-09,93.54,95.81,0.81,28.5,88.4615,297331,6.95,59.0,0.033923670431281194,0.02483352639050193,0.00288184637488895,2814.0,90.42,78.85,70.09,93.46,81.46,72.05,4.782965433006504,7.3363538545239,3.707564339742922,7.8310185490236215,0.3110600156454231,0.5167636761322331,-2.269999999999996,0.6153951734601728,0.36238309606126845,0.07176255337544059
2007-11-16,90.74,93.56,0.82,25.49,89.3182,296260,7.19,66.0,-0.030390878061922463,-0.023764121946803735,0.03394951215625465,-1071.0,93.54,84.29,68.44,95.81,87.8,70.19,4.1661292986818435,7.051497584330437,2.746713187308316,7.3763965806586125,0.33798422053896376,0.5476139704263056,-2.8200000000000074,-1.1914205776619722,-1.0874529524470022,0.5719836927706441
2007-11-23,94.01,97.93,0.94,25.61,89.2384,295808,6.88,73.0,0.03540288535464187,0.04564999601672497,-0.04407251978770309,-452.0,90.74,83.72,70.55,93.56,89.23,72.93,1.8591821678726153,6.982351127859947,2.1246019234985014,7.34938767806032,0.138172597379738,0.4662292322127585,-3.9200000000000017,0.6739953540677679,0.9980666533202555,-0.7088339622385879
2007-11-30,92.16,92.47,0.93,22.87,89.6212,287895,7.44,80.0,-0.01987496264287852,-0.057368670143155893,0.07825219689974834,-7913.0,94.01,90.42,75.06,97.93,93.46,75.96,1.4747061854266288,6.850301917699407,2.4291476557289657,6.701621920373977,0.2540997179586438,0.4272923915526563,-0.3100000000000023,-0.8946745835411363,-1.9907028448686888,1.288341874514751
2007-12-07,89.09,88.71,1.0,20.85,89.74,286806,7.12,2.0,-0.03387910221502867,-0.041511645057051724,-0.043963123421116176,-1089.0,92.16,93.54,76.89,92.47,95.81,78.95,2.0913631917967086,6.445164971911218,3.794349966287617,6.074996196532098,0.23041628993337693,0.3775308536458254,0.38000000000000966,-1.2547573182484308,-1.4654270897339403,-0.7205344733134708
2007-12-14,90.24,91.18,0.93,23.27,90.4345,279220,7.17,9.0,0.012825693017196313,0.027462952252799988,0.006997929187644637,-7586.0,89.09,90.74,78.17,88.71,93.56,82.26,2.1655561256488927,6.054601743527571,3.897489576637781,5.745712762705411,0.2296918225216751,0.3352915962941128,-0.9400000000000119,0.08020217140361628,0.5016994694832182,0.1268088980334203
2007-12-21,90.82,91.16,0.99,18.47,90.3672,275921,7.12,16.0,0.006406737920056211,-0.0002193704078119876,-0.006997929187644554,-3299.0,90.24,94.01,78.15,91.18,97.93,81.7,1.2766721061684956,5.459297046545838,1.5711354705011071,5.202805187414048,0.15348724159788735,0.28670013899014607,-0.3400000000000034,-0.10451243856446202,-0.2947635481961532,-0.10801747534291212
2007-12-28,94.39,95.64,0.99,20.74,89.4069,271865,6.97,23.0,0.03855560966704807,0.04797493821264062,-0.021292500651451905,-4056.0,90.82,92.16,77.98,91.16,92.47,80.59,2.2859935841267665,4.731106844037333,2.8880601909701893,4.407836942895265,0.0866025403784181,0.26871749274859297,-1.25,0.8219388046454984,1.0854692165703574,-0.34760318328788736
2008-01-04,96.5,98.17,1.14,23.94,89.2467,265361,7.57,30.0,0.022107873008087135,0.026109527114306034,0.08257784267692497,-6504.0,94.39,89.09,78.85,95.64,88.71,81.46,2.9749775909523843,3.824840658198202,3.4684710848826215,3.4771470367461164,0.2561737691489801,0.2953721330283135,-1.6700000000000017,0.33318913100711084,0.4414404593619381,1.395517953777995
2008-01-11,94.4,94.76,1.23,23.68,89.5215,269620,7.84,37.0,-0.022001935193485134,-0.03535329041384524,0.035045766912959096,4259.0,96.5,90.24,84.29,98.17,91.18,87.8,2.3573625799472517,3.336390151409798,2.9007743219124884,3.1048007792431167,0.4013726448077818,0.3701709269398578,-0.35999999999999943,-0.9583848428383638,-1.3251315898621532,0.5757742196451423
2008-01-18,90.03,91.51,1.3,27.18,89.8993,271917,8.33,44.0,-0.04739812503106965,-0.034899123363297896,0.06062462181643484,2297.0,94.4,90.82,83.72,94.76,91.16,89.23,2.7207474463222194,2.308602489504319,2.7504302693700198,2.8809920429456137,0.5669435598011425,0.4351410429650653,-1.480000000000004,-1.6422266166684958,-1.2728900566971264,0.9929243071192008
2008-01-25,88.46,89.41,1.38,29.08,89.2184,275472,7.87,51.0,-0.017592475680204826,-0.023215723180060186,-0.056805393749439506,3555.0,90.03,94.39,90.42,91.51,95.64,93.46,3.738960417014624,2.506456511177547,3.8331481839344823,3.1370787173401724,0.3153173005085349,0.4483598054593122,-0.9500000000000028,-0.7593349937124241,-0.9158033148064065,-1.0033889535634697
2008-02-01,91.77,91.14,1.53,24.02,88.4824,282340,8.02,0.0,0.03673497439074114,0.01916425308850985,0.018880359449111185,6868.0,88.46,96.5,93.54,89.41,98.17,95.81,2.545355246981342,2.4612984685964476,2.2328830391820604,3.0947844689237534,0.22427661492003312,0.46321014276852046,0.6299999999999955,0.8182408232726665,0.3095336358359224,0.29403549107116916
2008-02-08,89.88,89.08,1.71,28.01,89.2226,283406,7.87,7.0,-0.020809999513793403,-0.022861943446569666,-0.018880359449111157,1066.0,91.77,94.4,90.74,91.14,94.76,93.56,1.3558392235077228,2.5096871409509602,1.2178259317325615,3.281713336695206,0.2168524844219885,0.46873782812479314,0.7999999999999972,-0.858507182460978,-0.903736191309086,-0.35730186312353823
2008-02-15,94.98,94.13,1.85,25.02,88.9006,287610,8.47,14.0,0.055190895803847374,0.05514196316996206,0.07347244623465125,4204.0,89.88,90.03,94.01,89.08,91.51,97.93,2.8191177698000045,2.6008646580891206,2.310598767996493,2.878910778875929,0.2839454172899938,0.49632207895740676,0.8500000000000085,1.3426452449766757,1.3443968522021434,1.2282051684751378
2008-02-22,97.13,99.61,1.81,24.06,88.7082,290841,8.89,21.0,0.022383944293263357,0.056585755597945514,0.04839654086185024,3231.0,94.98,88.46,92.16,94.13,89.41,92.47,3.237807900416936,3.010627011105844,4.576556201628778,3.575343594423139,0.46176292618614007,0.605309838016859,-2.480000000000004,0.37938968390420524,1.346561174711297,0.7785639614176484
2008-02-29,99.1,100.84,1.88,26.54,87.1654,287785,9.16,28.0,0.020079153921703084,0.012272541162644882,0.02991912916022567,-3056.0,97.13,91.77,89.09,99.61,91.14,88.71,3.969243210823585,3.3997107720118693,5.41024029041226,3.982307367556873,0.5619830958311679,0.6871019508843549,-1.740000000000009,0.3081219336648792,0.06893178529957095,0.45003185109041827
2008-03-07,101.9,103.44,2.03,27.49,87.1258,294185,9.43,2.0,0.027862498892736877,0.025456632143882864,0.029049917959327213,6400.0,99.1,89.88,90.24,100.84,89.08,91.18,2.9433130425881333,4.090981952213142,3.9229283280053338,4.727880795682417,0.40942032191866046,0.7624581458955103,-1.539999999999992,0.533104939277858,0.44750413707744735,0.429791992797258
2008-03-14,107.69,109.35,1.97,31.16,86.4301,294318,9.74,9.0,0.055264789112110246,0.05556201265917475,0.03234502100907765,133.0,101.9,94.98,90.82,103.44,94.13,91.16,4.594376998027384,5.509173272961706,4.331643260165045,6.1263252122346055,0.36428011200170746,0.8203916285789483,-1.6599999999999966,1.3186590344593876,1.2964791348592541,0.4827179447056646
2008-03-21,103.05,105.28,1.75,26.62,87.2111,294406,9.09,16.0,-0.04404242200432154,-0.03793027954576968,-0.06906620946505634,88.0,107.69,97.13,94.39,109.35,99.61,95.64,3.577787957197847,5.901076108848687,3.5797148396671554,6.625935725799414,0.2955785287645956,0.7189807600578251,-2.230000000000004,-1.5805188957974148,-1.3877427650866356,-1.2995412182506703
2008-03-28,102.05,104.49,1.8,25.71,86.6369,301723,9.24,23.0,-0.009751418080614211,-0.007532094530987627,0.01636697746420541,7317.0,103.05,99.1,96.5,105.28,100.84,98.17,2.7265408487685225,6.136048970607841,2.585614046991529,6.950937586637797,0.2802974610420916,0.678140840828802,-2.4399999999999977,-0.5690373870070042,-0.504606014427358,0.2176724505363057
2008-04-04,100.88,103.46,1.67,22.45,86.5108,298516,9.68,30.0,-0.011531197599189679,-0.009906308470650525,0.04652001563489291,-3207.0,102.05,101.9,94.4,104.49,103.44,94.76,2.9831904062602788,6.199721890145731,2.5799547799654516,7.063152571085023,0.3214939087032737,0.6832603434780126,-2.5799999999999983,-0.6138807055751964,-0.5668630499148696,0.7480989556951851
2008-04-11,106.6,109.71,1.73,23.46,86.5029,296160,9.88,37.0,0.055151820075080064,0.0586554562540306,0.02045061047129084,-2356.0,100.88,107.69,90.03,103.46,109.35,91.51,2.4681504546258948,6.291673369452641,2.7527743581097552,7.377845829977053,0.3694477861168505,0.7281046378346719,-3.1099999999999994,1.329455705030757,1.4000365224560565,0.27589583860874917
2008-04-18,110.42,114.33,1.58,20.13,86.5277,298581,10.13,44.0,0.03520776512415448,0.04124848272447914,0.0249888065008155,2421.0,106.6,103.05,88.46,109.71,105.28,89.41,4.382262543481801,6.26012845981089,5.030728078519041,7.630430505349639,0.3764195354476701,0.716967519656518,-3.9099999999999966,0.732615965540626,0.8818230310259105,0.35488018221814455
2008-04-25,114.34,118.53,1.47,19.59,86.8337,302429,10.54,51.0,0.03488518897992673,0.036077089537530464,0.03967622485262417,3848.0,110.42,102.05,91.77,114.33,104.49,91.14,5.735619699155206,6.782547791608671,6.462075904846664,8.14256990740456,0.37061885183204424,0.7301597998611868,-4.189999999999998,0.7138249660502525,0.722243847571283,0.6164498369352754
2008-05-02,111.98,115.42,1.42,18.18,87.2311,308082,10.75,58.0,-0.02085618191507801,-0.026588443808588737,0.01972821146045562,5653.0,114.34,100.88,89.88,118.53,103.46,89.08,3.25082040927172,6.054529984510329,3.6542338458286614,7.139213680069925,0.3928103868280041,0.6729356761551722,-3.4399999999999977,-0.925676144827104,-1.0842623938413931,0.24716383396571565
2008-05-09,119.84,123.01,1.52,19.41,87.2528,308258,11.11,65.0,0.06783723584816202,0.06368800359787327,0.03293984907786681,176.0,111.98,106.6,94.98,115.42,109.71,94.13,4.124475724259345,6.8256892203890205,3.889313349851493,7.433773614491881,0.4094203219186397,0.7065708911655069,-3.1700000000000017,1.6555828588573496,1.5009419542681064,0.48728940989999353
2008-05-16,122.58,124.96,1.38,16.47,86.7855,302941,11.36,72.0,0.022606358288676232,0.01572803321068209,0.022252809641466663,-5317.0,119.84,110.42,97.13,123.01,114.33,99.61,4.8765117314194715,7.640171890419305,4.315761809924133,8.107840014268298,0.3657868231633829,0.7729689907144102,-2.3799999999999955,0.32940711437603765,0.11960427247940314,0.2852754970502985
2008-05-23,126.47,130.14,1.39,19.55,86.1922,294058,11.31,79.0,0.031241247834299286,0.04061710797546212,-0.004411123164976115,-8883.0,122.58,114.34,99.1,124.96,118.53,100.84,6.128460247077199,8.641289886879905,6.101706728448977,9.098834091144985,0.2769326031124265,0.806686075398861,-3.6699999999999875,0.5777233033604526,0.8304767487214736,-0.21455802905014473
2008-05-30,128.76,128.47,1.4,17.83,86.5504,289256,11.67,86.0,0.017945080538722395,-0.01291538002331963,0.031334156170435445,-4802.0,126.47,111.98,101.9,130.14,115.42,103.44,3.9749161416738743,9.594879158207688,3.2454121463998153,9.44296222623287,0.2317146233335788,0.8717954305496585,0.28999999999999204,0.1793140570356775,-0.7597234170986779,0.4402139626322398
2008-06-06,126.33,128.16,1.54,23.56,86.8028,284679,12.29,93.0,-0.01905267558866128,-0.002415930723469205,0.05176447727947877,-4577.0,128.76,119.84,107.69,128.47,123.01,109.35,2.5585738214885394,10.168491291805166,2.164060612213245,9.863744755723392,0.45073088792902255,1.0037395986102033,-1.8299999999999983,-0.9004805063841942,-0.44329300370371866,0.8148959798277423
2008-06-13,134.12,134.8,1.22,21.22,87.7622,283437,12.59,100.0,0.05983739075608178,0.050512715158157584,0.024116924478312464,-1242.0,126.33,122.58,103.05,128.16,124.96,105.28,3.6412543626256477,10.931196772485183,3.0643038904998847,10.302017748818416,0.5808901215662743,1.0370014318683258,-0.6800000000000068,1.453578258358103,1.19963207078335,0.2983965123066989
2008-06-20,132.08,134.34,1.28,22.87,86.9036,284240,12.88,107.0,-0.015327121986155115,-0.003418298639488223,0.0227728726199518,803.0,134.12,126.47,102.05,134.8,130.14,104.49,3.4588666255495593,10.622889808276783,3.6184193141940693,9.912149989999255,0.5177756914597375,1.0462671742915322,-2.259999999999991,-0.7695162477685356,-0.46333246243804216,0.27527605810652633
2008-06-27,135.54,137.0,1.34,23.44,86.643,282258,12.89,114.0,0.025859000096094188,0.019607025989406515,0.0007760962748884511,-1982.0,132.08,128.76,100.88,134.34,128.47,103.46,4.048871241882219,9.767574215771754,3.7920399083693574,8.84640292418163,0.2846489065496977,1.037514512494331,-1.460000000000008,0.44725548494241585,0.22547901255353608,-0.137733979956132
2008-07-04,141.07,142.52,1.45,24.79,86.8781,276552,13.2,121.0,0.03998942137844408,0.03950141490951036,0.02376501264122906,-5706.0,135.54,126.33,106.6,137.0,128.16,109.71,3.849817095223467,9.760219314165507,3.7539801100519616,8.792997213692237,0.2491318258805997,1.0233575162476651,-1.450000000000017,0.8420692434415937,0.8306280670541701,0.2878704392734909
2008-07-11,137.43,139.95,1.37,27.49,86.221,279504,12.3,128.0,-0.026141524519650423,-0.01819712477617298,-0.07061756721395329,2952.0,141.07,134.12,110.42,142.52,134.8,114.33,3.750742148785361,9.111048737160429,3.5500927217936664,8.367502614280996,0.3756217068629052,0.8998396321769494,-2.519999999999982,-1.1157607664489908,-0.9443556137539721,-1.4982356935096122
2008-07-18,135.05,135.37,1.45,24.05,86.0735,277946,11.3,135.0,-0.017469616328135817,-0.03327344576376763,-0.08479653666007693,-1558.0,137.43,132.08,114.34,139.95,134.34,118.53,2.7317195439274573,8.308452933700648,3.1693006589255104,7.695263990194688,0.8362764694365582,0.8178514905568396,-0.3199999999999932,-0.8597522699064997,-1.399181297113695,-1.6954960928235658
2008-07-25,126.7,125.92,1.43,22.91,86.3916,277865,9.93,142.0,-0.06382299291153133,-0.07236498552860177,-0.1292422476612137,-81.0,135.05,135.54,111.98,135.37,137.0,115.42,6.099909152329635,6.388299140545533,7.305290320491421,6.19035515699189,1.4025779835716634,0.9523284861089315,0.7800000000000011,-2.1709227142267276,-2.4890666738636673,-2.37591151811379
2008-08-01,124.43,124.57,1.46,22.57,86.8257,279363,9.15,149.0,-0.01807877853955352,-0.010778977771091817,-0.08180659876965117,1498.0,126.7,141.07,119.84,125.92,142.52,123.01,6.307780248762175,5.802746998385907,7.428137384297556,5.996522224412907,1.403780609639544,1.228609401154836,-0.13999999999998636,-0.81421341292634,-0.6373310841887307,-1.4767205483875345
2008-08-08,116.56,118.8,1.43,20.66,88.8939,279047,8.71,156.0,-0.06533714690059046,-0.047426399969456697,-0.049282088423018434,-316.0,124.43,137.43,122.58,124.57,139.95,124.96,7.606446827089512,6.765843135436794,6.869723429658488,6.87099304719082,1.1364381490722002,1.5090986673769122,-2.239999999999995,-2.0883575888103136,-1.6570480651733561,-0.8965149728838266
2008-08-15,110.16,114.4,1.44,19.58,89.7244,288437,8.1,163.0,-0.05647230746655003,-0.03774032798284697,-0.07260772918601843,9390.0,116.56,135.05,126.47,118.8,135.37,130.14,7.57228444174362,8.918218797223759,5.333144007056102,8.499103517787026,0.7699512971610564,1.804894649825768,-4.240000000000009,-1.7945127319108756,-1.3499944075978665,-1.2624873236867624
2008-08-22,111.66,115.7,1.45,18.81,89.2381,288260,7.9,170.0,0.013524685461815083,0.011299555253933247,-0.025001302205417155,-177.0,110.16,126.7,128.76,114.4,125.92,128.47,6.428210611567728,10.232687781928448,4.528232731062413,9.497817412756461,0.5720431219176879,2.0383162986478127,-4.040000000000006,0.18023780972963024,0.06817452371127329,-0.4337436518307319
2008-08-29,112.4,116.09,1.47,20.65,90.0567,286362,8.16,177.0,0.006605397577376313,0.003365118150313555,0.03238140950303978,-1898.0,111.66,124.43,126.33,115.7,124.57,128.16,2.7399939172690546,11.139124605178825,1.8486999936887725,10.239039224576858,0.34663862066039175,2.135394896415263,-3.6899999999999977,-0.026538088187998365,-0.1570645999619806,0.5330340299463064
2008-09-05,103.69,108.37,1.43,23.06,91.341,280482,7.54,184.0,-0.08065825888940396,-0.0688144544150406,-0.07902198695615101,-5880.0,112.4,116.56,134.12,116.09,118.8,134.8,3.9692684044633304,12.598304449409175,3.5868556331878394,11.478609718106343,0.27970222261066063,2.202510275833351,-4.680000000000007,-2.3437424907465036,-2.1168042689409154,-1.3437316375788977
2008-09-12,97.28,102.88,1.51,25.66,91.4706,274154,7.69,2.0,-0.0638122603523299,-0.051988037445594666,0.019698601497687984,-6328.0,103.69,110.16,132.08,108.37,114.4,134.34,7.167167618150864,14.41750206898177,6.340846420891387,12.923710034684525,0.26911893281598004,2.1307380639040754,-5.599999999999994,-1.8097500761451297,-1.5892148005062572,0.302693592185425
2008-09-19,89.35,97.19,1.62,32.07,91.0014,272634,7.91,9.0,-0.08503217661241988,-0.05689543497392998,0.02820699826200986,-1520.0,97.28,111.66,135.54,102.88,115.7,137.0,9.76980723112468,16.233509021512184,8.056162754893341,14.18157725125569,0.2701234285778977,1.9374747310180143,-7.840000000000003,-2.236418538257561,-1.6538594436872789,0.427769117298938
2008-09-26,100.91,111.12,1.74,34.74,90.6872,276912,7.74,16.0,0.12166778887100034,0.13394287293070922,-0.02172609417792671,4278.0,89.35,112.4,141.07,97.19,116.09,142.52,6.2192409772684885,14.941796675058521,6.171261351349808,12.471931395227939,0.15253414918201216,1.546112181825069,-10.210000000000008,2.810940140615675,3.126486073258459,-0.4313362357401399
2008-10-03,91.9,96.59,2.03,45.14,93.5414,285104,7.3,23.0,-0.09352800111479596,-0.14013548225488376,-0.05852733944729037,8192.0,100.91,103.69,137.43,111.12,108.37,139.95,5.214741923943598,14.15648462077303,6.741436543249784,11.63924734627968,0.25781130050228873,1.1639831692004035,-4.689999999999998,-2.204577656261597,-3.232934021249065,-1.0485495549089396
2008-10-10,80.98,86.24,2.27,69.95,97.999,290715,6.68,30.0,-0.1264988187576263,-0.11334110903051761,-0.08875636060579108,5611.0,91.9,97.28,135.05,96.59,102.88,135.37,8.204797377144722,14.06577137033107,10.212595164795117,12.040835160554117,0.5489004159833418,0.8611949942851587,-5.259999999999991,-2.742622716920171,-2.4589430247415436,-1.5829042285554185
2008-10-17,69.28,75.19,2.34,70.33,97.7255,293897,6.68,37.0,-0.15604594634983543,-0.13711586377075144,0.0,3182.0,80.98,89.35,126.7,86.24,97.19,125.92,13.682844185329309,15.852129959170304,15.297835358855933,14.524644573964625,0.5171717960858758,0.7220089817287356,-5.909999999999997,-3.0611368671876495,-2.7313615776847397,-0.016464754701306428
2008-10-24,64.4,68.56,2.19,79.13,101.8442,294390,6.75,0.0,-0.07304263114387173,-0.09230896910041116,0.010424517335884207,493.0,69.28,100.91,124.43,75.19,111.12,124.57,12.324641982629707,17.11051853968691,12.347081976456154,16.70800631433925,0.3001527388958736,0.640898989819387,-4.159999999999997,-1.4202525989990311,-1.8034486988672676,0.16743373016461105
2008-10-31,60.61,65.21,2.45,59.89,99.7662,294444,6.44,7.0,-0.060653737147114355,-0.05009644288441354,-0.04701396476817609,54.0,64.4,91.9,116.56,68.56,96.59,118.8,8.850944864815135,18.48182194547501,9.272385525490602,18.55635584979559,0.1357387196050983,0.616973920179624,-4.599999999999994,-1.1456643130464987,-0.9486148080832518,-0.8264864951982636
2008-11-07,59.43,64.31,2.5,56.1,99.3944,294394,6.76,14.0,-0.0196607465846244,-0.013897691258338998,0.048494349938610355,-50.0,60.61,80.98,110.16,65.21,86.24,114.4,4.4390614623660225,19.488214367725508,4.933108384510428,19.749760930658944,0.14930394055984536,0.6013085478329444,-4.880000000000003,-0.3422227645685708,-0.24494058369546715,0.9171418011949899
2008-11-14,53.27,58.6,2.5,66.31,100.9705,295993,6.68,21.0,-0.10942582844966144,-0.0929804435638048,-0.011904902506318427,1599.0,59.43,69.28,111.66,64.31,75.19,115.7,4.620204721293469,20.006005840671136,4.139170609352406,20.46190538463361,0.14930394055984536,0.5929503786280483,-5.329999999999998,-2.0000810713819646,-1.718268680558167,-0.3009554347203035
2008-11-21,47.79,52.26,2.11,72.67,103.6289,303273,6.67,28.0,-0.10855690833884098,-0.11450343649050052,-0.0014981276210219922,7280.0,53.27,64.4,112.4,58.6,68.56,116.09,5.937774555055265,19.76119220655069,5.987534272691873,20.65794102210403,0.1376892636822669,0.5243524144556296,-4.469999999999999,-1.8990797151087455,-2.024875262680272,-0.08271358232729228
2008-11-28,48.53,53.27,1.93,55.84,101.6468,302817,6.61,35.0,0.015365750827058057,0.01914206083644143,-0.009036206063937333,-456.0,47.79,60.61,103.69,52.26,65.21,108.37,5.36416194137797,19.290144975655696,5.547618107499793,20.43711633872122,0.061644140029939676,0.5172501592776177,-4.740000000000002,0.4251901561662063,0.47531132622329664,-0.21404029722458845
2008-12-05,43.7,45.6,1.74,59.93,103.4902,303169,6.44,42.0,-0.10483406131558026,-0.15546560440856746,-0.0260551137473327,352.0,48.53,59.43,97.28,53.27,64.31,102.88,3.923088706618018,19.101100456161145,5.3370489661103155,20.68824501542322,0.11105554165986288,0.4891148467725413,-1.8999999999999986,-1.75033577852313,-2.596575514885508,-0.5433433065150517
2008-12-12,41.01,44.57,1.82,54.28,100.319,303694,5.68,49.0,-0.06353216269757672,-0.022846729561875986,-0.12557730738320239,525.0,43.7,53.27,89.35,45.6,58.6,97.19,3.539768118581587,19.17419879010384,4.472989306193963,20.635574314099657,0.4571651780265387,0.4892875154009813,-3.5600000000000023,-0.9684643400086075,-0.2349882248390763,-2.4067845400364165
2008-12-19,41.71,39.7,1.39,44.93,98.1278,300593,5.72,2.0,0.016924968804886063,-0.11570979926531968,0.00701757265864654,-3101.0,41.01,47.79,100.91,44.57,52.26,111.12,3.3921220005565407,16.027013819476533,5.614353628571912,17.231815623925772,0.4816205283554412,0.445410093638597,2.009999999999998,0.48715439661479165,-1.8057132107886014,0.1842712795845687
2008-12-26,35.38,32.98,1.27,43.38,98.2594,301142,5.41,9.0,-0.16459421947721461,-0.18544987056169207,-0.05571971253331635,549.0,41.71,48.53,91.9,39.7,53.27,96.59,3.566912764094349,13.43004870926861,5.76150081720537,15.490368341767713,0.44040700872417865,0.4825940008920142,2.4000000000000057,-2.600745074687022,-2.768585836366161,-1.0171343687475232
2009-01-02,37.04,42.4,1.58,39.19,98.6008,307236,5.64,16.0,0.045851721046339354,0.2512470451064593,0.04163497265157725,6094.0,35.38,43.7,80.98,32.98,45.6,86.24,3.0629669711994847,11.15538309381128,5.032715469802698,12.988388141534534,0.13889444433351092,0.5154345033781875,-5.359999999999999,1.0156448249648211,3.7851772289873233,0.8852930252869896
2009-01-09,45.25,44.46,1.68,42.82,98.8752,308380,5.88,23.0,0.20020426036795658,0.047441546298138404,0.04167269640056808,1144.0,37.04,41.01,69.28,42.4,44.57,75.19,4.490601296039587,9.439775934679963,4.998969893887278,11.247547880908842,0.19568256607759948,0.5121316118721626,0.7899999999999991,3.2850124818370285,0.8387979010854373,0.8636994052262047
2009-01-16,42.38,36.73,1.63,46.11,100.711,314480,5.42,30.0,-0.065526117305782,-0.19099604870447462,-0.08146094645898068,6100.0,45.25,41.71,64.4,44.46,39.7,68.56,4.594644527417305,8.035156652127911,5.249878570023437,10.45338784434244,0.22201726659590032,0.5313469162934296,5.650000000000006,-0.8449197558291889,-2.4156666938811164,-1.5621700357729233
2009-01-23,41.67,42.15,1.82,47.27,102.1096,320698,4.8,37.0,-0.016895107405790963,0.13764082461628857,-0.1214798975377096,6218.0,42.38,35.38,60.61,36.73,32.98,65.21,3.4023766203433974,6.732193122780795,3.303033958851289,9.102699358215927,0.4631414470764306,0.6393812112764377,-0.4799999999999969,-0.0643992733803602,2.001906122794494,-2.231735288390085
2009-01-30,44.2,42.7,1.93,44.84,102.1169,327868,4.74,44.0,0.05894334364929047,0.012964235786714474,-0.012578782206860073,7170.0,41.67,37.04,59.43,42.15,42.4,64.31,1.6424879502327039,4.902907223517172,3.3354959651189553,7.174986643425724,0.542217668469087,0.6788509677120801,1.5,1.105500204743604,0.3374131156895451,-0.11570696916741334
2009-02-06,43.64,40.78,2.06,43.37,101.7455,332487,4.81,51.0,-0.012750628118782439,-0.04600715508826978,0.014659948410684617,4619.0,44.2,45.25,53.27,42.7,44.46,58.6,1.1546824960393087,3.8275290708068175,2.696998331477318,5.7133644495461375,0.3198306843733457,0.6749792364932133,2.8599999999999994,-0.008983917023812096,-0.4276323986945786,0.39576643957078067
2009-02-13,45.59,36.94,1.92,42.93,102.2958,332349,4.72,58.0,0.04371423326048004,-0.09889679037521533,-0.018888284520205745,-138.0,43.64,42.38,47.79,40.78,36.73,52.26,1.625228189104444,3.607489263722247,2.5970030804739994,5.174857632356268,0.0442530601584962,0.64142537769526,8.650000000000006,0.8610458199827061,-1.1149732779768051,-0.23198611293697802
2009-02-20,40.91,37.15,1.82,49.3,104.0244,333066,4.34,65.0,-0.10831386228404298,0.005668796392674363,-0.08393445148515052,717.0,45.59,41.67,48.53,36.94,42.15,53.27,1.9627276937958111,3.083817979927762,2.823017003135364,3.8706901741481348,0.21187653637608478,0.6150092386593518,3.759999999999998,-1.4796911922249663,0.2577415812855786,-1.4916543021741049
2009-02-27,42.68,41.1,2.02,46.35,104.9284,332309,4.15,72.0,0.04235589449224549,0.10104435033842085,-0.044766013869706425,-757.0,40.91,44.2,43.7,37.15,42.7,45.6,1.9510766258640277,3.042674760299249,2.2542016325056955,3.536654385493267,0.3122498999200186,0.5836010208311355,1.5799999999999983,0.8326457280388475,1.4802728122098092,-0.7051611585160567
2009-03-06,43.86,43.18,1.92,49.33,105.3937,332824,4.23,79.0,0.02727231655618962,0.04936930358447223,0.019093658815579603,515.0,42.68,43.64,41.01,41.1,40.78,44.57,1.9704314248389787,3.087300846231857,3.06291119688302,3.398371602026339,0.25232254490380046,0.6044055431629104,0.6799999999999997,0.5946690364979668,0.7932650962002586,0.5333691156758718
2009-03-13,43.98,45.66,1.91,42.36,104.1106,334766,3.89,86.0,0.00273224213687285,0.055845216014988014,-0.08379283542783181,1942.0,43.86,45.59,41.71,43.18,36.94,39.7,1.424695873976698,3.135359918442262,3.6015494350799644,3.762923086048882,0.19155068954909424,0.6331947615549252,-1.6799999999999997,0.22852369087729243,0.8743589464113923,-1.4293173988625105
2009-03-20,46.43,49.49,1.76,45.89,101.0581,338068,3.8,5.0,0.054210816905215335,0.08054798786214543,-0.02340809089801496,3302.0,43.98,40.91,35.38,45.66,37.15,32.98,1.574978835834443,2.5047063276702444,3.607255420213312,3.7740417206352297,0.20516253719121194,0.6699773854166198,-3.0600000000000023,1.0064880931078488,1.1717031551029828,-0.24529783749085107
2009-03-27,51.46,52.99,1.88,41.04,101.8388,340912,4.06,12.0,0.10285900482176788,0.06833258754087602,0.06618190688130118,2844.0,46.43,42.68,37.04,49.49,41.1,42.4,3.554728072111854,2.7603297727876983,4.309392841997409,4.955947987474226,0.19017535767479365,0.6223708336236909,-1.5300000000000011,1.6801366796027108,0.986879080138979,1.4898654660392538
2009-04-03,48.49,50.34,1.95,39.7,100.6429,342328,3.62,19.0,-0.0594472157363372,-0.05130322679750082,-0.11470894777596144,1416.0,51.46,43.86,45.25,52.99,43.18,44.46,3.1709409749568382,3.005289654772677,3.0317101884346753,5.407528632295465,0.18337120820911584,0.5241067436962367,-1.8500000000000014,-0.7397977894681448,-0.5313208395034491,-1.9417771818026954
2009-04-10,51.48,50.46,2.0,36.53,100.7597,347999,3.61,26.0,0.05983579161066483,0.0023809535057418754,-0.002766253492890185,5671.0,48.49,43.98,42.38,50.34,45.66,36.73,2.4632025224614544,3.4995855815249177,1.5097240365903566,5.350775361543526,0.2106141812257786,0.4538613791843779,1.019999999999996,1.0116351688174121,0.14563547000833943,0.18477925508388013
2009-04-17,51.59,49.86,1.99,33.94,100.5719,351856,3.53,33.0,0.002134472528632841,-0.011961865117499937,-0.022409901399584164,3857.0,51.48,46.43,41.67,50.46,49.49,42.15,1.5110812905534423,3.7123702915807226,1.4090510991415541,5.514891342098751,0.24006943440056244,0.4571353489643102,1.730000000000004,0.1672900144771404,-0.030371028287657705,-0.18102511289512171
2009-04-24,48.97,47.8,2.04,36.82,100.0244,355909,3.45,40.0,-0.05211998954233257,-0.04219343859800163,-0.02292363990193685,4053.0,51.59,51.46,44.2,49.86,52.99,42.7,1.6318981790113511,3.734933369247741,1.2374570699591767,5.513489999056967,0.07932002689574194,0.4510014110036323,1.1700000000000017,-0.6283182588392425,-0.4105485142653866,-0.1896615131260908
2009-05-01,49.92,50.2,2.29,35.3,100.0057,356863,3.29,47.0,0.0192138583469463,0.04898938720027334,-0.047486666265987895,954.0,48.97,48.49,43.64,47.8,50.34,40.78,1.2682533921344818,3.723962536021281,1.2118305712125275,5.453886784726121,0.13662601021307116,0.42061553019642434,-0.28000000000000114,0.43782809315951227,0.7499724247932794,-0.639056096716404
2009-05-08,54.83,55.96,2.29,32.05,98.1269,352234,3.78,54.0,0.09381576535478488,0.1086221230995969,0.1388364448542157,-4629.0,49.92,51.48,45.59,50.2,50.46,36.94,2.5739253420914827,4.292260123721552,3.5010998271960205,5.258033608132083,0.20434855843242042,0.32990701169213044,-1.1300000000000026,1.5052361285446034,1.4794939159835323,2.831458504719315
2009-05-15,56.39,57.94,2.26,33.12,98.1063,350129,4.24,61.0,0.028054348403133623,0.03477084254392383,0.11483925961237022,-2105.0,54.83,51.59,40.91,55.96,49.86,37.15,3.636631912451541,4.331966451085082,4.762446850096292,4.818998072654352,0.41960298696117443,0.3163559081257308,-1.5499999999999972,0.540851040075367,0.5462689839583257,2.270831384545065
2009-05-22,57.89,60.32,2.53,32.63,95.8788,344716,3.79,68.0,0.026252820271822505,0.04025573135849637,-0.11219725014953141,-5413.0,56.39,48.97,42.68,57.94,47.8,41.1,3.4585293117154072,4.4819181330663165,4.321400236033714,4.936315028501513,0.38802920852268125,0.2970600898298057,-2.4299999999999997,0.5149963244815207,0.6111452855872492,-1.7117326193760931
2009-05-29,62.2,64.32,2.55,28.92,95.268,347582,3.58,1.0,0.07181034165422057,0.06420690117101027,-0.057003218681726045,2866.0,57.89,49.92,43.86,60.32,50.2,43.18,3.1714389478587153,5.115968686969683,3.5961599890242746,5.5540018332406085,0.27897132469139346,0.2637836579127175,-2.1199999999999903,1.172327292353591,0.9079221037344528,-0.7210674394805954
2009-06-05,67.17,68.11,2.52,29.62,96.0412,343186,3.76,8.0,0.0768717195336393,0.057253420382516115,0.04905615698919421,-4396.0,62.2,54.83,43.98,64.32,55.96,45.66,4.844325718473354,6.107583711081882,4.480010230642253,6.565904297385683,0.28075790282745555,0.258789431192553,-0.9399999999999977,1.206083354760616,0.7987990455246781,1.1028533899887625
2009-06-12,69.88,70.85,2.51,28.15,95.836,339312,3.53,15.0,0.03955276598708252,0.03944092088346245,-0.06312108645659777,-3874.0,67.17,56.39,46.43,68.11,57.94,49.49,5.318850126358415,7.1603992503376945,4.583281211824058,7.774850432158014,0.12922847983348443,0.2618928765504596,-0.9699999999999989,0.654526489663984,0.5662769739487984,-0.8338419309169948
2009-06-19,69.68,70.62,2.54,27.99,96.0325,335444,4.04,22.0,-0.002866152721608283,-0.003251575636448926,0.1349468210278533,-3868.0,69.88,57.89,51.46,70.85,60.32,52.99,3.5744218646745387,8.023288215430952,3.035286916694961,8.648200548511584,0.2305609102458737,0.2593523401930892,-0.9399999999999977,0.04319968277202685,0.03488822279212853,2.482678175022767
2009-06-26,67.58,68.58,2.42,25.93,96.1935,331784,3.87,29.0,-0.03060125125810358,-0.029312443465466097,-0.0429901849313683,-3660.0,69.68,62.2,48.49,70.62,64.32,50.34,1.400960979707721,7.994124546985861,1.3963046467944151,8.76910848583634,0.21369760566449555,0.2636615714176408,-1.0,-0.3374974592100594,-0.27263455344402215,-0.46941895277691015
2009-07-03,68.03,69.32,2.53,27.95,96.3216,329083,3.68,36.0,0.006636703070825455,0.010732517812630958,-0.05034175486085082,-2701.0,67.58,67.17,51.48,68.58,68.11,50.46,1.1578536176896388,8.01300131982455,1.0780344768727832,8.674586008810195,0.22226110770909024,0.26211840951382265,-1.289999999999992,0.2074649494915713,0.23356789267368214,-0.5727496268516621
2009-07-10,60.39,61.48,2.41,29.02,97.0819,326270,3.27,43.0,-0.11912525603715966,-0.12002154617701012,-0.11812276727167753,-2813.0,68.03,69.88,51.59,69.32,70.85,49.86,4.1201213574355675,7.526942062894914,4.100959237380879,7.914145563483346,0.3311092468255846,0.28797095813166335,-1.0899999999999963,-1.551919719674442,-1.3534421275084734,-1.6384246319033
2009-07-17,61.11,61.29,2.65,24.34,95.6036,324474,3.29,50.0,0.011851990587014328,-0.003095221172754713,0.006097579868118538,-1796.0,60.39,69.68,48.97,61.48,70.62,47.8,4.087928366951866,6.497071309910003,4.37877741688926,6.531721836661312,0.29624033036271125,0.3033849439942921,-0.17999999999999972,0.3054651001190893,0.08586856751652927,0.41046531649887724
2009-07-24,66.56,65.28,2.65,23.09,94.7046,329626,3.5,57.0,0.08542827760612913,0.06306901315821117,0.06187540371808745,5152.0,61.11,67.58,49.92,61.29,68.58,50.2,3.8373895206676263,5.335616959015012,3.7932428958161046,5.082861503189819,0.1936491673105674,0.2845237914108122,1.2800000000000011,1.3419022340536884,0.9033535496234408,1.311740308745745
2009-07-31,68.6,67.03,2.39,25.92,94.2526,331296,3.41,64.0,0.030188738218886256,0.026454569714014792,-0.02605067719994255,1670.0,66.56,68.03,54.83,65.28,69.32,55.96,4.040994102115185,4.756454625669841,2.846178724768703,4.341327474681816,0.10781929326459605,0.2942581838927753,1.5699999999999932,0.5574802499647801,0.44856921118579834,-0.11404811936910579
2009-08-07,73.99,71.58,2.57,24.76,94.4692,333992,3.58,71.0,0.07563741420561998,0.0656754249680134,0.04865050911718347,2696.0,68.6,60.39,56.39,67.03,61.48,57.94,5.323811291421168,4.700056092508137,4.264258434944207,3.9724288425463077,0.1244989959801924,0.23170644960353293,2.4099999999999966,1.1800411578544594,0.9242051284693344,1.0878990787889735
2009-08-14,72.9,69.64,2.48,24.27,94.475,325595,3.39,78.0,-0.014841309922846956,-0.027476590437891437,-0.05453287902025007,-8397.0,73.99,61.11,57.89,71.58,61.29,60.32,3.5153508596815795,4.2996500033736345,2.7844852905566415,3.526512140740583,0.08755950357752329,0.23196786611314668,3.260000000000005,-0.08158969331862265,-0.21825031183703592,-0.569154471349407
2009-08-21,71.52,70.8,2.43,25.01,94.0103,325723,3.01,85.0,-0.01911150814935388,0.01651988579968571,-0.11888984263157469,128.0,72.9,66.56,62.2,69.64,65.28,64.32,2.33205738923043,4.124820932751937,1.9884059779950483,3.517870826440046,0.2406068716116476,0.2834888165182271,0.7199999999999989,-0.14152443786829402,0.31858006718933757,-1.5599132735998116
2009-08-28,72.33,72.37,2.45,24.76,94.4489,325351,2.72,92.0,0.011261849995930676,0.021932848178362455,-0.10130819845287825,-372.0,71.52,68.6,67.17,70.8,67.03,68.11,1.0380269746002337,4.282991997954389,1.1640267751759852,3.7502759494432545,0.3849242349693585,0.35571843649240636,-0.04000000000000625,0.2977770097081541,0.3918843258370478,-1.2338116703862783
2009-09-04,67.6,68.39,2.51,25.26,94.5811,319545,2.18,99.0,-0.06763099781227097,-0.05656523376803172,-0.22130700350690827,-5806.0,72.33,73.99,69.88,72.37,71.58,70.85,2.392953196365844,4.269055942050829,1.6949532933564404,3.6606006296371354,0.5100653552896435,0.5064822232065394,-0.7900000000000063,-0.8015954623598037,-0.5634643507461176,-2.8889384267087457
2009-09-11,69.17,70.91,2.44,24.15,93.3225,314816,2.69,2.0,0.02295925956357513,0.03618485220590052,0.21021631681274994,-4729.0,67.6,72.9,69.68,68.39,69.64,70.62,2.167340920728448,4.257215265661071,1.6484209616053427,3.680146880303676,0.3449637662133309,0.48344329992504903,-1.7399999999999949,0.4731998782028945,0.5722811583909747,3.210978084788137
2009-09-18,68.85,71.32,2.46,23.92,93.1233,317671,3.21,9.0,-0.004637017437829569,0.005765325679034265,0.17672974352817672,2855.0,69.17,71.52,67.58,70.91,70.8,68.58,2.01243426393608,4.253066184494761,1.6876487588732925,3.798716190632369,0.4207136793593537,0.4376270378329258,-2.469999999999999,0.09533596299380642,0.20614974880147155,2.577412792008191
2009-09-25,66.96,68.33,2.36,25.61,93.5535,320467,3.46,16.0,-0.027834798993443988,-0.042827884202252656,0.0749976519277083,2796.0,68.85,72.33,68.03,71.32,72.37,69.32,1.0406568438557409,4.273173896708511,1.5995702547850394,3.784900222855618,0.5690049794744765,0.41807187289877296,-1.3700000000000045,-0.23194980561457898,-0.38649548154344443,1.2198211400086933
2009-10-02,65.9,68.84,2.36,28.68,93.6756,319333,3.06,23.0,-0.015956984672758207,0.007436062550651839,-0.12285367310534342,-1134.0,66.96,67.6,60.39,68.33,68.39,61.48,1.556641684309655,3.5824457322112133,1.4849242404894236,3.137640978361558,0.32212833881350267,0.41664242353714537,-2.9399999999999977,-0.06452229512699116,0.22334850131788053,-1.298536100213246
2009-10-09,67.87,70.8,2.42,23.12,92.2984,319667,3.6,30.0,0.029455669207205357,0.02807402935633523,0.16251892949777494,334.0,65.9,69.17,61.11,68.84,70.91,61.29,1.2605422113771898,2.6835812514863995,1.4595518718633318,2.0904680859043356,0.2429506122652856,0.43692017855008625,-2.9299999999999926,0.5571061732888971,0.4588121292743153,2.2131311770653603
2009-10-16,72.29,75.73,2.46,21.43,91.6541,320979,3.93,37.0,0.06309169629653885,0.06731538242605736,0.08770558041910566,1312.0,67.87,68.85,66.56,70.8,71.32,65.28,2.807875828213176,2.65078661852774,3.375643148595531,2.2908546770840412,0.36031236448403337,0.4833281086446942,-3.4399999999999977,1.0065597599850917,0.9208789201070473,1.2436561525610057
2009-10-23,77.24,80.06,2.47,22.27,91.7331,321757,4.7,44.0,0.06623165054810784,0.055601970438696274,0.17892308283484296,778.0,72.29,66.96,68.6,75.73,68.33,67.03,5.042687775383026,3.363425832886676,5.0497813484011775,3.3506728180077467,0.6861668893207186,0.6516616290590349,-2.8200000000000074,1.017911039620611,0.755347804880139,2.2281042247944995
2009-10-30,76.07,78.47,2.51,30.69,92.6207,317821,4.37,51.0,-0.015263488551103923,-0.020059967425045767,-0.07279949960851417,-3936.0,77.24,65.9,73.99,80.06,68.84,71.58,4.230180256206313,3.6018719880331576,4.05859170977579,3.899083419876284,0.4836665518034097,0.7195326766223122,-2.4000000000000057,-0.1318141648821089,-0.17202603354227308,-0.7438518293370808
2009-11-06,76.6,79.0,2.68,24.19,92.3848,319609,4.28,58.0,0.006943107737335936,0.006731466327639763,-0.020809999513793292,1788.0,76.07,67.87,72.9,78.47,70.8,69.64,2.2253539044381268,3.9468337904823283,1.8457609090366336,4.2722292101717825,0.31654383582699097,0.7671962926886101,-2.4000000000000057,0.18157619508531683,0.15630831312916535,-0.13084589060678817
2009-11-13,76.25,78.24,2.61,23.36,91.5754,318722,3.38,65.0,-0.004579661259024494,-0.009666826740459695,-0.23607730009877811,-887.0,76.6,72.29,71.52,79.0,75.73,70.8,0.5159457335787915,4.226161217506948,0.810118304114393,4.472048205410774,0.5646459067416205,0.7559521389371369,-1.9899999999999949,0.02219938003930921,-0.04160646804140232,-2.4905556903527915
2009-11-20,77.04,78.37,2.61,22.19,91.9906,319741,3.3,72.0,0.010307352002349142,0.0016601753382114275,-0.023953241022492872,1019.0,76.25,77.24,72.33,78.24,80.06,72.37,0.42762912279780724,4.525702356339626,0.3335665850487878,4.660973041862854,0.5708108268069826,0.7217571151941137,-1.3299999999999983,0.2129439532943081,0.08358057097055356,-0.12205191308419411
2009-11-27,76.52,76.14,2.53,24.85,91.5272,321832,3.52,79.0,-0.006772622917818084,-0.028867450110421935,0.06453852113757116,2091.0,77.04,76.07,67.6,78.37,78.47,68.39,0.3278592177518181,4.502048691900025,1.2434461521624842,4.332535386905736,0.4492957452132617,0.5879780453538866,0.37999999999999545,-0.04223440722465667,-0.29647864734598794,0.8622086460436884
2009-12-04,77.78,76.81,2.64,21.25,91.3806,318037,4.5,86.0,0.016332184155549274,0.00876108905623938,0.24561640716626829,-3795.0,76.52,76.6,69.17,76.14,79.0,70.91,0.673516889170722,4.597173950736445,1.0926725645533542,4.197981026275875,0.5574644981222924,0.5576975122335673,0.9699999999999989,0.2670193253106787,0.15428848279262836,2.683595524014845
2009-12-11,73.14,71.51,2.72,21.59,92.2946,314348,5.08,93.0,-0.06150891600636607,-0.07149753995028596,0.1212338648141164,-3689.0,77.78,76.25,68.85,76.81,78.24,71.32,2.0528354374697053,4.3831077254990864,2.950168074307072,4.182445638039312,0.8360223282505083,0.6403526490548075,1.6299999999999955,-0.8299340938785871,-0.8115021222722432,1.3290077897110009
2009-12-18,71.8,71.72,2.73,21.68,93.1632,309507,5.61,100.0,-0.01849093666705675,0.0029323486766274277,0.09923945794421446,-4841.0,73.14,77.04,66.96,71.51,78.37,68.33,2.8044013027141075,3.9098380188097086,2.820525955679275,3.7711065613387573,0.8949627552772197,0.7815888053228849,0.0799999999999983,-0.2174004205510932,0.09863156531413028,1.0669472347498845
2009-12-25,73.35,74.76,2.82,19.47,92.8694,307969,5.66,3.0,0.021358028534812123,0.041513333850429934,0.008873172680486508,-1538.0,71.8,76.52,65.9,71.72,76.14,68.84,2.600594483318088,2.9805677464043163,2.550307171040471,3.162436129430882,0.5426708640296788,0.8230776501532594,-1.4100000000000108,0.35146797317542655,0.5716192990854368,0.11940917753228038
2010-01-01,77.19,79.07,2.71,21.68,92.9124,306626,5.88,10.0,0.05102741037277176,0.056050553495473485,0.038132869695444035,-1343.0,73.35,77.78,67.87,74.76,76.81,70.8,2.3173691980342244,2.147584090143893,3.530821434169932,2.8160912089227788,0.33925162736044917,0.8994859643151707,-1.8799999999999955,0.789140960319266,0.7371396638438531,0.4162660764323604
2010-01-08,79.82,82.34,2.87,18.13,92.1485,310325,6.56,17.0,0.03350418465882531,0.040523480258923134,0.10943384104546204,3699.0,77.19,73.14,72.29,79.07,71.51,75.73,3.6434690429129106,2.2418066307542706,4.679511192421075,3.2338356763788423,0.43767377501213645,1.0509764579435197,-2.5200000000000102,0.486452209846758,0.5072521911699344,1.127296435015057
2010-01-15,78.31,80.06,2.81,17.91,91.7668,309854,5.68,24.0,-0.019098790857741375,-0.028080662777331056,-0.1440393702229377,-471.0,79.82,71.8,77.24,82.34,71.72,80.06,2.763745948285588,2.312870936670231,3.1753464377913634,3.2338356763788423,0.4218609565564316,1.0853808157285194,-1.75,-0.377316906199603,-0.4237340605804294,-1.4350876284766556
2010-01-22,74.28,76.62,2.78,27.31,92.943,305966,5.56,31.0,-0.052833572278341234,-0.04391821429192458,-0.021353124470568946,-3888.0,78.31,73.35,76.07,80.06,74.76,78.47,2.3425769286546445,2.375776746984444,2.3704060833524614,3.2122021144761206,0.4466169126518922,1.0950145287537554,-2.3400000000000034,-0.9130280495213056,-0.6296648945423653,-0.18473351071812938
2010-01-29,71.88,73.94,2.81,24.62,93.7638,308283,5.47,38.0,-0.03284367456914681,-0.03560418576401719,-0.016319491828601183,2317.0,74.28,77.19,76.6,76.62,79.07,79.0,3.6441860087905513,2.644174844078466,3.7075059001968222,3.265109864039018,0.5024191477243306,1.085879060178123,-2.0600000000000023,-0.6243809237363105,-0.5359655966422117,-0.13306442798541082
2010-02-05,72.54,74.57,2.82,26.11,94.6218,310577,5.47,45.0,0.0091400719393982,0.008484328047217446,0.0,2294.0,71.88,79.82,76.25,73.94,82.34,78.24,2.888221771263047,2.7765461158298907,2.7569593758331083,3.2726371304929742,0.09949874371089772,0.9597959852663077,-2.029999999999987,0.04304644388026321,0.03960705280589533,0.03186329760048727
2010-02-12,70.85,73.88,2.85,22.73,93.9976,313662,5.55,52.0,-0.023573167718067032,-0.009296126224664178,0.014519311324453369,3085.0,72.54,78.31,77.04,74.57,80.06,78.37,1.4406335411885807,2.9914235994776437,1.2835205491124628,3.274351659165723,0.049244289009461664,0.7546923916806064,-3.030000000000001,-0.5051235400812668,-0.2019419343944386,0.1749884927051584
2010-02-19,75.8,78.25,2.83,20.02,93.9569,316696,5.41,59.0,0.06753332651163658,0.05746667408922351,-0.025548834899952952,3034.0,70.85,74.28,76.52,73.88,76.62,76.14,2.137933191970916,2.9605952513676814,2.0835066594551575,3.341352815307919,0.05744562646579772,0.4781680635191811,-2.450000000000003,1.025853926543426,0.7084729548068458,-0.23053215443936176
2010-02-26,76.23,79.22,2.8,19.5,93.6602,320730,4.87,66.0,0.005656793351856608,0.012319962773508056,-0.10515515576389178,4034.0,75.8,71.88,77.78,78.25,73.94,76.81,2.593768172626683,2.8469839171022766,2.6488110540380396,3.4565453939748227,0.30870698080874426,0.4127586425136165,-2.989999999999995,-0.07396552231854017,0.046304323604780796,-1.0433103374514683
2010-03-05,77.86,80.19,2.78,17.42,93.2623,322200,4.74,73.0,0.02115725618212726,0.01217002662516673,-0.027056801387513305,1470.0,76.23,72.54,73.14,79.22,74.57,71.51,3.023138545727726,2.951206609938064,2.784989527208478,3.259146104938497,0.3974397228931537,0.4583534430849903,-2.3299999999999983,0.1988599311788125,0.015078249511496977,-0.24442872121485357
2010-03-12,79.36,81.76,2.74,17.58,92.6616,323212,4.45,80.0,0.01908212079430758,0.019389307636457145,-0.06313303952883631,1012.0,77.86,70.85,71.8,80.19,73.88,71.72,1.6280330668217764,3.013998024369934,1.4967186330974442,3.0478601534771728,0.40202611855457593,0.5541715082950837,-2.4000000000000057,0.12041497286791047,0.08014559614393081,-0.609104570724614
2010-03-19,79.05,81.44,2.68,16.97,93.0407,330457,4.23,2.0,-0.003913899321136329,-0.003921573653181802,-0.050702103119962205,7245.0,79.36,75.8,73.35,81.76,78.25,74.76,1.4191664219998756,3.071896438239671,1.170850830234649,3.0345480418316284,0.28802488318441477,0.6486506974271402,-2.3900000000000006,-0.3075729712349604,-0.2632877297490139,-0.4680555494524906
2010-03-26,78.38,80.65,2.82,17.77,93.6873,333386,4.01,9.0,-0.008511770883995686,-0.009747748230994694,-0.05341075173970898,2929.0,79.05,76.23,77.19,81.44,79.22,79.07,0.6734178989790591,3.129046713190808,0.7186561532897353,3.0977508947723593,0.31191612120365414,0.7229149746727134,-2.2700000000000102,-0.3748951434973939,-0.3549532601598311,-0.48018202627060835
2010-04-02,80.59,83.01,2.85,17.47,92.9057,335532,3.82,16.0,0.027805779564934626,0.028842277895726354,-0.04854081869999394,2146.0,78.38,77.86,79.82,80.65,80.19,82.34,0.9252927464675604,3.2167698601749897,0.9813086500491386,3.1767768828859717,0.27256497696280885,0.673873920408003,-2.4200000000000017,0.3909666872917174,0.3335943784090346,-0.4374978954809098
2010-04-09,83.88,85.66,2.82,16.14,92.4772,333330,4.0,23.0,0.040012633697299224,0.03142488972028069,0.0460439385014068,-2202.0,80.59,79.36,78.31,83.01,81.76,80.06,2.451319372637041,3.87405003018296,2.2096304366706514,3.7628047042633717,0.16782927833586844,0.6802650998402006,-1.7800000000000011,0.6417408002637736,0.44835174373548686,0.5027902823488538
2010-04-16,85.23,84.34,2.81,18.36,92.5253,335224,4.06,30.0,0.015966278500487107,-0.015529723868810989,0.014888612493750559,1894.0,83.88,79.05,74.28,85.66,81.44,76.62,3.11224463477181,4.486910508254875,2.137358182428656,3.9554246410355702,0.1050000000003443,0.6652317891782731,0.8900000000000006,0.12420335014776225,-0.5837775452935104,0.17818790401923168
2010-04-23,84.61,82.9,2.74,16.62,92.6622,337187,3.99,37.0,-0.007301021597796825,-0.017221186177164498,-0.017391742711868996,1963.0,85.23,78.38,71.88,84.34,80.65,73.94,2.0666780913661498,4.5067481389440935,1.2986242720643992,3.589250259350084,0.10307764064079265,0.6408517060060798,1.7099999999999937,-0.39939553062943217,-0.6376388068493499,-0.14818720035363686
2010-04-30,85.98,84.22,2.72,22.05,92.8423,339942,4.16,44.0,0.016062248131725913,0.01579736059253237,0.04172384337139977,2755.0,84.61,80.59,72.54,82.9,83.01,74.57,0.8939239341240203,4.5071999639630995,1.12782977438744,3.2027298961793407,0.0780491298269093,0.5784219650886059,1.7600000000000051,0.1349655287480953,0.06407480574905353,0.4485779666947813
2010-05-07,82.5,80.24,2.62,40.95,95.2952,341861,3.94,51.0,-0.04131641772750017,-0.048410279080101724,-0.0543343509633295,1919.0,85.98,83.88,70.85,84.22,85.66,73.88,1.4955266630855155,3.553659978447831,1.9051771571155098,2.2485038796879544,0.09535023160295933,0.47528619767143004,2.260000000000005,-1.240944504679671,-1.4074768018393304,-0.54347327021059
2010-05-14,78.32,74.98,2.65,31.24,95.3746,342023,4.19,58.0,-0.05199529511838044,-0.06780073234591404,0.06152001062420394,162.0,82.5,85.23,75.8,80.24,84.34,78.25,3.343544775633493,3.297234263420848,4.086869217383217,2.8410128102282277,0.12355835328595745,0.32433148026503045,3.339999999999989,-1.43964092428844,-1.8106854649363255,0.6306293733390405
2010-05-21,72.17,69.14,2.44,40.1,96.2911,344483,4.26,65.0,-0.08177855113807297,-0.08108797681428749,0.016568426347232487,2460.0,78.32,84.61,76.23,74.98,82.9,79.22,5.940720354749249,3.97062957758865,6.542219297251318,4.561834675441754,0.13817259738000254,0.24988936946115586,3.030000000000001,-2.0260370901846567,-2.017359355895392,0.169121144062111
2010-05-28,70.79,70.62,2.55,32.07,96.3062,342581,4.18,72.0,-0.019306699298083936,0.021179956006761973,-0.01895791374461416,-1902.0,72.17,85.98,77.86,69.14,84.22,80.19,5.459954212262028,4.85094336342417,4.989385399692084,5.417440410937885,0.1396125591296721,0.1700868761972625,0.1700000000000017,-0.6050814214188227,0.3277791035003398,-0.20775666822123892
2010-06-04,72.71,72.91,2.48,35.48,97.1688,340906,4.44,79.0,0.026761178875867354,0.03191241331809853,0.060343129907468644,-1675.0,70.79,82.5,79.36,70.62,80.24,81.76,3.3150904965019206,5.298804539276002,2.5665719679487635,5.736207899005086,0.12038133853190947,0.16827106559105456,-0.20000000000000284,0.44577029664141,0.6048512302689015,0.5967683660622708
2010-06-11,72.76,73.44,2.49,28.79,96.5616,342596,4.73,86.0,0.0006874269879560895,0.0072429424938961475,0.06327082605970831,1690.0,72.71,78.32,79.05,72.91,74.98,81.44,0.9180550092434919,5.648804110498541,2.0077080631058726,5.911351880966686,0.24390913608705178,0.24568395564343073,-0.6799999999999926,-0.11364616923648889,0.049292126280678056,0.6276298147478327
2010-06-18,76.22,76.7,2.5,23.95,95.2981,344613,5.1,93.0,0.04645754179579251,0.04343296206097561,0.07531533722643828,2017.0,72.76,72.17,78.38,73.44,69.14,80.65,2.261017470077859,5.704266877176937,2.507247827132467,5.891246202475682,0.3950843791732697,0.3632544395857872,-0.480000000000004,0.9395346818040488,0.8859138954634921,0.7263751195834904
2010-06-25,76.64,77.06,2.47,28.53,95.4582,342606,4.93,100.0,0.005495238216890862,0.004682630824801054,-0.03390155167568134,-2007.0,76.22,70.79,80.59,76.7,70.62,83.01,2.1402861958153165,5.70639108740555,2.15501546784718,5.694893180151467,0.28366647081867885,0.3873413653785625,-0.4200000000000017,-0.01989944542415757,-0.04913540148427649,-0.40332707898712306
2010-07-02,73.86,74.96,2.37,30.12,95.6345,337562,4.66,107.0,-0.036947724238188005,-0.027629701267844888,-0.0563235399170441,-5044.0,76.64,72.71,83.88,77.06,72.91,85.66,1.8643676318431175,5.5766810891151115,1.673559081715958,5.143541625626048,0.19941581348208937,0.3827967258654764,-1.0999999999999943,-1.024699176496537,-0.8189866950779497,-0.6288959406174818
2010-07-09,73.95,74.39,2.44,24.98,94.683,332504,4.65,114.0,0.0012177797323918152,-0.0076331137269167095,-0.002148228538289495,-5058.0,73.86,72.76,85.23,74.96,73.44,84.34,1.4683181989374956,5.114193188538533,1.3024688096050396,4.588258400691657,0.21916508237716706,0.37483228572821403,-0.4399999999999977,-0.13000603281110146,-0.3555607921480309,-0.07135271943221475
2010-07-16,75.7,76.35,2.35,26.25,94.5061,332864,4.48,121.0,0.023388971286594354,0.026006507461391364,-0.037244173172371095,360.0,73.95,76.22,84.61,74.39,76.7,82.9,1.3633384270475024,4.468925706441516,1.2295527642171198,4.045538788704358,0.18601075237754328,0.34754550606772855,-0.6499999999999915,0.40944987485861467,0.472705238810883,-0.4370561332463605
2010-07-23,76.64,77.56,2.42,23.47,94.1431,340172,4.64,128.0,0.012340973219202068,0.01572379870980973,0.03509131981126998,7308.0,75.7,76.64,85.98,76.35,77.06,84.22,1.3633384270475024,3.1994483426000815,1.4251198779964576,3.0665382466527746,0.08539125638335425,0.33518877539605885,-0.9200000000000017,0.17811759836671545,0.2715588970932666,0.3352041350256525
2010-07-30,77.24,78.12,2.39,23.5,93.2793,337388,4.75,135.0,0.007798323897708526,0.007194275634027231,0.023430251808386003,-2784.0,76.64,73.86,82.5,77.56,74.96,80.24,1.4357895621101755,2.355735746871357,1.6511107372495324,2.775861728064964,0.11165422816323306,0.2865296536560158,-0.8800000000000097,0.07128916605271889,0.06342916627644478,0.23022576133425632
2010-08-06,82.69,81.79,2.36,21.74,92.5915,334390,4.8,142.0,0.06818121817376162,0.045908880738404496,0.010471299867295437,-2998.0,77.24,73.95,78.32,78.12,74.39,74.98,3.146165655735833,3.158706462327295,2.3428259289429674,3.4546078144295342,0.14174507634033198,0.26342154257179246,0.8999999999999915,1.5610818047902073,1.0605965697130981,0.07242528881511785
2010-08-13,78.21,78.17,2.14,26.24,94.0457,333572,4.42,149.0,-0.05570115912055529,-0.045269044514643766,-0.08247622182423843,-818.0,82.69,75.7,72.17,81.79,76.35,69.14,2.7407602351656335,3.127991295616298,1.939810987354392,2.948289051863087,0.1687947471538346,0.24620144498996138,0.03999999999999204,-1.4880744323651653,-1.2569702537565202,-0.9215562223227992
2010-08-20,74.94,74.84,2.13,25.49,94.2087,337680,4.3,156.0,-0.042709723247978726,-0.04353344082635019,-0.027524673390090033,4108.0,78.21,76.64,70.79,78.17,77.56,70.62,3.250117946577491,2.7526295967613477,2.8390961002862904,2.458462657102205,0.24540782383628704,0.22714966365144165,0.09999999999999432,-1.1346556336851963,-1.1761946549940612,-0.31879789692976046
2010-08-27,72.82,72.91,2.1,24.45,94.3462,341105,3.96,163.0,-0.028697150618253932,-0.02612669758755002,-0.08237099743312755,3425.0,74.94,77.24,72.71,74.84,78.12,72.91,4.299120065005338,2.7409690555774624,3.902378548184106,2.458462657102205,0.3466025581749213,0.2997524230953084,-0.09000000000000341,-0.7515700394547893,-0.6971963444980116,-0.902710806791772
2010-09-03,75.41,74.02,2.2,21.31,93.6952,339337,3.76,170.0,0.034949249467268385,0.015109523139671076,-0.05182506786458602,-1768.0,72.82,82.69,72.76,72.91,81.79,73.44,2.2175136226558774,2.559351243552881,2.2658405357234286,2.400918227123891,0.3039736830715318,0.3854424848027305,1.3900000000000006,0.8576323977606681,0.3763154311058788,-0.5513507192519381
2010-09-10,77.17,74.82,2.23,21.99,93.6768,336848,3.8,177.0,0.023070888254956113,0.010749901961990226,0.010582109330537008,-2489.0,75.41,78.21,76.22,74.02,78.17,76.7,1.7892363361681267,2.574896732262303,0.9091158708661572,2.440981391063347,0.24569628948509203,0.3955309052017196,2.3500000000000085,0.535246317779715,0.246566200523172,0.11845158808291605
2010-09-17,78.44,75.62,2.27,22.01,92.9418,337818,4.01,184.0,0.01632322085863386,0.010635569542786823,0.05379017458613779,970.0,77.17,74.94,76.64,74.82,74.84,77.06,2.434241839532627,2.6495973107413597,1.1570184383408675,2.4328787973153627,0.12120918557082927,0.37842076149078807,2.819999999999993,0.35870662310967855,0.2435998006649988,0.571070839491745
2010-09-24,78.38,73.76,2.17,21.71,91.5996,337343,4.01,191.0,-0.000765208556660179,-0.024904219214448367,0.0,-475.0,78.44,72.82,73.86,75.62,72.91,74.96,1.4195069566571783,2.5723510941378454,0.8411698203458907,2.508782603478738,0.13379088160288347,0.37692134056019233,4.61999999999999,-0.13622540178767178,-0.7975639154790243,-0.03577143449659125
2010-10-01,79.82,78.41,2.12,22.5,90.836,340186,3.79,198.0,0.01820530684910232,0.06113489099449218,-0.05642522222414275,2843.0,78.38,75.41,73.95,73.76,74.02,74.39,1.0832474324909924,2.5392047192098812,1.989930903321552,2.5382293697252267,0.12419742348405055,0.38563603503192945,1.4099999999999966,0.3876098529884829,1.6073019958903658,-0.6459226864743361
2010-10-08,83.87,82.29,2.06,20.71,90.1133,339770,3.52,205.0,0.04949388137573235,0.04829812337479103,-0.07390502948432927,-416.0,79.82,77.17,75.7,78.41,74.82,76.35,2.582135743914063,3.1065369738173487,3.7100134770636966,3.060654886349604,0.23271943050250743,0.4257898186863635,1.5799999999999983,1.3095110409692952,1.2657399848423727,-0.8130858562575793
2010-10-15,83.11,82.16,2.22,19.03,89.6815,340437,3.49,1.0,-0.009102949431385211,-0.0015810279973189293,-0.008559253395669836,667.0,83.87,78.44,76.64,82.29,75.62,77.56,2.6202862439051966,3.402263506798727,4.021579291770132,3.42302398206915,0.24540782383632526,0.43399745146577207,0.9500000000000028,-0.3484622003117222,-0.13693278597418135,-0.09815509967596293
2010-10-22,81.43,81.15,2.24,18.78,90.4063,345444,3.37,8.0,-0.0204212760858949,-0.012369271659702447,-0.03498899185006548,5007.0,83.11,78.38,77.24,82.16,73.76,78.12,1.8067535341966912,3.474502253429747,1.8018763368577366,3.600776431423266,0.17727097901259622,0.4142783063974185,0.28000000000000114,-0.6507332038620363,-0.41909850387042574,-0.37458576534702054
2010-10-29,82.25,82.03,2.29,21.2,90.0935,347394,3.31,15.0,0.010019634166441208,0.010785740054058163,-0.017964554975298884,1950.0,81.43,79.82,82.69,81.15,78.41,81.79,1.0563301251655672,3.432447995588821,0.5160345595609378,3.6273694450540117,0.09912113800843321,0.35003463032140364,0.21999999999999886,0.2406942029446888,0.24025652799920644,-0.19406958017709328
2010-11-05,85.6,84.93,2.2,18.26,89.2441,343849,3.39,22.0,0.03992189350221516,0.03474235377725948,0.02388173200338738,-3545.0,82.25,83.87,78.21,82.03,82.29,78.17,1.803836189901684,3.938523796673989,1.6376482121204536,4.215566031946284,0.07483314773606373,0.3114616081210224,0.6699999999999875,1.0936204263531002,0.9294660482476044,0.24608090131805774
2010-11-12,87.43,86.91,2.25,20.61,90.1701,336563,3.7,29.0,0.021153190045103364,0.023045712657450604,0.08750289825781993,-7286.0,85.6,83.11,74.94,84.93,82.16,74.84,2.8205362965222096,4.277903320340425,2.651810702141981,4.775430410555991,0.1750000000002472,0.253716317364434,0.5200000000000102,0.5342903537332317,0.5874787625689494,0.928005733964122
2010-11-19,83.94,82.23,2.36,18.04,90.6986,337592,3.73,36.0,-0.04073621528735487,-0.05535290146656448,0.008075414005545331,1029.0,87.43,81.43,72.82,86.91,81.15,72.91,2.221028290379483,3.6225567523836553,2.3341165352215776,4.425026878877711,0.21360009363313667,0.2385308569073829,1.7099999999999937,-1.3298181943550527,-1.70165674727454,-0.005341872209028643
2010-11-26,83.51,82.28,2.36,22.22,91.8152,338658,3.9,43.0,-0.005135872740306623,0.0006078658019521829,0.0445683194798766,1066.0,83.94,82.25,75.41,82.23,82.03,74.02,1.7842832361108076,3.124523115127784,2.2652207397944215,4.061357718196444,0.21244607158856865,0.24730670443925823,1.230000000000004,-0.2452180672702569,-0.05157631973883445,0.4817032921621171
2010-12-03,88.1,86.75,2.54,18.01,90.8788,334524,4.2,50.0,0.05350614777699573,0.052902354042212156,0.07410797215372204,-4134.0,83.51,85.6,77.17,82.28,84.93,74.82,2.355030077656368,3.1562952967044025,2.642263865197446,3.9909837778615196,0.2292560431775167,0.28994774868878914,1.3499999999999943,1.4703840335920213,1.4402482912128947,0.898135586639443
2010-12-10,90.25,88.5,2.68,17.61,91.2831,324670,4.46,57.0,0.024111064270856627,0.01997213318691517,0.06006424074265008,-9854.0,88.1,87.43,78.44,86.75,86.91,75.62,3.271401330724539,3.437312529323014,3.1816871834497165,3.9851116862037195,0.3232517079100142,0.35520693925790586,1.75,0.5770334442746321,0.46489070327843246,0.7224117664163555
2010-12-17,90.91,88.27,2.72,16.11,91.5555,319337,4.26,6.0,0.007286408920776533,-0.0026022529817423335,-0.045879605750693664,-5333.0,90.25,83.94,78.38,88.5,82.23,73.76,3.3442724669699455,3.4862583050737572,2.8863933665842665,3.1718490687852485,0.23173260452528455,0.3790658374094252,2.6400000000000006,0.06511941480297033,-0.19182966320244965,-0.6716507576366748
2010-12-24,92.9,89.66,2.74,16.47,91.3013,318079,4.09,13.0,0.021653639686025992,0.015624439695151886,-0.040724190226568695,-1258.0,90.91,83.51,79.82,88.27,82.28,78.41,1.978568506100731,3.7481482296614366,1.1962301896632832,3.087014837357113,0.155214904782813,0.3909312890103223,3.240000000000009,0.49922559016689544,0.34896786188925405,-0.5806745160656875
2010-12-31,93.17,90.97,2.69,17.75,90.5146,313918,4.16,20.0,0.0029021356425406857,0.014505043106677022,0.01697010421846156,-4161.0,92.9,88.1,83.87,89.66,86.75,82.29,1.4469824924075179,4.179868056493669,1.2395429265103985,3.450336830285795,0.16090887690471867,0.3951256033519485,2.200000000000003,-0.03457265402434906,0.35053317212026835,0.22061937128166598
2011-01-07,94.72,89.54,2.74,17.14,91.0001,311526,4.52,27.0,0.016499389673361856,-0.015844329021150908,0.08299691957096783,-2392.0,93.17,90.25,83.11,90.97,88.5,82.16,1.5644913976542094,4.553988178874946,1.1034189292053378,3.461176450897127,0.18839232114589372,0.4234374126411605,5.179999999999993,0.41951476773987284,-0.5428340767320649,1.1946294052706818
2011-01-14,97.09,91.02,2.76,15.46,90.0461,314143,4.46,34.0,0.024713212246358023,0.016393809775676352,-0.013363227812167028,2617.0,94.72,90.91,81.43,89.54,88.27,81.15,1.9219608043178733,4.7846885684409415,0.8071503370884858,3.3484065635991636,0.21406774628623973,0.41046536782268894,6.070000000000007,0.6587867426721006,0.43343406990532646,-0.19720667975490913
2011-01-21,97.34,89.75,2.81,18.47,89.7204,318979,4.57,41.0,0.0025716210232547736,-0.014051235220107587,0.02436443887414081,4836.0,97.09,92.9,82.25,91.02,89.66,82.03,1.9937736414483855,4.787674199694903,0.7843893590953788,3.05102106604609,0.18391574157767895,0.3731926141722576,7.590000000000003,-0.038939617936651655,-0.4954137306910744,0.33600577181987706
2011-01-28,96.62,86.11,2.82,20.04,89.8189,321573,4.45,48.0,-0.00742424527904758,-0.041402478660314476,-0.026609108727964535,2594.0,97.34,93.17,85.6,89.75,90.97,84.93,1.1864899212949371,4.837115656957983,2.1009918292706273,2.976390304114486,0.05597618541308015,0.30366947741771305,10.510000000000005,-0.35335330353046035,-1.305539890350611,-0.49518746952236675
2011-02-04,100.36,89.52,2.91,15.93,89.391,323404,4.51,55.0,0.03797796237196084,0.03883651529559596,0.013393057336438035,1831.0,96.62,94.72,87.43,86.11,89.54,86.91,1.6981043352322676,5.306345186889434,2.0996348888942413,3.011294899158742,0.05500000000060221,0.26837756081965936,10.840000000000003,1.0579611438067271,1.1057550115300487,0.13505176840528207
2011-02-11,99.9,85.51,2.79,15.69,89.8784,324264,4.17,62.0,-0.004594035843713643,-0.0458287358358058,-0.07838111770387683,860.0,100.36,97.09,83.94,89.52,91.02,82.23,1.8518009252260446,4.9807747815217605,2.223891109443491,2.567681420813412,0.17691806012973285,0.210934069837417,14.39,-0.2765148775932338,-1.4215275384263624,-1.289892725847585
2011-02-18,102.81,84.13,2.81,16.43,89.1974,325086,3.9,69.0,0.02871293890011932,-0.016270106605141853,-0.06693948267510938,822.0,99.9,97.34,83.51,85.51,89.75,82.28,2.545327418362554,4.466976046499588,2.2902892830371937,2.213932980563494,0.28063915146216584,0.210934069837417,18.680000000000007,0.7581162763514522,-0.5272330925625373,-1.1706487016799416
2011-02-25,110.49,95.26,2.7,19.22,89.1664,324722,3.84,76.0,0.07204239457045639,0.12424677380999218,-0.015504186535965312,-364.0,102.81,96.62,88.1,84.13,86.11,86.75,4.902631946210312,5.676792201320317,4.991021939442383,2.919156166989918,0.30577769702853436,0.25031343987451593,15.22999999999999,2.0455600414845487,3.3500752112407035,-0.20892344374833874
2011-03-04,114.53,101.05,2.81,19.06,88.4898,327099,3.82,83.0,0.035911778284541306,0.059005448476915565,-0.0052219439811517126,2377.0,110.49,100.36,90.25,95.26,89.52,88.5,6.7534898385947315,7.114249891250193,8.073340386729358,4.523288140950473,0.16194134740725624,0.2759268128700095,13.480000000000004,0.8888140710792721,1.4723128615633776,0.017130048941004405
2011-03-11,114.45,103.74,2.76,20.08,88.691,328844,3.8,90.0,-0.0006987510110491558,0.02627232507362399,-0.005249355886143678,1745.0,114.53,99.9,90.91,101.05,85.51,88.27,5.506359959174727,7.81997771832847,8.695717336712109,5.945784603015582,0.043204937990305024,0.3019770711745298,10.710000000000008,-0.2422859642292271,0.5823169332230689,0.02098313957119885
2011-03-18,112.67,99.79,2.67,24.44,88.5221,330975,3.88,97.0,-0.015674854222501214,-0.038819791027032896,0.020834086902842053,2131.0,114.45,102.81,92.9,103.74,84.13,89.66,1.9015344680905122,7.993396659213008,3.5400282484742434,6.386069296571149,0.034156502554362804,0.31418967442477674,12.879999999999995,-0.6848361569172713,-1.1806089074517263,0.5376177486648365
2011-03-25,115.41,104.41,2.67,17.91,88.1716,333920,4.12,104.0,0.024027813256238872,0.045257478405797656,0.06001800972625295,2945.0,112.67,110.49,93.17,99.79,95.26,90.97,1.1488399946625936,8.123236545226279,2.1891607981132126,7.268496728827249,0.14730919862682776,0.31455596409136843,11.0,0.5761899032445283,1.1494737944298012,1.3596240662241958
2011-04-01,116.49,105.08,2.66,17.4,87.7993,335536,4.3,111.0,0.009314426979372162,0.006396508515320094,0.0427618593380817,1616.0,115.41,114.53,94.72,104.41,101.05,89.54,1.6206480185416716,8.122931997895051,2.373892724337471,7.891608268319509,0.2282542442104325,0.2982931240890138,11.409999999999997,0.09593366054108006,0.05799587903240337,1.0086486488080295
2011-04-08,123.03,109.29,2.76,17.87,87.1493,337163,4.15,118.0,0.054622795660392076,0.03928293487124297,-0.035506688456909644,1627.0,116.49,114.45,97.09,105.08,103.74,91.02,4.391582858150715,8.80975543980049,3.889793267856593,8.840497037994567,0.1738533865073498,0.2821494875652435,13.739999999999995,1.5019078479880237,0.9453932058324158,-0.6581953275376228
2011-04-15,123.57,107.75,2.72,15.32,87.005,334841,4.12,125.0,0.004379569044021513,-0.014191170704724991,-0.007255170881172022,-2322.0,123.03,112.67,97.34,109.29,99.79,89.75,4.272060392831936,8.993806412631004,2.284795760382662,9.17891985458924,0.08616843969849218,0.24523952422564507,15.819999999999993,-0.13794062455121886,-0.5715043897815748,-0.058809322731392846
2011-04-22,122.74,109.11,2.74,14.69,86.3742,340997,4.27,132.0,-0.006739500155148117,0.012542818683150271,0.03576066387909804,6156.0,123.57,115.41,96.62,107.75,104.41,86.11,3.3294781873445998,8.373295348905604,1.9439543033027584,8.951730491244792,0.08831760866368553,0.22584521382145173,13.629999999999995,-0.4921268568025535,0.18418095839490958,0.8419910530846859
2011-04-29,125.36,112.3,2.71,14.75,85.5999,344418,4.39,139.0,0.021121301086814412,0.028817314077390098,0.027715399846546827,3421.0,122.74,116.49,100.36,109.11,105.08,89.52,1.1748049483511405,8.035571437884052,1.9190340452067896,9.045511024644911,0.12338962679282,0.20658845049708036,13.060000000000002,0.39652677010961884,0.6270430839708866,0.6652943900501183
2011-05-06,119.56,105.84,2.62,18.4,86.4575,348050,4.5,146.0,-0.04737126063202829,-0.05924534193769721,0.024748169689194174,3632.0,125.36,123.03,99.9,112.3,109.29,85.51,2.4253848491879095,6.509414801701537,2.7203063552957905,7.572151679714891,0.16309506430321438,0.24115096491364962,13.719999999999999,-1.8018177055324682,-1.7934248910269557,0.5849834827710705
2011-05-13,114.53,99.87,2.61,17.07,87.4176,348035,4.18,153.0,-0.04298154000611223,-0.05805917955165692,-0.07376615023960914,-15.0,119.56,123.57,102.81,105.84,107.75,84.13,4.6602101168656285,4.908625910918302,5.3082012019134925,4.854199915350088,0.1396424004379378,0.23446101956821258,14.659999999999997,-1.5970645285822311,-1.6886523594629683,-1.5386848696671511
2011-05-20,112.02,97.99,2.6,17.43,87.3044,348651,4.15,160.0,-0.022159370627938706,-0.019003907607316246,-0.007202912294057885,616.0,114.53,122.74,110.49,99.87,109.11,95.26,5.897295283998416,4.719536443595861,6.466647766295069,4.429337114369402,0.16822603841281483,0.21800750612597825,14.030000000000001,-0.8979559923120748,-0.6052898621485641,-0.11008845179540472
2011-05-27,113.41,99.55,2.59,15.98,86.9525,351529,4.35,167.0,0.012332144045552766,0.01579459786247822,0.04706751085798573,2878.0,112.02,125.36,114.53,97.99,112.3,101.05,3.2845801355226216,4.801806478248646,3.45081995087092,4.560470470148217,0.16258331197697806,0.20024795235966228,13.86,0.21450384556080282,0.34587669996159337,1.03104336299634
2011-06-03,115.68,100.92,2.57,17.95,86.4234,346897,4.65,174.0,0.01981818758321559,0.013668093262651738,0.06669137449867235,-4632.0,113.41,119.56,114.45,99.55,105.84,103.74,1.5641184950858928,4.73718774456723,1.212253411349572,4.67771603164731,0.22925604317749765,0.20232736749228453,14.760000000000005,0.4429320702560313,0.28010656178834886,1.4078173356266914
2011-06-10,117.73,100.05,2.58,18.86,87.042,343491,4.83,2.0,0.017566108679650815,-0.008658062743114654,0.037979248065216256,-3406.0,115.68,114.53,112.67,100.92,99.87,99.79,2.5157768846494473,4.448402079467565,1.2296984725243323,4.65534948074597,0.30347981810997904,0.22665385436158622,17.680000000000007,0.357472426236199,-0.32970855297622415,0.7616463875645327
2011-06-17,116.79,95.87,2.56,21.85,87.2179,341780,4.56,9.0,-0.008016416799631342,-0.04267695394083714,-0.05752384413818672,-1711.0,117.73,112.02,115.41,100.05,97.99,104.41,1.8609562953859342,4.38444037754509,2.2248801465836188,5.258476274290461,0.19956202043491095,0.22443700607734623,20.92,-0.44847227677087753,-1.2170858722414677,-1.3069875856742845
2011-06-24,110.18,92.7,2.53,21.1,87.5014,337405,4.33,16.0,-0.05826205824590358,-0.03362463451709573,-0.0517550815118961,-4375.0,116.79,113.41,116.49,95.87,99.55,105.08,3.3820950114788046,4.974247011693182,3.8228654174578462,6.096805919844043,0.20790622886307147,0.22374227597975105,17.480000000000004,-1.972904312529783,-0.942028062537286,-1.1442603524151702
2011-07-01,109.03,93.7,2.72,15.87,86.3613,336532,4.32,23.0,-0.010492318326280088,0.010729716672567054,-0.0023121397583795024,-873.0,110.18,115.68,123.03,92.7,100.92,109.29,4.461019128704754,5.289221171974724,3.260562323689229,6.202530947243879,0.24041630560356247,0.21346172746162712,15.329999999999998,-0.45367280417913863,0.24497252351885007,-0.0712202187127536
2011-07-08,115.39,97.12,2.63,15.95,86.615,333408,4.3,30.0,0.05669462148828587,0.03584913806681155,-0.004640379556502336,-3124.0,109.03,117.73,123.57,93.7,100.05,107.75,3.8164763416887135,4.833127163837424,2.0114899121451466,5.952290366410521,0.12230426539332827,0.19877465541752642,18.269999999999996,1.5979981096883784,0.8974067438176375,-0.12602546677929266
2011-07-15,117.72,96.72,2.57,19.53,86.5169,329681,4.41,37.0,0.019991228158695654,-0.004127121004650939,0.025259666759237975,-3727.0,115.39,116.79,122.74,97.12,95.87,109.11,4.150429696630176,4.397648820849627,2.192289518592003,5.351867063054624,0.04830458915468146,0.19435012142255612,21.0,0.4627698804556316,-0.17037262076570167,0.5283138482517391
2011-07-22,118.2,98.01,2.59,17.52,85.8623,331977,4.58,44.0,0.004069181606725749,0.013249307974551417,0.037824308667338866,2296.0,117.72,110.18,125.36,96.72,92.7,112.3,4.219103380261788,3.305661809684242,1.8710313555171678,3.4793873546415055,0.1276388133239041,0.19986358984429103,20.189999999999998,-0.05139962110698542,0.2754693501064913,0.7747511891824839
2011-07-29,117.7,97.83,2.46,25.25,85.7282,332927,4.4,51.0,-0.004239090705766822,-0.0018382358117511204,-0.04009445720187809,950.0,118.2,109.03,119.56,98.01,93.7,105.84,1.2629957772441516,3.1113268143124126,0.6044832503842557,2.5137444905238864,0.11615363389379596,0.1987613156679467,19.870000000000005,-0.34488161251501753,-0.1710499765976207,-0.9000556708205802
2011-08-05,112.65,90.85,2.3,32.0,87.1084,327806,4.21,58.0,-0.04385334738797757,-0.07402148362715733,-0.04414189322992557,-5121.0,117.7,115.39,114.53,97.83,97.12,99.87,2.621874329559518,3.1763811121623666,3.383433906550428,3.0425720528810016,0.1512172829630743,0.19560899464971257,21.80000000000001,-1.7182205364229561,-2.228073585852465,-0.9615582779504959
2011-08-12,105.3,82.86,2.04,36.36,87.177,332039,4.08,65.0,-0.0674722477383237,-0.0920573581929244,-0.03136565927821971,4233.0,112.65,117.72,112.02,90.85,96.72,97.99,5.991295769698156,4.139716356848174,7.173341271680513,4.999359049827658,0.21884164746852086,0.20533048010609292,22.439999999999998,-2.3859552437139913,-2.5475404194282905,-0.6761450508483772
2011-08-19,109.54,85.36,1.87,43.05,86.8286,329826,4.01,72.0,0.039476360215645545,0.02972517034424221,-0.017305747097592566,-2213.0,105.3,118.2,113.41,82.86,98.01,99.55,5.224304578921121,4.34797018124256,6.636718566680995,5.600264807050972,0.17136705245390593,0.23668160430877325,24.180000000000007,1.0602644539486115,0.7336722975893104,-0.347092817751185
2011-08-26,111.06,85.06,1.99,35.59,87.0751,335107,4.01,79.0,0.013780816457885826,-0.0035207171680104268,0.0,5281.0,109.54,117.7,115.68,85.36,97.83,100.92,3.158167981599889,4.3733333622048995,3.3995624718476414,5.773096629796907,0.09429563439916992,0.2447385741908356,26.0,0.22725677200748418,-0.1577118189524867,0.058992681836564025
2011-09-02,116.11,88.07,1.82,33.92,87.1797,331146,4.01,86.0,0.04446742182545372,0.03477506299188053,0.0,-3961.0,111.06,112.65,117.73,85.06,90.85,100.05,4.462707511515416,4.252221790019877,2.135577595560865,5.473215981652915,0.03500000000109145,0.20586108879237486,28.040000000000006,1.2164949252728374,0.8813161645512794,0.08814403105382605
2011-09-09,115.97,87.91,1.76,38.52,88.9514,324442,3.96,93.0,-0.001206480670302915,-0.0018183889542808679,-0.01254721605208864,-6704.0,116.11,105.3,116.79,88.07,82.86,95.87,3.372071569031368,4.1973760742987505,1.611024518744167,5.445490976000203,0.025000000001541702,0.2013966386526864,28.060000000000002,-0.2503857467278633,-0.1057418209289284,-0.21021402678599274
2011-09-16,114.98,88.93,1.9,30.98,89.1108,317106,3.95,100.0,-0.008573336773467014,0.011535979548461597,-0.0025284463533586377,-7336.0,115.97,109.54,110.18,87.91,85.36,92.7,2.3673754807106215,4.107262138302352,1.682386697520787,5.4691722823977775,0.032015621188373464,0.21184614199645652,26.049999999999997,-0.5091107761486791,0.23982038009902235,0.0022379726215593873
2011-09-23,111.98,83.65,1.61,41.25,91.6904,319021,3.77,107.0,-0.02643791627439768,-0.06120811597871576,-0.04664057745311113,1915.0,114.98,111.06,109.03,88.93,85.06,93.7,1.9203645487258942,3.888896392489767,2.369388106662751,5.784378846200017,0.10500000000037543,0.2382305351519474,28.33,-1.0680458283450693,-1.6754497932285142,-1.0079328851473632
2011-09-30,107.69,81.18,1.67,42.96,91.9998,314342,3.81,114.0,-0.03906355457995776,-0.02997251602208133,0.010554187678690171,-4679.0,111.98,116.11,115.39,83.65,88.07,97.12,3.719395112112047,4.237335855407241,3.634587321828282,5.879626547097686,0.09673847907328997,0.2501635828449336,26.50999999999999,-1.4235770644650838,-0.8203029482033138,0.3067944864052291
2011-10-07,104.03,79.43,1.8,36.2,91.2469,315575,3.53,121.0,-0.0345774102579857,-0.02179278076571095,-0.07633131819340426,1233.0,107.69,115.97,117.72,81.18,87.91,96.72,4.804934963139735,4.735614500460755,4.134838771543768,5.899309410020292,0.1746424919659664,0.27841542973611955,24.599999999999994,-1.24133123832323,-0.5867692618014686,-1.6550575856106975
2011-10-14,111.59,85.35,1.98,28.24,90.2116,310846,3.48,128.0,0.07015212111480607,0.0718843185954087,-0.014265577158822346,-4729.0,104.03,114.98,118.2,79.43,88.93,98.01,3.736284919542746,4.328621447570578,2.618795842875419,4.878634930785576,0.1666083231216818,0.26015729507706636,26.24000000000001,1.9601464660841428,1.81473151149081,-0.2150694384509654
2011-10-21,111.47,86.82,1.93,31.32,90.279,315581,3.62,135.0,-0.001075943796077773,0.017076560630997818,0.039441732051296835,4735.0,111.59,111.98,117.7,85.35,83.65,97.83,3.5987914638114997,3.873641599635739,3.465068541889886,3.3118861924162624,0.14537308324934026,0.2289898767115304,24.650000000000006,-0.1827192832242707,0.4192392297223551,1.005333537544689
2011-10-28,111.33,92.32,2.06,24.53,88.6382,317407,3.62,142.0,-0.0012567326609162557,0.06142379288834199,0.0,1826.0,111.47,107.69,112.65,86.82,81.18,90.85,3.718185041119201,3.8420956836638656,5.297817160554109,3.5482923763242984,0.06946221994787802,0.21206595600654163,19.010000000000005,-0.22212094211860728,1.516875445121751,0.07451441699085905
2011-11-04,109.84,93.24,1.84,30.16,90.3154,315819,3.47,149.0,-0.013474002280900297,0.009916011407766979,-0.04231943187891181,-1588.0,111.33,104.03,105.3,92.32,79.43,82.86,0.8185912696024886,3.44087055140403,3.929659654473284,4.054484236526865,0.08381527307172443,0.21733928231307592,16.60000000000001,-0.6435221657591221,0.16776498143062368,-0.9111566483024987
2011-11-11,114.68,96.97,1.8,30.04,90.8588,314763,3.42,156.0,0.04312087955545347,0.03922483814889855,-0.01451404288425407,-1056.0,109.84,111.59,109.54,93.24,85.35,85.36,2.0381527584235424,3.5209660993442786,4.191963541507556,5.038323058560926,0.10307764064086887,0.2247203649521828,17.710000000000008,1.1816907887369243,0.9041219028264852,-0.2934829940853293
2011-11-18,110.69,99.32,1.72,32.0,91.3676,308544,3.1,163.0,-0.03541213961763656,0.023945308323511032,-0.09823843958341322,-6219.0,114.68,111.47,111.06,96.97,86.82,85.06,2.1197562752989967,3.5289538324437655,3.2643363286680565,6.019573313681829,0.21884164746857007,0.2677006469242033,11.370000000000005,-1.354293118070848,0.5016090166157444,-2.223208350731832
2011-11-25,106.67,96.89,1.69,34.47,93.1455,312476,2.92,170.0,-0.03699354476014108,-0.02477064624305298,-0.05981849521091022,3932.0,110.69,111.33,116.11,99.32,92.32,88.07,3.2969379733326356,3.507814652510579,2.510570984191064,6.47065467860089,0.2624722207525248,0.3135850858389277,9.780000000000001,-1.3572899981137345,-0.7479699352680129,-1.2830606130476285
2011-12-02,110.05,99.91,1.8,27.52,91.3532,313625,3.37,177.0,0.031194851335079196,0.03069346634801443,0.14332912808408002,1149.0,106.67,109.84,115.97,96.89,93.24,87.91,3.2852130828916892,3.127122794151388,1.5691266148175456,7.124752574119815,0.23500000000020427,0.2894979981089559,10.14,0.8279965825266102,0.6781644689152837,3.132448227129151
2011-12-09,109.31,100.08,1.85,26.38,91.6122,311693,3.39,184.0,-0.006746925666726562,0.0017000854137285317,0.0059171770280885185,-1932.0,110.05,114.68,114.98,99.91,96.97,88.93,1.7657859439928232,2.784526917003909,1.4763694207962004,7.633850849203274,0.2260530911093591,0.25423086620891633,9.230000000000004,-0.3853185921871282,-0.08152597942434789,0.1839961597865497
2011-12-16,106.26,96.06,1.62,24.29,92.8252,301123,3.08,2.0,-0.028298961282946948,-0.040996869921977354,-0.09590032440687575,-10570.0,109.31,110.69,111.98,100.08,99.32,83.65,1.888039106234089,2.8918604423771725,2.0614962203851115,7.343789119818631,0.22905603390167,0.25535922410074885,10.200000000000003,-1.0441967802888352,-1.1545248710080191,-1.9440143532236966
2011-12-23,107.72,97.74,1.75,20.73,92.3897,305022,3.04,9.0,0.013646346920600856,0.017337895605330344,-0.013072081567352775,3899.0,106.26,106.67,107.69,96.06,96.89,81.18,1.6907296255372233,2.8901965960191083,1.9152610788076485,6.581052865475617,0.18565200420884828,0.23944379994758086,9.980000000000004,0.3126218137713164,0.385301871890706,-0.22963420666730386
2011-12-30,107.51,99.81,1.64,23.4,92.4262,307231,3.04,16.0,-0.001951401446261395,0.020957486856486397,0.0,2209.0,107.72,110.05,104.03,97.74,99.91,79.43,1.2519584657657548,2.433187210225327,1.8902975956170074,5.012866097868036,0.16938614661997653,0.24518854835091392,7.700000000000003,-0.19533112524130847,0.4705375913185357,0.04683402334684382
2012-01-06,112.51,102.39,1.73,20.63,92.7183,309056,2.92,23.0,0.045458240085843774,0.0255206728882304,-0.04027389913793996,1825.0,107.51,109.31,111.59,99.81,100.08,85.35,2.749921210993009,2.509390847246906,2.731263443902001,4.27361345581234,0.06928203230347901,0.25980616317602456,10.120000000000005,1.2933728719930004,0.5740887848194332,-0.8110660401026168
2012-01-13,111.78,100.43,1.65,20.91,92.5385,305618,2.81,30.0,-0.006509452741428419,-0.019328084181477623,-0.03839913293453591,-3438.0,112.51,106.26,111.47,102.39,96.06,86.82,2.6337172715895933,2.529251146810156,1.9154177090116367,3.0023536221988714,0.1105667219379408,0.2599242313840929,11.349999999999994,-0.3646225403173132,-0.5912295980861149,-0.7611899366300932
2012-01-20,109.6,99.95,1.79,18.28,91.3661,309176,2.4,37.0,-0.01969527932763694,-0.00479090645883857,-0.15771574599175456,3558.0,111.78,107.72,111.33,100.43,97.74,92.32,2.261164891525904,2.486950792120413,1.1932448756766927,2.4663608020855476,0.2780137886270615,0.3071866474370961,9.649999999999991,-0.7611345308618748,-0.1944964396358295,-2.9969457662024555
2012-01-27,109.18,99.35,1.71,18.53,90.2559,313351,2.57,44.0,-0.0038394781603035165,-0.006021091948583346,0.06843716155322847,4175.0,109.6,107.51,109.84,99.95,99.81,93.24,1.6273367813709356,2.4913097443771104,1.3163586137505847,1.8103666127971914,0.23444971031497397,0.3131221080432707,9.830000000000013,-0.2378657222865493,-0.21520225922540517,1.475943041031526
2012-02-03,111.2,97.8,1.74,17.1,89.8491,313642,2.45,51.0,0.01833248546287038,-0.015724391957054218,-0.04781787435049264,291.0,109.18,112.51,114.68,99.35,102.39,96.97,1.2471834935843893,2.01038365100955,1.143776639032036,1.7370008548358513,0.18282505298812646,0.3213454197400154,13.400000000000006,0.4547788384634873,-0.4967030365348135,-0.8142645401129706
2012-02-10,117.21,98.56,1.69,20.79,90.1024,313471,2.51,58.0,0.05263681591860677,0.007740922744438099,0.024194728587056756,-171.0,111.2,111.78,110.69,97.8,100.43,99.32,3.7118043680492363,3.024074113249932,0.9362513907397451,1.7438487128580955,0.0736545993140479,0.3367626625816753,18.64999999999999,1.5211861777865239,0.13104383179855023,0.6205344931987248
2012-02-17,119.79,101.73,1.72,17.78,90.23,315104,2.52,65.0,0.021773012008150787,0.03165674502044728,0.003976148379639417,1633.0,117.21,109.6,106.67,98.56,99.95,96.89,4.980779724768951,3.9679694830210157,1.702018409613156,1.7507736385200925,0.049244289010120394,0.3513825507473382,18.060000000000002,0.5535089390973622,0.7907391554706206,0.24560402226656503
2012-02-24,123.34,107.18,1.67,17.31,89.9104,319264,2.63,72.0,0.029204559820107088,0.05218741926104735,0.042724944666341094,4160.0,119.79,109.18,110.05,101.73,99.35,99.91,5.116343095089454,5.305068117119431,4.262850181118498,2.8341649403474283,0.07500000000074608,0.31307855534704254,16.159999999999997,0.7928014782162108,1.3175070572760255,1.0459556814855564
2012-03-02,124.88,107.52,1.71,17.29,90.135,320112,2.45,79.0,0.012408506643829732,0.003167212708135097,-0.07089582163303748,848.0,123.34,111.2,109.31,107.18,97.8,100.08,3.4634327865096015,6.355945677438564,4.358680037197249,3.554119249035875,0.07500000000074608,0.25960926350378916,17.36,0.24084869019535401,0.0009609065780560194,-1.2606448023826757
2012-03-09,126.62,106.32,1.71,17.11,90.4341,321862,2.26,86.0,0.013837198908803907,-0.01122346236984954,-0.08072321127244127,1750.0,124.88,117.21,106.26,107.52,98.56,96.06,2.9056998583249745,6.96101068071113,2.686228769110146,3.56787051334599,0.15545631755184502,0.25889040620357723,20.30000000000001,0.2921013336157583,-0.37337459810910006,-1.427754468899487
2012-03-16,126.22,106.15,1.94,14.47,90.5245,320700,2.11,93.0,-0.0031640589598870713,-0.0016002262557246244,-0.06867686579621937,-1162.0,126.62,119.79,107.72,106.32,101.73,97.74,1.4834531786802472,7.218976675570379,0.6621870329911375,3.574204191993576,0.22618208004492565,0.26520860857185163,20.069999999999993,-0.26123023743011975,-0.10863835897847282,-1.1493501403679276
2012-03-23,124.35,106.41,1.88,14.82,90.6156,327802,2.16,100.0,-0.014926245906679805,0.002446369304374903,0.023420274208098637,7102.0,126.22,123.34,107.51,106.15,107.18,99.81,1.0767969477435753,6.910176071080852,0.6227358990735575,3.6685059092312367,0.150222057856978,0.23958771405747198,17.939999999999998,-0.6285104286670727,-0.007889886601609919,0.7152204774416964
2012-03-30,124.43,105.12,1.9,15.5,90.4593,336811,2.06,107.0,0.0006431385381263647,-0.012197002717339684,-0.047402238894583906,9009.0,124.35,124.88,112.51,106.41,107.52,102.39,1.1837933378212047,6.897095567899031,0.596489731676071,3.7239283591721186,0.0853912563837045,0.22500336697820333,19.310000000000002,-0.10798506192851118,-0.3892323132249519,-0.7122530546546716
2012-04-06,124.18,103.52,1.75,16.7,90.9375,339377,1.97,114.0,-0.0020111828507931476,-0.015337723983710059,-0.04467244005159267,2566.0,124.43,126.62,111.78,105.12,106.32,100.43,0.9557021851339684,6.632700441865324,1.3109029966636423,3.6325059177416628,0.0810349718750448,0.22014285995210553,20.66000000000001,-0.19253334531181346,-0.47296998306868565,-0.6354864386703115
2012-04-13,120.87,102.55,1.75,19.55,91.0558,343233,1.93,121.0,-0.027016538065381106,-0.009414346234200791,-0.020513539833103018,3856.0,124.18,126.22,109.6,103.52,106.15,99.95,1.7281468880479396,5.752896701188963,1.7083520324165533,3.4891836112092545,0.10230672835542343,0.24862653019170228,18.320000000000007,-0.9945499771072479,-0.3309224798530831,-0.14725557156145602
2012-04-20,117.18,103.15,1.7,17.44,90.8066,347211,1.86,128.0,-0.031004373754723057,0.0058337549988713615,-0.036943515191684206,3978.0,120.87,124.35,109.18,102.55,106.41,99.35,3.401847537246445,4.604747467823802,1.0986203469178153,3.240119128936616,0.08346656017107812,0.26302868837658266,14.030000000000001,-1.0892781355823948,0.09808427781307438,-0.46487933692336747
2012-04-27,118.1,103.78,1.7,16.32,90.3269,350051,2.0,135.0,0.007820509086673866,0.006089034422332783,0.07257069283483537,2840.0,117.18,124.43,111.2,103.15,105.12,97.8,3.1498399430240376,3.465842304374712,0.5334791467294372,2.630136964979107,0.06055300708298943,0.2628342028386585,14.319999999999993,0.16812545021034683,0.0837095542385268,1.6942760447211829
2012-05-04,116.67,103.47,1.64,19.16,91.0497,355340,2.26,142.0,-0.012182286367550988,-0.0029915583227343896,0.12221763272424911,5289.0,118.1,124.18,117.21,103.78,103.52,98.56,1.8726184875737342,3.5401398491473004,0.5255711179233218,1.9425139912146594,0.1746186320722699,0.24581805294064604,13.200000000000003,-0.46390824018481697,-0.17459587711051958,2.5176332815409395
2012-05-11,111.78,96.98,1.57,19.89,91.7306,357468,2.33,149.0,-0.04281678299421352,-0.06477694393965294,0.03050345429341484,2128.0,116.67,120.87,119.79,103.47,102.55,101.73,2.830870007613004,4.627852109944807,3.2535160467810686,2.873073926630297,0.2202082347842341,0.22766935088708928,14.799999999999997,-1.4450556046648453,-1.9426243983995533,0.7361423799626021
2012-05-18,109.87,93.11,1.39,25.1,93.1395,358351,2.49,156.0,-0.017234805128762506,-0.04072318177676784,0.0664144428990071,883.0,111.78,117.18,123.34,96.98,103.15,107.18,3.9106734287932357,5.670740625564668,5.20105438028311,4.183457320389326,0.2041241452322203,0.20424287384182319,16.760000000000005,-0.5622570389947272,-1.1937826942509904,1.3801566882881393
2012-05-25,108.14,90.88,1.45,21.76,93.9488,360564,2.59,163.0,-0.015871164758930807,-0.02424163492759726,0.03937516523482997,2213.0,109.87,118.1,124.88,93.11,103.78,107.52,3.683336349923723,6.477876277037965,5.516019095929823,5.23686987241518,0.1499722196501102,0.22542216287483086,17.260000000000005,-0.5067618222127128,-0.6717992854743653,0.8519342715199825
2012-06-01,103.47,87.06,1.22,26.66,94.6979,358801,2.37,170.0,-0.04414496833699957,-0.04294241884868964,-0.0887679205644065,-1763.0,108.14,116.67,126.62,90.88,103.47,106.32,3.5556949625452083,7.395513996520613,4.150914557861067,6.516302400111621,0.11818065267538587,0.2316394141372175,16.409999999999997,-1.4270709566760162,-1.2343092976054313,-1.4920882169871528
2012-06-08,99.03,84.43,1.37,21.23,94.2024,358610,2.33,177.0,-0.04385888108364782,-0.030674747442742862,-0.017021687569430635,-191.0,103.47,111.78,126.22,87.06,96.98,106.15,4.881709912179271,8.4404022505755,3.873301778413775,7.629279524346272,0.11818065267538587,0.23449979001092203,14.599999999999994,-1.3682896323888172,-0.835970517666362,-0.14889008040623633
2012-06-15,97.21,83.27,1.31,21.11,93.5203,361471,2.24,1.0,-0.018549247700233844,-0.013834448433680691,-0.0393924017106606,2861.0,99.03,109.87,124.35,84.43,93.11,106.41,4.886030256421808,9.256910072530344,3.375569087822623,8.307110134570369,0.14863265679783078,0.23452563341197416,13.939999999999998,-0.5172786569980908,-0.3105049985006301,-0.5451048622734834
2012-06-22,92.46,81.11,1.38,18.11,93.9205,361338,2.52,8.0,-0.05009746827289829,-0.026282082165474535,0.11778303565638346,-133.0,97.21,108.14,124.43,83.27,90.88,105.12,4.55669013649192,10.097942484696913,2.4785261077229,8.897780239015844,0.11676186592140801,0.2464090587670001,11.349999999999994,-1.5201463961393076,-0.6668614126474333,2.262439823924934
2012-06-29,91.23,80.23,1.34,17.08,92.9096,357068,2.76,15.0,-0.013392328202696258,-0.010908748316688656,0.09097177820572659,-4270.0,92.46,103.47,124.18,81.11,87.06,103.52,3.732214490085311,10.342792066327009,1.9298013714708901,9.270027785908603,0.23012677665462183,0.27170616927897784,11.0,-0.28614231770841914,-0.19279789060073957,1.709356139061423
2012-07-06,98.8,85.74,1.3,17.1,93.7087,352213,2.84,22.0,0.07971381439643911,0.0664219514042664,0.028573372444056163,-4855.0,91.23,99.03,120.87,80.23,84.43,102.55,3.649936072499909,9.621816907739651,2.4593274825984834,8.87525001781866,0.2700617213405905,0.28374524425332165,13.060000000000002,2.614615841774771,2.099658055760578,0.6163496009611381
2012-07-13,99.88,85.78,1.27,16.74,93.5515,351404,2.82,29.0,0.010871860657750254,0.00046641791890339316,-0.007067167223092443,-809.0,98.8,97.21,117.18,85.74,83.27,103.15,4.378533810916164,8.957751679496313,2.960636192892349,8.115397635845135,0.14730919862692077,0.25712130140534173,14.099999999999994,0.4566877696825328,0.14284227823324336,-0.0007389293575155649
2012-07-20,105.4,90.34,1.27,16.27,93.3653,354121,2.92,36.0,0.05379317069568964,0.05179445113772372,0.0348467313301681,2717.0,99.88,92.46,118.1,85.78,81.11,103.78,5.831760025927214,7.801427414068114,4.136523298616494,6.811170415152176,0.06608075867277552,0.2434770227476773,15.060000000000002,1.7429428029796636,1.6366416058169297,0.7343839719335606
2012-07-27,104.18,88.88,1.33,16.7,92.9333,347599,3.13,43.0,-0.01164246379021649,-0.01629318489508362,0.06944938827187143,-6522.0,105.4,91.23,116.67,90.34,80.23,103.47,3.216100122819952,6.513763225942441,2.3013836417823508,4.950570444633062,0.14174507634047515,0.27963721085896537,15.300000000000011,-0.3208020836147195,-0.44487814007893545,1.3002616791659565
2012-08-03,107.27,89.1,1.36,15.64,92.6048,343824,3.12,50.0,0.029228848292292216,0.002472189145389073,-0.003200002730670791,-3775.0,104.18,98.8,111.78,88.88,85.74,96.98,3.137221435177276,5.994186324846214,1.9395789921174262,3.979818310913244,0.15283433296688262,0.2995792504041936,18.17,0.942955080250447,0.12291815736155695,0.023324879835206626
2012-08-10,112.49,93.14,1.38,14.74,92.5129,340125,2.92,57.0,0.04751530819539672,0.0443444030774675,-0.06624938554120072,-3699.0,107.27,99.88,109.87,89.1,85.78,93.11,3.6640824226540465,6.366438993232334,1.9584602795724362,3.9842447290054386,0.11842719282368357,0.3008271425536277,19.349999999999994,1.476692280539089,1.3826276726964055,-1.049872809625673
2012-08-17,115.04,94.43,1.52,13.45,92.711,334713,2.77,64.0,0.022415565168002086,0.013755081720746675,-0.05273629608094323,-5412.0,112.49,105.4,108.14,93.14,90.34,90.88,4.92161558840208,7.257143815830036,2.8194724683876777,4.432389994191359,0.17291616465819173,0.2985977328457416,20.61,0.6968803152222274,0.4510164202885488,-0.7865602201163513
2012-08-24,116.1,96.22,1.4,15.18,92.2785,338491,2.79,71.0,0.009171994731109169,0.018778416996329657,0.007194275634027231,3778.0,115.04,104.18,103.47,94.43,88.88,87.06,3.939631962506437,8.298440297046204,3.0246143004790564,5.177465376733527,0.1610382977227293,0.27658085562269163,19.879999999999995,0.29139869154894155,0.589306103875653,0.2824132223222298
2012-08-31,113.02,95.68,1.35,17.47,92.1677,331065,2.72,78.0,-0.026887094502148563,-0.005627946068985903,-0.025409715525368214,-7426.0,116.1,107.27,99.03,96.22,89.1,84.43,1.6957274741741173,8.626754718299406,1.3741755103802258,5.533386272109103,0.0852447456842372,0.2417533804721397,17.33999999999999,-0.8138719368453902,-0.17229821445438723,-0.30720609092637535
2012-09-07,114.11,95.68,1.42,14.38,91.3469,332474,2.82,85.0,0.009598101244891008,0.0,0.03610500464211614,1409.0,113.02,112.49,97.21,95.68,93.14,83.27,1.3135035845664507,8.721073571666995,0.7589631084547439,5.59379763396022,0.042031734044301834,0.16692177445704476,18.429999999999993,0.2864708788226146,-0.015599631914271371,0.7661831081869258
2012-09-14,115.41,97.56,1.61,14.51,90.1436,341008,2.88,92.0,0.011328109985725063,0.019458283145397888,0.021053409197832263,8534.0,114.11,115.04,92.46,95.68,94.43,81.11,1.3696958299815722,8.00953688178103,0.8872992730725754,5.307194944772648,0.06652067347902892,0.13207837434533484,17.849999999999994,0.33034548336610386,0.5833298093405545,0.4898772762833635
2012-09-21,111.83,93.7,1.5,13.98,90.5342,338562,2.76,99.0,-0.03151114439221646,-0.04036938410334305,-0.04255961441879601,-2446.0,115.41,116.1,91.23,97.56,96.22,80.23,1.5281006729495799,6.137015055210762,1.5761027885246746,4.0927366372417,0.07000000000074116,0.13207837434533484,18.129999999999995,-1.0005816652647692,-1.23045116761526,-0.6309564431250211
2012-09-28,110.35,91.35,1.42,15.73,90.8342,338080,2.93,106.0,-0.013322728337351613,-0.025399906420360843,0.05977174329991735,-482.0,111.83,113.02,98.8,93.7,95.68,85.74,2.266355370781245,5.137322141727504,2.664424578277424,3.577250086563777,0.07365459931397726,0.13251643694506518,19.0,-0.39762871928080856,-0.7537629322444095,1.1669206774445786
2012-10-05,111.41,90.81,1.48,14.33,90.2851,339592,3.22,113.0,0.009559957368479805,-0.005928871122278698,0.09437893652734093,1512.0,110.35,114.11,99.88,91.35,95.68,85.78,2.1967855304214425,3.9201819492411967,3.0712700955786563,2.9355794172793095,0.19517086531233807,0.16250874102367538,20.599999999999994,0.3392589745179805,-0.14538714523653826,1.7257028386071276
2012-10-12,114.88,91.42,1.42,16.14,90.6833,342452,3.26,120.0,0.030671015228688966,0.006694861201861268,0.012345835822299141,2860.0,111.41,115.41,105.4,90.81,97.56,90.34,1.944108621794497,3.5415391064379564,1.2826275115283317,2.8597090072353577,0.2389386253136241,0.1906607331138847,23.459999999999994,0.9954339395085229,0.2393526215516312,0.2959294240220665
2012-10-19,113.59,91.59,1.49,17.06,90.8107,348348,3.31,127.0,-0.011292631056583735,0.0018578225112979249,0.015220994010355388,5896.0,114.88,111.83,104.18,91.42,93.7,88.88,2.0534422319613386,2.4988427624643386,0.33708307580793306,2.584379651254945,0.170684894860171,0.21251024930721518,22.0,-0.37173604720135445,0.05560838052168131,0.33033258138465665
2012-10-26,108.27,86.35,1.48,17.81,91.1411,346303,3.41,134.0,-0.04796736692052339,-0.05891329082220868,0.02976410190645386,-2045.0,113.59,110.35,107.27,91.59,91.35,89.1,2.8912439652628796,2.300718596571804,2.484342636056819,3.0747725956815004,0.08205689083449738,0.24635986243337263,21.92,-1.6064914717699958,-2.001596220263242,0.5654039759812658
2012-11-02,108.85,85.87,1.47,17.59,91.281,347850,3.44,141.0,0.005342680357749524,-0.005574279908294057,0.008759180089881554,1547.0,108.27,111.41,112.49,86.35,90.81,93.14,3.326954312881731,2.600488881777359,3.1217342936253627,3.7264155333611297,0.08426149773229692,0.2780601090455664,22.97999999999999,0.18311617548242282,-0.19193205889131307,0.19409654419077976
2012-11-09,107.78,85.98,1.34,18.61,91.6871,348939,3.4,148.0,-0.00987867517520573,0.0012801863837421377,-0.011696039763191298,1089.0,108.85,114.88,115.04,85.87,91.42,94.43,2.6809124690427724,2.8489721697916903,2.769288416422212,4.117729865159511,0.05597618541328348,0.28475933485644733,21.799999999999997,-0.3166420973305786,0.03756651695386021,-0.1573715194436809
2012-11-16,109.12,85.87,1.34,16.41,92.0095,347473,3.54,155.0,0.012356081589801282,-0.0012801863837420715,0.04035129552356745,-1466.0,107.78,113.59,116.1,85.98,91.59,96.22,0.5994719898952809,2.6725671463071277,0.22765104875044428,4.2024513048575844,0.06396613687533559,0.29773259305911376,23.25,0.45717562478029444,-0.030092054735021592,0.7307086130953472
2012-11-23,110.26,87.4,1.41,15.14,91.2616,347126,3.61,162.0,0.010393019066385603,0.017660757977096386,0.019581045199106344,-347.0,109.12,108.27,113.02,85.87,86.35,95.68,1.0186387976129465,2.6534088994883223,0.7484650960446532,4.0386515151233615,0.0953502316030375,0.2942015388378374,22.86,0.38313696685432147,0.6061945770496151,0.36307246044611224
2012-11-30,109.82,87.27,1.37,15.87,91.1038,344769,3.66,169.0,-0.003998551310811073,-0.001488521486269888,0.013755375068485419,-2357.0,110.26,108.85,114.11,87.4,85.87,95.68,1.0836204747676574,2.5296944060268975,0.8170271313306561,3.7384029769654186,0.11295279249942523,0.2915943633324864,22.549999999999997,-0.11196205150918526,-0.040666075197491554,0.25799180782339365
2012-12-07,109.08,87.0,1.39,15.9,91.0437,344909,3.41,176.0,-0.006761103873338772,-0.003098642520636136,-0.07075085611784943,140.0,109.82,107.78,115.41,87.27,85.98,97.56,0.5718974267025753,2.1498090119551803,0.696873972343895,2.824970233150043,0.1084742673022107,0.2634546134220052,22.08,-0.2185594184844743,-0.1320104119976061,-1.1843837996793203
2012-12-14,109.1,85.71,1.48,17.0,90.7156,343945,3.3,2.0,0.00018333486163731768,-0.014938613743792387,-0.032789822822990956,-964.0,109.08,109.12,111.83,87.0,85.87,93.7,0.5772059135776668,2.1333433356784566,0.7747902942067866,2.462163990304754,0.16901676445475142,0.19449039861011014,23.39,-0.0008091002241670264,-0.5644267361015313,-0.5215067369641473
2012-12-21,109.79,88.24,1.51,17.84,90.9597,343359,3.3,9.0,0.006304557407615972,0.029090870034455648,0.0,-586.0,109.1,110.26,110.35,85.71,87.4,91.35,0.4130677910493087,2.1361057387867337,1.0428326807292747,2.236783912837618,0.169779268463756,0.13912061477203702,21.55000000000001,0.19279237008652111,0.9771076296637817,0.018525640147513893
2012-12-28,109.81,90.14,1.46,22.72,91.0419,332239,3.34,16.0,0.00018214936298082183,0.02130364231725517,0.012048338516174574,-11120.0,109.79,109.82,111.41,88.24,87.27,90.81,0.4100812927567218,2.1008026965190822,1.886290451299474,2.1617178914988258,0.05188127472177851,0.12852307893209605,19.67,0.016298366216663633,0.7650374633853319,0.22000549986100862
2013-01-04,112.35,92.77,1.66,13.83,91.1025,333131,3.28,23.0,0.02286739902171621,0.02875929440267783,-0.018127384592556715,892.0,109.81,109.08,114.88,90.14,87.0,91.42,1.4302767797419593,1.6478461608116892,2.9849232262594874,2.393530896294645,0.025166114786038682,0.12644318403094232,19.58,0.8425240156051236,1.0312292369969562,-0.2878476450342899
2013-01-11,112.37,93.38,1.63,13.36,90.5352,332180,3.18,30.0,0.00017799928847289783,0.006553877877610747,-0.03096222560396681,-951.0,112.35,109.1,113.59,92.77,85.71,91.59,1.478061793927792,1.41520530687632,2.386369278491846,2.6857903300465575,0.06806859285621203,0.14112910487361674,18.99000000000001,0.0011265320609871795,0.2475266466093839,-0.5013451746753068
2013-01-18,111.35,94.58,1.61,12.46,90.8697,334993,3.44,37.0,-0.009118604216434456,0.012768847672938713,0.0785902745932215,2813.0,112.37,109.79,108.27,93.38,88.24,86.35,1.2047683041436035,1.4082634911872594,1.8756398908095677,3.2235651024446415,0.10893423092287041,0.14147491479112315,16.769999999999996,-0.346228339505521,0.48679294340749535,1.350345510449662
2013-01-25,113.72,95.41,1.7,12.89,91.0868,340940,3.54,44.0,0.021060893079422452,0.008737357548024703,0.02865525576037615,5947.0,111.35,109.81,108.85,94.58,90.14,85.87,0.9728437695757742,1.721904116925129,1.1855940845539266,3.618614647858901,0.1608311744244756,0.14637022383069032,18.310000000000002,0.7986819908214953,0.35548105854663503,0.48142974054755344
2013-02-01,115.13,97.33,1.77,12.9,90.6923,343274,3.26,51.0,0.012322637902774047,0.019923871674647767,-0.08239953176706687,2334.0,113.72,112.35,107.78,95.41,92.77,85.98,1.6425057077533753,1.998348560612479,1.6608531943941034,4.075361668278638,0.16441816606878593,0.153237783140524,17.799999999999997,0.4466338173273459,0.8019109384136514,-1.4348347554821241
2013-02-08,117.15,96.18,1.74,13.02,91.3056,343834,3.33,58.0,0.017393240268231656,-0.011885830588885543,0.02124510861373628,560.0,115.13,112.37,109.12,97.33,93.38,85.87,2.43889831686409,2.575688639898479,1.1695155692261305,4.114368300863904,0.12311918345011082,0.1483316309061455,20.97,0.6158748489609368,-0.4689513791757699,0.3331212945039541
2013-02-15,118.1,96.95,1.72,12.46,91.4551,347977,3.26,65.0,0.008076558249511954,0.007973945839144115,-0.021245108613736265,4143.0,117.15,111.35,110.26,96.18,94.58,87.4,1.9736007701666962,3.1240168150333743,0.8519927620949777,4.217097235173905,0.13250786140234505,0.1343559271171902,21.14999999999999,0.2721413616257677,0.3406647493401339,-0.37901702953122424
2013-02-22,115.3,94.38,1.7,14.17,92.1197,349107,3.28,72.0,-0.023994295928303218,-0.026866195390419432,0.006116227017436054,1130.0,118.1,113.72,109.82,96.95,95.41,87.27,1.4461212489515778,3.126806265864212,1.31044521696341,3.972224302464963,0.03304037933737895,0.09613752775284556,20.92,-0.9651712377732816,-1.0362567489712398,0.12146660055307029
2013-03-01,112.42,92.19,1.61,15.36,92.6177,352843,3.48,79.0,-0.025295569701084382,-0.023477521487738497,0.059188871390330654,3736.0,115.3,115.13,109.08,94.38,97.33,87.0,2.5015778354209215,2.90950310763516,2.1176165847470716,3.559559472233331,0.0994568583193568,0.10349571796151028,20.230000000000004,-1.0196480774072925,-0.9251905462543502,1.0644493820912002
2013-03-08,109.98,91.0,1.79,12.59,92.6252,355467,3.57,86.0,-0.021943326494260198,-0.012992158293652887,0.025533302005164626,2624.0,112.42,117.15,109.1,92.19,96.18,85.71,3.5188445073161563,2.8103158185523074,2.61886743968891,2.8088834997475303,0.15195942440913354,0.12325140604031132,18.980000000000004,-0.8635731892079106,-0.48184678002563636,0.4269398127839162
2013-03-15,108.41,92.7,1.76,11.3,92.128,354153,3.74,93.0,-0.01437819540646829,0.01850896605495936,0.04652001563489291,-1314.0,109.98,118.1,109.79,91.0,96.95,88.24,3.0078716173847835,2.9820679981281213,1.4026492790417233,2.290177146781185,0.19155068954914342,0.16408608235998154,15.709999999999994,-0.561189396836736,0.8008631070878967,0.7988925740613825
2013-03-22,107.33,93.05,1.67,13.57,92.2051,357409,3.99,100.0,-0.010012135179767378,0.003768510516450268,0.06470561947533157,3256.0,108.41,115.3,109.81,92.7,94.38,90.14,2.209743574867642,3.293485190034257,0.8958608522884541,1.9879500633939275,0.22427661492023948,0.23669920817678883,14.280000000000001,-0.3672522109787238,0.21714709785180156,1.0990332075061882
2013-03-29,107.68,96.08,1.62,12.7,92.302,360116,4.05,107.0,0.0032556654029846747,0.03204419468346833,0.014925650216675574,2707.0,107.33,112.42,112.35,93.05,92.19,92.77,1.1761235762745008,3.612097938201115,2.113975323096939,2.007094047411331,0.2232151428556715,0.2867371301700998,11.600000000000009,0.15261506741506004,1.331208808863543,0.1686595669252499
2013-04-05,107.06,95.07,1.48,13.92,92.1043,359998,3.99,114.0,-0.005774440931182539,-0.010567715400789142,-0.014925650216675593,-118.0,107.68,109.98,112.37,96.08,91.0,93.38,0.5846366392914295,3.9290143532295683,1.6187752572019638,1.9854485791902419,0.1379311422416098,0.297141686436259,11.990000000000009,-0.21514496002154962,-0.396868246071848,-0.4601926258382395
2013-04-12,103.25,93.36,1.53,12.06,91.7967,358765,4.13,121.0,-0.036236193124093145,-0.018150474392638494,0.03448617607116919,-1233.0,107.06,108.41,111.35,95.07,92.7,94.58,2.068961091949734,4.670815498844663,1.4346892811090706,2.0162589119462027,0.06633249580765584,0.3327434173927163,9.89,-1.3856944311442312,-0.6944667217853724,0.5447316416204134
2013-04-19,98.09,88.0,1.49,14.97,92.2166,359712,4.25,128.0,-0.051267807264917815,-0.05912617350009412,0.028641575963384153,947.0,103.25,107.33,113.72,93.36,93.05,95.41,4.411915683691332,5.9397655805191585,3.5979565959948467,2.716850198299945,0.11239810200089805,0.3747837760467757,10.090000000000003,-1.8834112196252581,-2.233979028264204,0.40573783927408935
2013-04-26,100.61,91.0,1.48,13.61,91.9012,366408,4.24,135.0,0.02536623172773503,0.033522692038643644,-0.0023557136924590365,6696.0,98.09,107.68,115.13,88.0,96.08,97.33,3.835417187217229,6.267759978773914,3.0655763460285463,2.5930326225908935,0.12120918557079863,0.37833266586511677,9.61,1.0914724656619368,1.334387241305116,-0.21781636182649328
2013-05-03,101.53,93.4,1.56,12.85,91.5087,366779,4.23,142.0,0.009102665009172062,0.02603183871794702,-0.002361276185679709,371.0,100.61,107.06,117.15,91.0,95.07,96.18,2.152208168370602,5.987552239286645,2.5531157435565883,2.4346059353843024,0.05560275772598581,0.37105398610722384,8.129999999999995,0.46324514659696453,1.0547459171181777,-0.21580927537779077
2013-05-10,103.77,95.84,1.64,12.59,92.2527,366155,3.89,149.0,0.021822590304055672,0.025788789132342258,-0.08379283542783181,-624.0,101.53,103.25,118.1,93.4,93.36,96.95,2.3504609477010723,5.029240785525434,3.351178897044501,2.2918648950084526,0.17519037264283763,0.32105885422891944,7.929999999999993,0.975428557360708,1.0897988712229512,-1.7937208872993664
2013-05-17,102.91,94.65,1.69,12.45,93.1617,365817,3.95,156.0,-0.00832209176918671,-0.012494256711807341,0.015306421282675507,-338.0,103.77,98.09,115.3,95.84,88.0,94.38,1.4078233790742387,4.2165719237175745,2.070432724495716,2.3078515523926577,0.18355289882412223,0.25407437469919286,8.259999999999991,-0.20904141952091898,-0.4135270772424103,0.15698828245086027
2013-05-24,102.3,94.76,1.75,13.99,93.2768,368817,4.14,163.0,-0.00594514689041947,0.0011615016352528537,0.046980208924192336,3000.0,102.91,100.61,112.42,94.65,91.0,92.19,0.9481341325649755,3.6231678755682752,0.9983444629297945,2.341977117348552,0.15924300089299323,0.20821572437927266,7.539999999999992,-0.10228055269879877,0.1181458732441868,0.7764770902645814
2013-05-31,102.03,93.32,1.86,16.3,93.6076,362550,4.12,0.0,-0.002642785270366949,-0.015312932137355628,-0.004842624475787903,-6267.0,102.3,101.53,109.98,94.76,93.4,91.0,0.7717674520225799,3.216059488934876,1.0322911411011588,2.2332628324472465,0.12396235987887581,0.1553880772306917,8.710000000000008,0.029342562452978487,-0.5233454903677265,-0.32821387664748924
2013-06-07,102.92,94.25,1.85,15.14,92.6056,365179,3.94,7.0,0.008685099726329757,0.009916379174890952,-0.04467244005159267,2629.0,102.03,103.77,108.41,93.32,95.84,92.7,0.4468407620932352,2.863684848075167,0.6544463308752029,2.2316585760376575,0.10719919153958009,0.1258666923471851,8.670000000000002,0.4669780288529636,0.46639960736806135,-1.1390120845149054
2013-06-14,103.39,96.36,1.85,17.15,92.1886,365492,3.77,14.0,0.004556258185058324,0.022140351418550367,-0.044105721849923014,313.0,102.92,102.91,107.33,94.25,94.65,93.05,0.6129165250407946,2.5690883891994667,1.2731948004904559,2.3629159887095863,0.1734694977992988,0.15278227725237364,7.030000000000001,0.2993583360613937,0.9211279737116207,-1.1296724683976742
2013-06-21,103.93,96.65,2.14,18.9,94.4243,365510,3.87,21.0,0.005209350001728514,0.0030050279076693377,0.026179505581771078,18.0,103.39,102.3,107.68,96.36,94.76,96.08,0.805413972233009,2.1342550683960027,1.6199691355071706,2.417127646734549,0.14753530650913022,0.1622194547985802,7.280000000000001,0.3205947734076202,0.16072505029201523,0.32851014961970093
2013-06-28,101.43,95.83,2.16,16.86,94.3047,355163,3.72,28.0,-0.024348690212425927,-0.008520417298669144,-0.039530838756635205,-10347.0,103.93,102.03,107.06,96.65,93.32,95.07,1.0741003987840845,1.6374869881522494,1.0702764440378896,2.4604723616465765,0.0988264472028919,0.18710513978330645,5.6000000000000085,-0.8618093369735086,-0.29224569082333285,-1.0552890185425803
2013-07-05,105.18,100.65,2.33,14.89,95.0639,345426,3.54,35.0,0.036304262773293725,0.04907336373012984,-0.04959694113937218,-9737.0,101.43,102.92,103.25,95.83,94.25,93.36,1.5602430366243822,1.835005367015039,2.2112194976216486,3.114220924998648,0.13820274961115034,0.2287051827267114,4.530000000000001,1.5066005986999242,1.8854329448699902,-1.257600179071238
2013-07-12,108.26,104.7,2.24,13.84,94.0029,338524,3.66,42.0,0.028862573207633625,0.03944996579069068,0.033336420267591926,-6902.0,105.18,103.39,98.09,100.65,96.36,88.0,2.8395891721635285,2.031290827096595,4.080305339881049,3.608765737966051,0.1372042273404254,0.22684095349344777,3.5600000000000023,1.1859646826784538,1.4722999248890187,0.5053640273017942
2013-07-19,109.41,106.88,2.18,12.54,93.4759,335699,3.69,49.0,0.010566552119866594,0.020607591911844282,0.008163310639160835,-2825.0,108.26,103.93,100.61,104.7,96.65,91.0,3.5718062657431253,2.5405004279170647,4.864665113516178,4.44334529653559,0.0788986691908329,0.21193195019899744,2.530000000000001,0.4542455438930341,0.7491689538316039,0.008528709249365003
2013-07-26,108.4,105.88,2.27,12.72,93.1695,336130,3.67,56.0,-0.009274204483152587,-0.009400332429435087,-0.005434795985956945,431.0,109.41,101.43,101.53,106.88,95.83,93.4,1.82824825083159,2.7202588724858003,2.7342442587780975,4.892001743725018,0.06782329983187821,0.18727714028339534,2.5200000000000102,-0.3519718833589695,-0.422930680296187,-0.2832197432983012
2013-08-02,108.61,105.54,2.33,11.98,93.5789,334699,3.45,63.0,0.0019353952863986825,-0.0032163493813786416,-0.06181743102321039,-1431.0,108.4,105.18,103.77,105.88,100.65,95.84,0.5138741739656526,2.952062838085326,0.9019238696590797,5.23535902215996,0.11236102527160167,0.21542065965468638,3.069999999999993,0.08516907341234936,-0.20859210368234066,-1.4943266532652435
2013-08-09,108.56,105.17,2.25,13.41,92.8394,331887,3.32,70.0,-0.000460468765330962,-0.003511939445584814,-0.0384094481148713,-2812.0,108.61,108.26,102.91,105.54,104.7,94.65,0.4522904671435065,3.0550251697626285,0.734637098614543,5.298758788336411,0.17858238061677512,0.2480637137120345,3.3900000000000006,-0.021054498875279774,-0.23565973584348415,-0.9422643098335195
2013-08-16,110.73,106.97,2.48,14.37,93.4255,330459,3.35,77.0,0.019791790183403213,0.0169703327861023,0.008995562908578003,-1428.0,108.56,109.41,102.3,105.17,106.88,94.76,1.1069628117822805,3.248435870702235,0.7761872626246765,5.3730410101703505,0.15840349322776093,0.23708456489002355,3.760000000000005,0.7715536034932101,0.5681677083210154,0.080787997904501
2013-08-23,111.12,105.48,2.42,13.98,93.9466,333445,3.49,84.0,0.0035158927360713827,-0.014027059832953506,0.04094139037736072,2986.0,110.73,108.4,102.03,106.97,105.88,93.32,1.3605023582004632,3.2801852312818434,0.8032019256248545,4.916815303351907,0.08057087976904989,0.19573288848930087,5.640000000000001,0.07160875834797052,-0.7370141170803401,0.7940777382349774
2013-08-30,115.32,108.33,2.39,17.01,94.7541,331609,3.55,91.0,0.037100174324113055,0.02666076247239,0.0170458672729886,-1836.0,111.12,108.61,102.92,105.48,105.54,94.25,2.825778653752371,3.842061078814034,1.4581352246370494,4.558377568895418,0.11026483271390104,0.16873863598100194,6.989999999999995,1.4430095696437188,0.9409228928912036,0.22589651004505537
2013-09-06,116.03,108.77,2.48,15.85,94.2487,330991,3.64,98.0,0.006137905589252628,0.004053437148282752,0.025036078161325047,-618.0,115.32,108.56,103.39,108.33,105.17,96.36,2.762281665580616,4.218869947790278,1.4846408095317754,4.262835430683878,0.12175795661922398,0.16008283840411217,7.260000000000005,0.11085779989549932,-0.02562624487298059,0.47067572653845874
2013-09-13,113.22,108.36,2.45,14.16,93.6666,326623,3.61,105.0,-0.024515949750940267,-0.0037765438888644797,-0.008275909303859822,-4368.0,116.03,110.73,103.93,108.77,106.97,96.65,2.2167600230974274,4.070719075038597,1.5166739926542425,3.6666465564190815,0.06652067347890327,0.13233050909131203,4.859999999999999,-1.213360079398445,-0.3634491668577538,-0.3186915115561503
2013-09-20,109.98,106.22,2.41,13.12,92.6049,329258,3.71,112.0,-0.02903429752884515,-0.019946602222641215,0.027324104274554176,2635.0,113.22,111.12,101.43,108.36,105.48,95.83,2.7145579750675575,3.1342269841035932,1.1509706048927006,2.1712520825697763,0.06652067347889078,0.13124116131856123,3.760000000000005,-1.448120856116153,-1.044394063664908,0.586916234393674
2013-09-27,108.8,103.1,2.3,15.46,92.9747,334730,3.55,119.0,-0.010787196657826471,-0.029813023971338948,-0.04408427313201943,5472.0,109.98,115.32,105.18,106.22,108.33,100.65,3.2685101091072144,2.7347040170026418,2.5948843904871755,1.672153392993591,0.06652067347889078,0.13115743489133547,5.700000000000003,-0.5715525958732213,-1.439391403945216,-1.200243569352621
2013-10-04,108.63,103.14,2.33,16.74,92.6469,341474,3.56,126.0,-0.0015637219761827587,0.00038789759989875426,0.0028129413766146577,6744.0,108.8,116.03,108.26,103.1,108.77,104.7,2.128103615899032,2.706592820683234,2.561217158564967,1.8568758382807617,0.07320063752057863,0.12716905951123475,5.489999999999995,-0.10131838166545268,-0.07845817203666926,-0.008407859931580993
2013-10-11,110.3,102.7,2.35,15.72,92.854,345473,3.7,133.0,0.015256313813797386,-0.004275171688300338,0.03857227478623965,3999.0,108.63,113.22,109.41,103.14,108.36,106.88,0.8359176594233364,2.6790630429094264,1.6321356152787023,2.086085939135186,0.08679477710910068,0.12820438228222114,7.599999999999994,0.71087763743411,-0.3019946222335962,0.9227287486556582
2013-10-18,110.11,101.51,2.27,13.04,91.9989,350719,3.79,140.0,-0.0017240601339570465,-0.011654801138172757,0.024033199444156193,5246.0,110.3,109.98,108.4,102.7,106.22,105.88,0.8665256295512124,2.583075891376479,0.7613748529216033,2.425607546512817,0.11575836902826736,0.1423184649107332,8.599999999999994,-0.10769451200718944,-0.628888460639107,0.5369299068132009
2013-10-25,107.82,97.57,2.21,13.09,92.1623,354806,3.69,147.0,-0.021016696101977143,-0.03958724667648114,-0.0267395610418992,4087.0,110.11,108.8,108.61,101.51,103.1,105.54,1.1925462953986719,2.6571635594788887,2.5352843364525506,3.321637967612019,0.09469248474271919,0.1423184649107323,10.25,-1.0650518170258652,-1.8529030105933673,-0.7975370507965175
2013-11-01,107.61,96.94,2.32,13.28,93.155,355995,3.55,154.0,-0.0019495898112216917,-0.006477838702628656,-0.03867885456511137,1189.0,107.82,108.63,108.56,97.57,103.14,105.17,1.4422436225094082,2.745417531860457,2.8535942248321238,4.0111242095259625,0.09912113800841647,0.11743147582804683,10.670000000000002,-0.04715118914405266,-0.31745706611084173,-1.1247409124680294
2013-11-08,104.54,94.31,2.45,12.9,93.6619,358635,3.47,161.0,-0.028943806927525087,-0.02750500186143645,-0.02279300952855646,2640.0,107.61,110.3,110.73,96.94,102.7,106.97,2.286671525748475,3.2887190100823545,2.974753491186947,4.776829413159634,0.14271183085768316,0.09774347998096537,10.230000000000004,-1.4247131853007813,-1.2432074887644449,-0.6902527001548849
2013-11-15,107.1,93.94,2.4,12.19,93.2854,359010,3.62,168.0,0.024193204168927198,-0.003930947956944463,0.04231943187891174,375.0,104.54,110.11,111.12,94.31,101.51,105.48,1.5154619757691388,3.399370262537243,1.8315567149274765,5.365391552827643,0.09429563439923014,0.0902521719708501,13.159999999999997,1.3084088841397958,-0.1664772492712103,0.9899789224561107
2013-11-22,109.32,93.92,2.44,12.26,93.4198,361963,3.68,175.0,0.020516383606164108,-0.0002129245190627014,0.01643872634315994,2953.0,107.1,107.82,115.32,93.94,97.57,108.33,1.9777828495570837,2.9500832037580325,1.4527760781791004,5.44987628438978,0.09055385138185289,0.08887768237439381,15.399999999999991,1.0989616349161526,0.003740307600717025,0.3215630148586893
2013-11-29,111.32,92.97,2.47,13.7,93.6291,356378,3.87,182.0,0.018129575597822783,-0.010166495612019799,0.05034175486085083,-5585.0,109.32,107.61,116.03,93.92,96.94,108.77,2.9170075991220132,2.2183496117619383,0.5721596513762488,5.274420835647998,0.16552945357272292,0.11265393508843811,18.349999999999994,0.9652598053543404,-0.43227194564872967,1.189813751342281
2013-12-06,112.28,96.21,2.58,13.79,93.4045,345374,3.94,2.0,0.008586814835991703,0.034256441905406554,0.017926216268151895,-11004.0,111.32,104.54,113.22,92.97,94.31,108.36,2.2958731091538676,2.0698197476792837,1.3765415600928579,4.546869969017593,0.15195942440910767,0.13916144972983585,16.070000000000007,0.44863878688524605,1.5673182377145003,0.3237255640669644
2013-12-13,109.1,97.23,2.54,15.76,93.3568,342433,4.31,9.0,-0.028730858654656643,0.01054600344839248,0.08975718080581388,-2941.0,112.28,107.1,109.98,96.21,93.94,106.22,1.5484508387425702,2.0467910953204607,1.974594895161041,3.8551960214285965,0.26394443859786476,0.23002470223078963,11.86999999999999,-1.4815815727647494,0.4471712437705646,2.1559911749284426
2013-12-20,110.34,97.85,2.52,13.79,93.7211,337702,4.25,16.0,0.01130161500525971,0.006356388020519467,-0.014018921179330818,-4731.0,109.1,109.32,108.8,97.23,93.92,103.1,1.360882066897273,2.0870921848071617,2.171289939182655,3.477865398096257,0.21975364995088864,0.2667466736039775,12.490000000000009,0.5939618746731039,0.2420819207655787,-0.495500092579525
2013-12-27,111.72,99.15,2.62,12.46,93.7018,330695,4.45,23.0,0.012429233232691236,0.013198161123719902,0.04598511324182344,-7007.0,110.34,111.32,108.63,97.85,92.97,103.14,1.428752369494427,2.2185020881567494,1.2293087488485055,3.0376441230309252,0.215309854241277,0.3172036913690947,12.569999999999993,0.6792896746250561,0.556423333811837,1.0934203671407186
2014-01-03,108.73,96.47,2.6,13.76,93.853,326737,4.36,30.0,-0.027127996067317858,-0.02740177578334281,-0.020432038817205855,-3958.0,111.72,112.28,110.3,99.15,96.21,102.7,1.3532522553719153,2.2001713087582817,1.1337695239019212,2.456310826990418,0.084606934310355,0.3431008333102372,12.260000000000005,-1.3768530840764999,-1.3003135487219621,-0.658843239666736
2014-01-10,107.01,92.42,2.49,12.14,94.0045,319079,4.31,37.0,-0.015945456970748256,-0.04288867374034191,-0.011534153245286742,-7658.0,108.73,109.1,110.11,96.47,97.23,101.51,2.0344532435036347,2.260402719550166,2.914862775500025,2.1560647373206563,0.084606934310355,0.35837596645608094,14.590000000000003,-0.8597109081092916,-2.0856777741503123,-0.4060688279917854
2014-01-17,107.83,92.98,2.44,12.44,94.5846,320069,4.39,44.0,0.007633624855070985,0.006041010820318418,0.01839132297142367,990.0,107.01,110.34,107.82,92.42,97.85,97.57,2.0554216923385185,2.259967149132006,3.154895666525701,2.2099833744066806,0.05852349955413029,0.3675801293801767,14.849999999999994,0.4242667844221957,0.226760141333124,0.38617888153595364
2014-01-24,109.14,96.19,2.38,18.14,94.8555,326490,5.08,51.0,0.012075548864104843,0.03394098590208554,0.14598203450331068,6421.0,107.83,111.72,107.61,92.98,99.15,96.94,0.9513980940361816,2.2229156052093213,2.1113108092674207,2.1716911438427076,0.36482872693917223,0.4476292770775432,12.950000000000003,0.6466764942684979,1.4978596284412558,3.3572252046895543
2014-01-31,108.83,97.29,2.33,18.41,95.1774,326930,5.29,58.0,-0.002844430050115573,0.011370806822812107,0.04050698427981742,440.0,109.14,108.73,104.54,96.19,96.47,94.31,0.9718496111379638,1.7228693473049963,2.3863081667426687,2.217672134688113,0.49073923829264915,0.5033064913573206,11.539999999999992,-0.15310073482441364,0.4366798462019025,0.820720717980809
2014-02-07,107.73,97.78,2.41,15.29,94.7457,329983,6.35,65.0,-0.010158934801869052,0.005023848163163255,0.18263656703439218,3053.0,108.83,107.01,107.1,97.29,92.42,93.94,0.7083019600911983,1.654890594206225,2.1582863572741666,2.2409001167691036,0.8118035476641082,0.7341207893346456,9.950000000000003,-0.5350840928069802,0.1514429519773113,3.685231758675127
2014-02-14,109.12,100.21,2.43,13.57,94.2711,330956,6.55,72.0,0.012820097189050752,0.02454792691973792,0.031010236742560218,973.0,107.73,107.83,109.32,97.78,92.98,93.92,0.6652568426322829,1.6572784828450897,1.6972993253976614,2.467112623487662,0.7398817473083208,0.8861574352224253,8.91000000000001,0.7035676163090278,1.0350162429186334,0.4612252933654406
2014-02-21,109.74,102.93,2.4,14.68,94.6571,331024,6.0,79.0,0.0056657375356773,0.026781161468230584,-0.08770558041910557,68.0,109.12,109.14,111.32,100.21,96.19,92.97,0.8405751998893883,1.5528748998389417,2.588466405678908,2.8547455175023067,0.5537974960819821,0.9042726861456536,6.809999999999988,0.3033782023301907,1.1057616542861326,-2.026129996162805
2014-02-28,109.17,102.77,2.33,14.0,94.3879,332453,5.1,86.0,-0.005207631338651174,-0.0015556639014864516,-0.16251892949777494,1429.0,109.74,108.83,112.28,102.93,97.29,96.21,0.8542833253683618,1.2373199287431476,2.4376405942347814,3.2440858776889305,0.6416125518306781,0.847899365097838,6.400000000000006,-0.2840086675800928,-0.20450162131758248,-3.2495397095854317
2014-03-07,109.14,103.07,2.42,14.11,94.2532,338333,6.24,93.0,-0.00027483853409230084,0.002914887411719528,0.2017396426510563,5880.0,109.17,107.73,109.1,102.77,97.78,97.23,0.2990401310902248,1.2375550186746307,1.3621918611785182,3.5763375332199505,0.623718686588761,0.8799702990855479,6.070000000000007,-0.009838796929043752,0.020948530650384392,3.3259692742185796
2014-03-14,108.01,99.55,2.29,17.82,94.243,344183,4.58,100.0,-0.010407646327703121,-0.034748338538496,-0.30928118425524276,5850.0,109.14,109.12,110.34,103.07,100.21,97.85,0.7246378405813667,1.1974679726234374,1.6911140312412527,3.592290882971674,0.7751128950030596,0.8523923552406535,8.460000000000008,-0.5513685966791007,-1.6661583540919038,-4.472399532403861
2014-03-21,106.53,99.77,2.3,15.0,94.8547,350802,4.43,107.0,-0.013797179807276615,0.00220750641521052,-0.03329941406904945,6619.0,108.01,109.74,111.72,99.55,102.93,99.15,1.2448393470654544,0.9838745300664232,1.8882796403061106,3.6084676299457445,0.8202184668326904,0.8540633714334223,6.760000000000005,-0.7102926282441384,0.048918579475510975,-0.5409201612510828
2014-03-28,106.54,100.66,2.28,14.41,94.3683,348423,4.46,114.0,9.386586574693855e-05,0.008880964422798128,0.00674918197492855,-2379.0,106.53,109.17,108.73,99.77,102.77,96.47,1.2649242401565448,1.1145657531909663,1.6114460379820494,3.6019081643269417,0.8773967175685355,0.8453168672519125,5.88000000000001,0.05152068357230033,0.3570860192820794,0.019647177277517705
2014-04-04,105.26,100.46,2.31,13.96,94.2191,352341,4.45,121.0,-0.012087021563220154,-0.0019888630263153154,-0.002244669853823862,3918.0,106.54,109.14,107.01,100.66,103.07,92.42,1.1241737706728632,1.373478221249521,0.5336040979305091,3.005279697567064,0.06782329983164535,0.832306033459637,4.800000000000011,-0.6130001001821058,-0.1371236958559736,-0.09095065623273402
2014-04-11,106.51,102.72,2.26,17.03,93.6395,362354,4.63,128.0,0.01180539752944154,0.022247201619752386,0.039652771919993786,10013.0,105.26,108.01,107.83,100.46,99.55,92.98,0.6334561284483756,1.4468042107509724,1.2702329182718282,2.332635393453228,0.09251126057613851,0.8125865921223107,3.7900000000000063,0.708944184474341,0.974283428400721,0.507889135167637
2014-04-18,109.07,103.95,2.3,13.36,93.9629,365878,4.65,135.0,0.023751000485577187,0.011903174362370905,0.004310351501122263,3524.0,106.51,106.53,109.14,102.72,99.77,96.19,1.5987599361178433,1.4418199252937296,1.680979377226598,2.1642550681476767,0.10719919153947872,0.8306856423242294,5.11999999999999,1.3439805156000704,0.5040477860972736,-0.019285927426124387
2014-04-25,109.21,102.11,2.25,14.06,94.1623,367576,4.8,142.0,0.0012827562689854966,-0.0178593507365754,0.03174869831458027,1698.0,109.07,106.54,108.83,103.95,100.66,97.29,1.9481679427953877,1.4663692019297034,1.4514590360487942,1.8520447340635864,0.14338177476018987,0.8393323464985546,7.099999999999994,0.13195393690479618,-0.8702309141424419,0.37684771100957193
2014-05-02,109.15,100.51,2.18,12.91,93.8182,366004,4.76,149.0,-0.0005495512136840596,-0.015793438530798107,-0.00836824967051658,-1572.0,109.21,105.26,107.73,102.11,100.46,97.78,1.3179150200230765,1.499305647373727,1.4302767797391562,1.5126885056595454,0.08286535263131824,0.760818438899637,8.64,0.03869526378605524,-0.7543078567356094,-0.2090080675344981
2014-05-09,108.48,100.29,2.22,12.92,93.6614,366951,4.74,156.0,-0.006157258803867528,-0.0021912359365315673,-0.004210532536343382,947.0,109.15,106.51,109.12,100.51,102.72,100.21,0.33658827470540076,1.471660317774932,1.6964570924904505,1.5063650308154384,0.06344288770260377,0.5996564673109632,8.189999999999998,-0.2898704431530978,-0.1473475631019635,-0.1461538600054397
2014-05-16,109.53,101.92,2.14,12.44,93.6073,359725,4.46,163.0,0.009632660143569729,0.016122202723736306,-0.06088836967501249,-7226.0,108.48,109.07,109.74,100.29,103.95,102.93,0.4410876708046126,1.451068571778854,0.9399423741173012,1.4503907519480082,0.15534906930323064,0.5001545215776144,7.609999999999999,0.5683266572049758,0.6832377765086405,-0.9400906406218419
2014-05-23,110.72,103.82,2.17,11.36,93.7042,361382,4.52,170.0,0.010806007533704247,0.018470438575229745,0.013363227812166938,1657.0,109.53,109.21,109.17,101.92,102.11,102.77,0.9396098481120787,1.619087612507126,1.6258433708882192,1.5625181211079966,0.15231546211743832,0.4938776685730374,6.900000000000006,0.6109159180920525,0.7694032351195875,0.13956691921595693
2014-05-30,109.62,103.95,2.11,11.4,93.7606,357951,4.52,177.0,-0.00998465225138899,0.0012513839049390451,0.0,-3431.0,110.72,109.15,109.14,103.82,100.51,103.07,0.9153278101328223,1.6506057198581907,1.7383229465956545,1.6571449983201658,0.12328828005958523,0.13110255065355358,5.670000000000002,-0.5818146592885916,-0.02675395667965071,-0.04376875361651768
2014-06-06,108.98,103.23,2.19,10.73,93.9069,355221,4.61,184.0,-0.005855460463018043,-0.00695050582652319,0.019715863164417417,-2730.0,109.62,108.48,108.01,103.95,100.29,99.55,0.7288061013300383,1.6631350461771048,0.9278290072318601,1.5730830084640117,0.06184658438468322,0.1313190655224356,5.75,-0.34977965056915833,-0.4053906139393235,0.25518236537644373
2014-06-13,110.98,105.97,2.15,12.18,93.9168,354642,4.61,2.0,0.01818562574280281,0.026196526709245976,0.0,-579.0,108.98,109.53,106.53,103.23,101.92,99.77,0.9382785656025887,1.7274650809972898,1.1935207022337946,1.7948282183363478,0.051961524227552264,0.12183881552972169,5.010000000000005,1.007465263998893,1.168521976401124,-0.030116669807692224
2014-06-20,114.29,107.23,2.13,10.85,93.7591,356384,4.66,9.0,0.029389073011751456,0.011820025045309754,0.010787591128997385,1742.0,110.98,110.72,106.54,105.97,103.82,100.66,2.366789316071316,2.2331157741170693,1.8360373997626345,2.159012119775268,0.058309518948875726,0.11426643506212388,7.060000000000002,1.5813992527987222,0.4703430506536995,0.12199035938068281
2014-06-27,113.09,106.69,2.09,11.26,93.3983,353229,4.52,16.0,-0.010555116026270985,-0.005048627028684463,-0.030503454293414854,-3155.0,114.29,109.62,105.26,107.23,103.95,100.46,2.3440776437658224,2.0786204268197586,1.776626015793322,2.2368530044774015,0.058309518948875726,0.10645812948442065,6.400000000000006,-0.6916554554171966,-0.342404830013967,-0.4680472184589929
2014-07-04,110.26,105.52,2.13,10.32,93.3149,350822,4.41,23.0,-0.02534274872169806,-0.01102692479431075,-0.024637304385385063,-2407.0,113.09,108.98,106.51,106.69,103.23,102.72,1.862265645211788,1.7703149865263133,0.7579083057953199,2.289805304679105,0.10984838035545934,0.12288205727439844,4.740000000000009,-1.6626996100330336,-0.7136688990481116,-0.369746809507517
2014-07-11,107.03,103.25,2.05,12.08,93.4171,343297,4.19,30.0,-0.02973204416525338,-0.021747276567916928,-0.05117395552470824,-7525.0,110.26,110.98,109.07,105.52,105.97,103.95,3.23462903591782,1.9824816098359712,1.7656797557863273,2.293600286172485,0.19841034919257908,0.17020486764392456,3.780000000000001,-1.8554914591908753,-1.2286916059724082,-0.7439914117582869
2014-07-18,105.39,102.37,1.99,12.06,93.6608,339328,4.11,37.0,-0.015441414050438916,-0.008559530909462638,-0.01927770542590319,-3969.0,107.03,114.29,109.21,103.25,107.23,102.11,3.42614822602132,2.40260590849178,1.9940473916118118,2.2783146016838094,0.1901534468091293,0.19842371253698293,3.019999999999996,-0.9631389132034465,-0.5235897064513378,-0.2744703779220217
2014-07-25,106.34,104.35,1.95,12.69,93.8294,335631,3.84,44.0,0.008973753130347,0.019156932591530212,-0.0679506619085079,-3697.0,105.39,113.09,109.15,102.37,106.69,100.51,2.113141421360341,2.5998477519535195,1.3647069282428295,2.0425361166652722,0.2354251473400087,0.2606678485596519,1.990000000000009,0.5215712067834677,0.936715683641713,-0.9920295062999003
2014-08-01,105.71,102.19,2.05,17.03,94.4754,334167,3.79,51.0,-0.0059420122956208325,-0.02091680789909203,-0.013106347505300434,-1464.0,106.34,110.26,108.48,104.35,105.52,100.29,0.7251379179176777,2.818177468228121,0.9885342684976127,1.7816189011946948,0.19720970226319168,0.30007069874017256,3.519999999999996,-0.3872819505566755,-1.1565337263795314,-0.18233926347216606
2014-08-08,103.6,97.5,1.99,15.77,94.6027,335568,3.92,58.0,-0.02016216595518899,-0.04698144762031621,0.03372563470803612,1401.0,105.71,107.03,109.53,102.19,103.25,101.92,1.1749326221824543,3.264214950402107,2.9047934522086596,2.5769201431642514,0.14059397806001134,0.3222882203396342,6.099999999999994,-1.2245627877537413,-2.3624752205265467,0.5075879238131801
2014-08-15,101.94,97.17,1.92,13.15,94.2941,331094,3.9,65.0,-0.016152924913487007,-0.003390356152453806,-0.005115100666770377,-4474.0,103.6,105.39,110.72,97.5,102.37,103.82,2.014222347872356,3.75082081925892,3.540784988293953,3.216970624672097,0.059090326338079174,0.33472738794788875,4.769999999999996,-0.9633804336119615,-0.2017744480417297,-0.06227433876153714
2014-08-22,99.88,94.95,1.87,11.47,94.8012,329024,3.85,72.0,-0.02041493950032318,-0.023111584593052716,-0.012903404835907841,-2070.0,101.94,106.34,109.62,97.17,104.35,103.95,2.4747306250717873,4.391689379505896,3.043488951843726,4.001339548428912,0.05802298395240118,0.3425959277296834,4.929999999999993,-1.1791887625192545,-1.1517675915020755,-0.18452855541136678
2014-08-29,100.64,96.25,1.87,11.98,94.7251,328119,4.01,79.0,0.007580327540558003,0.013598535909598664,0.04071809301878498,-905.0,99.88,105.71,108.98,94.95,102.19,103.23,1.629590950719847,4.745718564872334,1.1415888051286496,4.380494644824529,0.06683312551975049,0.32052395551752333,4.390000000000001,0.4730792584059258,0.6792687404963882,0.5852642223918799
2014-09-05,100.45,94.06,1.94,12.09,95.2203,327428,3.93,86.0,-0.0018897016911869429,-0.023016096650991677,-0.020151815437307815,-691.0,100.64,103.6,110.98,96.25,97.5,105.97,0.8704548619359315,4.834070058794917,1.376138922248956,4.723504974320148,0.06701989754348062,0.2906875340021242,6.390000000000001,-0.07976556464343572,-1.115315844205246,-0.3005075756060842
2014-09-12,97.32,92.43,2.04,13.31,96.0748,331101,3.91,93.0,-0.03165557334562165,-0.017481275240215654,-0.00510205188389551,3673.0,100.45,101.94,114.29,94.06,97.17,107.23,1.535998589409418,4.573746143795353,1.6041067088347607,4.867758724505847,0.0660807586725406,0.23284147292771057,4.889999999999986,-1.8124595161829904,-0.8313105451662903,-0.08706154792942508
2014-09-19,97.02,93.52,2.0,12.11,96.3417,326828,3.95,100.0,-0.0030873750982513427,0.011723715887126658,0.010178204915756052,-4273.0,97.32,99.88,113.09,92.43,94.95,106.69,1.953942595540514,4.094991397482852,1.6067047021762921,4.634342161810018,0.043204937990207845,0.17516009992591158,3.5,-0.10984340231410357,0.6647540659981611,0.1252303843174104
2014-09-26,95.01,93.15,1.95,14.85,97.208,325465,3.88,107.0,-0.020934993598412218,-0.003964220116215436,-0.017880425277848524,-1363.0,97.02,100.64,110.26,93.52,96.25,105.52,2.247620964486819,3.9902528020473023,0.6843488389183237,4.328082628881618,0.029860788113156404,0.11425648976990575,1.8599999999999994,-1.167293532409452,-0.112879448098223,-0.27942082063957135
2014-10-03,93.41,91.44,1.88,14.55,97.9846,330380,4.02,114.0,-0.016983743333900916,-0.018528077561042352,0.0354467489957475,4915.0,95.01,100.45,107.03,93.15,94.06,103.25,1.8336302789821948,4.262317889116511,0.91624232602278,4.268656377916797,0.06055300708253906,0.08795229423159634,1.9699999999999989,-0.8943181760786658,-0.8642048307518126,0.505429617364143
2014-10-10,90.19,87.63,1.86,21.24,97.4144,339303,3.87,121.0,-0.03507984970714051,-0.04255961441879601,-0.038027395589239135,8923.0,93.41,97.32,105.39,91.44,92.43,102.37,2.88504621568991,4.906120713409857,2.6936035343004443,4.572052121975749,0.06976149845536841,0.06707639245097965,2.5600000000000023,-1.928375624659582,-2.056892900721684,-0.5748279752874078
2014-10-17,85.5,82.88,1.83,21.99,97.3067,346414,3.82,128.0,-0.0534021802349022,-0.05572962655658634,-0.013004084423206684,7111.0,90.19,97.02,106.34,87.63,93.52,104.35,4.194888754981012,5.792972950572469,4.557225032845789,4.932289022350797,0.08578072821680967,0.06907944482235745,2.6200000000000045,-2.7813247290362453,-2.550483465776385,-0.21767977622432974
2014-10-24,85.58,82.12,1.88,16.11,97.4772,348475,3.63,135.0,0.0009352350459562626,-0.009212186360440003,-0.05101777434172437,2061.0,85.5,95.01,105.71,82.88,93.15,102.19,3.845993586404648,6.1222839370666415,4.360354534514757,5.15167316156978,0.16093476939454382,0.1011262337453082,3.4599999999999937,0.26405066316744913,-0.2596207005419818,-0.7790259321885417
2014-10-31,85.56,81.29,1.85,14.03,98.1163,348935,3.65,142.0,-0.0002337267744658512,-0.010158584392251839,0.00549451931764078,460.0,85.58,93.41,103.6,82.12,91.44,97.5,2.3219155166942063,6.267011031802225,2.841842125569941,5.657357973685781,0.12038133853195411,0.12194136693383725,4.269999999999996,0.21941858443198015,-0.2872551360903159,0.06141081579465932
2014-11-07,83.04,78.24,1.81,13.12,99.0236,346150,3.83,149.0,-0.029895464796626286,-0.03824198203191918,0.0481376355981545,-2785.0,85.56,90.19,101.94,81.29,87.63,97.17,1.2537942414919212,6.561008791614273,2.0347215206667406,6.258283722516647,0.10719919153960665,0.12196310917648756,4.800000000000011,-1.4151201724391906,-1.625590265310033,0.692546490898555
2014-11-14,79.9,76.5,1.78,13.31,99.0917,348758,4.16,156.0,-0.03854656664534956,-0.022490284894071667,0.08265027108061739,2608.0,83.04,85.5,99.88,78.24,82.88,94.95,2.691963347942294,7.112933802077071,2.6236409180115947,6.896539920771094,0.24540782383631468,0.14892544402748467,3.4000000000000057,-1.864699008926711,-0.8347037037868383,1.176272139960757
2014-11-21,77.62,75.38,1.78,12.9,99.2894,350704,4.34,163.0,-0.02895072683146873,-0.014748752993500865,0.04235927383914143,1946.0,79.9,85.58,100.64,76.5,82.12,96.25,3.486449961397828,7.4142508152556035,2.5761130280583093,7.106437542500172,0.3122498999200309,0.19635118507099267,2.240000000000009,-1.27377830437564,-0.43930347896611016,0.5797243492049263
2014-11-28,76.63,72.36,1.71,13.33,100.0719,347015,4.16,1.0,-0.01283648095844741,-0.040888327311894956,-0.04235927383914151,-3689.0,77.62,85.56,100.45,75.38,81.29,94.06,2.845984012603915,7.321425386970279,2.471436829052858,7.539044831389326,0.21266170318151947,0.20869725789894947,4.269999999999996,-0.3775980193408855,-1.6579705422599604,-0.6514729335806352
2014-12-05,69.72,67.18,1.66,11.82,101.0989,348313,3.75,8.0,-0.09450142433049272,-0.07427807634294764,-0.10375923429085245,1298.0,76.63,83.04,97.32,72.36,78.24,92.43,4.3842701787180385,8.152188588831955,4.16782517227703,8.41786857604924,0.24984995497311055,0.21544175898638313,2.539999999999992,-4.230357503150647,-2.9875230001754627,-1.4914687622486313
2014-12-12,64.08,61.14,1.54,21.08,101.3735,347466,3.66,15.0,-0.08435491789171638,-0.09420926772145838,-0.024292692569044472,-847.0,69.72,79.9,97.02,67.18,76.5,93.52,6.349421889694269,9.191319356607877,6.247268736549342,9.448696358693537,0.32520506351132217,0.22788055084745806,2.9399999999999977,-3.331114101056698,-3.462484825320368,-0.3563798165857532
2014-12-19,59.77,55.89,1.5,16.49,102.0483,354733,3.69,22.0,-0.06962843992394088,-0.0897808431810817,0.008163310639160835,7267.0,64.08,77.62,95.01,61.14,75.38,93.15,7.296679610160205,10.286199050625747,7.16176130571252,10.480930266079655,0.23302360395478317,0.23567440302760892,3.8800000000000026,-2.5008520567042964,-2.984541863385986,0.10921843324761814
2014-12-26,58.69,55.58,1.52,14.5,102.3028,352979,2.94,29.0,-0.01823450826591978,-0.005562048967249182,-0.22721687670184557,-1754.0,59.77,76.63,93.41,55.89,72.36,91.44,5.010552198443466,10.810837435675795,5.454951114965977,10.787488087707178,0.38183766184084944,0.3543709749383888,3.1099999999999994,-0.34444340069166435,0.15599783280167465,-2.9795766098380163
2015-01-02,56.03,53.44,1.46,17.79,102.9027,348806,3.09,36.0,-0.046382092993049885,-0.03926389508596734,0.0497615095590638,-4173.0,58.69,69.72,90.19,55.58,67.18,87.63,3.3498793510601526,11.322489286211175,3.271649685811293,11.087647781803549,0.386134691526277,0.40641074908237096,2.5900000000000034,-1.4690468348267043,-1.074019790448234,0.7042983612434983
2015-01-09,49.47,48.77,1.39,17.55,103.1213,354195,3.03,43.0,-0.12452083633757594,-0.091444159506429,-0.019608471388376313,5389.0,56.03,64.08,85.5,53.44,61.14,82.88,4.6220630314458475,12.563177887635232,3.2857977215083842,11.876355775874647,0.3406244266051671,0.4514110872552503,0.6999999999999957,-3.9812021210502766,-2.800518933589159,-0.21908102684724987
2015-01-16,46.58,47.07,1.34,20.95,103.2189,364266,3.08,50.0,-0.060195160783422304,-0.03547951430891035,0.01636697746420541,10071.0,49.47,59.77,85.58,48.77,55.89,82.12,5.623050032380794,13.330630568868063,3.9649674231537033,12.21201147405388,0.06855654600477258,0.48172983752683857,-0.490000000000002,-1.630145669148907,-0.8314282442386072,0.24786831285424382
2015-01-23,46.44,46.46,1.29,16.66,104.3676,373140,2.95,57.0,-0.003010107626504224,-0.013044128070787865,-0.04312442663375457,8874.0,46.58,58.69,85.56,47.07,55.58,81.29,4.489402335870962,13.230881318134058,3.1583803866334037,11.97032350009676,0.06396613687546762,0.5181142965045673,-0.020000000000003126,0.34351233879491716,-0.06269405022806976,-0.5387742315918794
2015-01-30,46.76,45.32,1.21,20.97,105.5884,379473,2.91,64.0,0.006866979774176976,-0.02484329118245748,-0.01365208916832732,6333.0,46.44,56.03,83.04,46.46,53.44,78.24,1.4442847133869183,12.614733419396057,1.439409601192205,11.550223236724934,0.07675719293182016,0.5415298195432496,1.4399999999999977,0.7036987811288601,-0.46019018381351334,-0.13573144786309527
2015-02-06,54.62,50.58,1.3,17.29,105.1283,383800,2.72,71.0,0.15537197944169123,0.10980780508201353,-0.06752120087549518,4327.0,46.76,49.47,79.9,45.32,48.77,76.5,4.015470084559226,11.198125756328556,2.267456357537569,10.28490608522104,0.14888474289454737,0.5366732542415188,4.039999999999999,4.716214248229173,3.6669007008963495,-0.8314791413395619
2015-02-13,56.57,51.14,1.36,14.69,104.8452,391516,2.75,78.0,0.035078693309505485,0.011010728621221582,0.010969031370573937,7716.0,54.62,46.58,77.62,50.58,47.07,75.38,5.255551826401358,9.515897065947097,2.9159046623653544,8.483188856899073,0.11441882129605473,0.46409491584059837,5.43,1.2883085970678896,0.6262812115725118,0.218171991011393
2015-02-20,60.57,51.69,1.46,14.3,105.3387,399943,2.9,85.0,0.06832091163779139,0.010697369344907236,0.05310982531394833,8427.0,56.57,46.44,76.63,51.14,46.46,72.36,5.801844534283168,7.420058196292484,2.9434262914734415,6.382687521726116,0.09899494936668377,0.3661377038517341,8.880000000000003,2.119019546841406,0.6354209595586998,0.7684803570554876
2015-02-27,60.63,49.16,1.37,13.34,105.5981,410246,3.13,92.0,0.0009900990907835108,-0.05018405451011387,0.07632226755963355,10303.0,60.57,46.76,69.72,51.69,45.32,67.18,2.9973919218756855,6.236638262572671,1.0872710486980368,4.567802999519832,0.18734993995224614,0.30879408653468454,11.470000000000006,0.28023365048092297,-1.205834544089185,1.08263377411852
2015-03-06,60.12,50.38,1.51,15.2,107.4337,415425,3.04,99.0,-0.008447255198865722,0.024513986226630143,-0.029175489133931445,5179.0,60.63,54.62,64.08,49.16,50.58,61.14,1.9483390362030424,5.803228137699351,1.095669506133246,3.371450546556607,0.1662327685308786,0.2469250284944247,9.739999999999995,0.03244557783786276,1.0662372517290781,-0.31707758640807965
2015-03-13,56.51,47.69,1.45,16.0,108.9174,425047,2.76,106.0,-0.06192495124302176,-0.05487253861433129,-0.09662683568907177,9622.0,60.12,56.57,59.77,50.38,51.14,55.89,1.9781367495682902,5.616987964014385,1.7078836806616668,2.978154808031991,0.1621470525997125,0.14005410210041996,8.82,-1.3743542248669607,-1.302934711451557,-1.1744979973385248
2015-03-20,52.72,44.39,1.33,13.02,107.1671,433217,2.8,113.0,-0.06942272344750014,-0.07170751346418908,0.01438873745209967,8170.0,56.51,60.57,58.69,47.69,51.69,55.58,3.673767366976138,5.466371296529247,2.5885710343747843,2.736814532970169,0.18062391868218397,0.14591404692802035,8.329999999999998,-1.530161069383838,-1.74679461200842,0.28238670293262547
2015-03-27,55.01,48.68,1.37,15.07,106.8916,437983,2.79,120.0,0.04252009669311497,0.09225404927338245,-0.003577821347883855,4766.0,52.72,60.63,56.03,44.39,49.16,53.44,3.1059405446109922,5.438409415417403,2.521249690134669,2.3233418655549456,0.12945398152797277,0.14164616607462407,6.329999999999998,1.3801430310540772,2.827367658058747,0.04384279647641445
2015-04-03,54.79,48.91,1.36,14.67,105.8861,449662,2.64,127.0,-0.004007291337042357,0.0047136064319393935,-0.055262678675049415,11679.0,55.01,60.12,49.47,48.68,50.38,48.77,1.5585757387194135,5.264437004058521,2.0865821335390153,2.3254773051929805,0.07365459931406233,0.1545153714036369,5.880000000000003,0.17550611226610258,0.4116778062479537,-0.6207869446118471
2015-04-10,56.51,51.78,1.39,12.58,107.4526,450956,2.67,134.0,0.030909918091427565,0.0570220997721259,0.011299555253933247,1294.0,54.79,56.51,46.58,48.91,47.69,47.07,1.5585757387194135,4.6941868466773675,3.046123219219914,2.4636847250085308,0.08185352771943252,0.14971690457378417,4.729999999999997,1.0699634109188487,1.8173984736066011,0.292783694384146
2015-04-17,59.12,54.78,1.36,13.89,106.329,456271,2.61,141.0,0.04515166299819431,0.056321189511540616,-0.022728251077556175,5315.0,56.51,52.72,46.44,51.78,44.39,46.46,1.9939470905698102,3.931803792231968,2.865988776438279,2.8679921178198486,0.07889866919104319,0.15857318356348535,4.339999999999996,1.3962939026145944,1.7390407951141857,-0.15731613797452196
2015-04-24,61.41,56.14,1.39,12.29,105.905,458181,2.6,148.0,0.0380034117013614,0.024523407098804358,-0.0038387763071656015,1910.0,59.12,55.01,46.76,54.78,48.68,45.32,2.9097236409423584,2.8816467303941793,3.225237717337513,3.110665913311889,0.0316227766035711,0.16588376726620568,5.269999999999996,1.1810817678043588,0.8811456390295542,0.15006354095077917
2015-05-01,63.49,57.98,1.52,12.7,105.6382,454079,2.57,155.0,0.033309724841050756,0.03224955255977299,-0.011605546120308003,-4102.0,61.41,54.79,54.62,56.14,48.91,50.58,3.0029138626772793,3.22590778860922,2.6128656044024448,3.797822342534291,0.04193248541946108,0.1764721627975041,5.510000000000005,1.047799543916249,1.078691697248356,0.04727789200459999
2015-05-08,65.01,59.73,1.57,12.86,104.8424,451888,2.75,162.0,0.023658691034018988,0.029736283250705188,0.06769501277135147,-2191.0,63.49,56.51,56.57,57.98,51.78,51.14,2.5597835194914254,3.73668170326544,2.158863512746688,4.549440441783086,0.08015609771015104,0.1764721627975041,5.280000000000008,0.7960167501524986,1.0099938755406836,1.1646080554870484
2015-05-15,64.9,60.01,1.59,12.38,104.0202,449214,2.88,169.0,-0.0016934805063330315,0.004676808257206914,0.046189382469374506,-2674.0,65.01,59.12,60.57,59.73,54.78,51.69,1.6777241529306661,4.110917836025066,1.7914705319007398,5.131870930023711,0.1435270009444805,0.1752400950384799,4.890000000000008,0.1633473765376569,0.34759612742754475,0.8322664530368629
2015-05-22,64.31,58.95,1.57,12.13,105.8487,446412,2.99,176.0,-0.009132483563272587,-0.01782158801804144,0.03748309325474069,-2802.0,64.9,61.41,60.63,60.01,56.14,49.16,0.6964852235765031,4.358327104694955,0.9098855239361593,5.3322407024710685,0.18062391868219874,0.15224581399431825,5.359999999999999,-0.01835325763866333,-0.2355396760832779,0.8060450645985572
2015-05-29,61.57,58.19,1.51,13.84,106.7388,444464,2.8,183.0,-0.043540401223653005,-0.012976108314801492,-0.06565397022143701,-1948.0,64.31,63.49,60.12,58.95,57.98,50.38,1.6145252140057489,4.3972576681385815,0.8201625855088521,5.421318957820369,0.10472185381656574,0.12525126261991776,3.3800000000000026,-0.8569346940744553,-0.11758926303147171,-1.2001003073055183
2015-06-05,61.9,59.66,1.68,14.21,107.1336,438447,2.65,0.0,0.005345440767431591,0.0249482604180239,-0.05505977718302731,-6017.0,61.57,65.01,56.51,58.19,59.73,47.69,1.6798214190780734,4.326249337860323,0.8062826220802283,5.266646912122367,0.1430617582262255,0.12752599259713165,2.240000000000002,0.3453339147205361,0.8694446658807581,-0.967852965278046
2015-06-12,63.24,60.07,1.65,13.78,105.9015,435771,2.78,7.0,0.02141683265072095,0.006848769775467651,0.04789128770441485,-2676.0,61.9,64.9,52.72,59.66,60.01,44.39,1.2633948973539662,3.7277822637681144,0.8266145816936492,4.262395826506104,0.14011899704696185,0.1266437379566841,3.1700000000000017,0.7314926690940199,0.395159155957379,1.1318747771249555
2015-06-19,60.65,59.89,1.61,13.96,105.4496,430837,2.9,14.0,-0.04181737695121219,-0.0030010025856990197,0.0422598092898826,-4934.0,63.24,64.31,55.01,60.07,58.95,48.68,1.0727845387867208,3.235417166676926,0.8582297672157432,3.6374952879276043,0.10275375094587638,0.1352662917987128,0.759999999999998,-0.8101809821584245,0.1368502465423765,0.9943124875949049
2015-06-26,60.84,60.01,1.77,14.02,106.4116,433223,2.8,21.0,0.003127832001033132,0.0020016687250504856,-0.03509131981127017,2386.0,60.65,61.57,54.79,59.89,58.19,48.91,1.1897443702996862,2.497592022147412,0.18117670932481048,2.611566782719657,0.10275375094587638,0.13273349923130376,0.8300000000000054,0.2948300691847188,0.2780010232058735,-0.5520985679802412
2015-07-03,60.36,57.92,1.76,16.79,106.9106,433714,2.79,28.0,-0.007920833491443997,-0.03544846692396053,-0.003577821347883855,491.0,60.84,61.9,56.51,60.01,59.66,51.78,1.326433187157593,1.9213079509614601,1.037701787606557,1.7051177423128874,0.05560275772638776,0.13066264681511655,2.4399999999999977,0.03627344578952417,-0.6895135228440021,0.0923118138968868
2015-07-10,56.63,52.38,1.77,16.83,107.213,429368,2.75,35.0,-0.06378775377393445,-0.10053790899789512,-0.01444068415479436,-4346.0,60.36,63.24,59.12,57.92,60.07,54.78,2.0030809602524866,2.3701455971139476,3.5773826558908755,2.2492360655979486,0.06377042156658225,0.12201589563611491,4.25,-1.298627499269394,-2.268945056812761,-0.11469547367252195
2015-07-17,57.17,51.68,1.66,11.95,108.5374,431836,2.89,42.0,0.00949040515016625,-0.01345397960521953,0.049655590445860966,2468.0,56.63,60.65,61.41,52.38,59.89,56.14,2.1564631537139305,2.7550816684816226,4.103789915026014,2.925429131949573,0.059090326338409355,0.1133344474098729,5.490000000000002,0.48007644025865814,-0.07305010309594435,1.1661913013627148
2015-07-24,55.75,49.21,1.57,13.74,109.0174,427633,2.88,49.0,-0.02515187493565182,-0.04897400459645951,-0.003466207976486284,-4203.0,57.17,60.84,63.49,51.68,60.01,57.98,2.008803541080827,3.166237012320036,3.6757436889246935,3.8809648128766168,0.06849574196093533,0.09013457951444849,6.539999999999999,-0.35410474179961066,-0.9438358521699515,0.0899795156020579
2015-07-31,54.14,47.91,1.53,12.12,108.7819,423226,2.87,56.0,-0.029304126154072983,-0.026772603982856132,-0.003478264376324697,-4407.0,55.75,60.36,65.01,49.21,57.92,59.73,1.3246225877554134,3.464187779220471,2.0921201367680085,4.636831467781045,0.06551081335763104,0.08809430208935183,6.230000000000004,-0.4400777752525509,-0.3715769074791876,0.07195727358052331
2015-08-07,48.59,44.94,1.45,13.39,109.4376,421822,2.8,63.0,-0.1081555357683434,-0.06399598413784761,-0.024692612590371636,-1404.0,54.14,56.63,64.9,47.91,52.38,60.01,3.758034725756453,4.4719878130428175,2.8060232833443397,5.50673657689117,0.0408248290477494,0.08712582332990072,3.6500000000000057,-2.2193356940981435,-1.2631415870003748,-0.34961578186103054
2015-08-14,47.94,43.2,1.47,12.83,109.9174,424442,2.88,70.0,-0.01346751941157348,-0.03948777150711839,0.02817087696669644,2620.0,48.59,57.17,64.31,44.94,51.68,58.95,3.9212965542862905,5.081211082075763,2.739762763453123,6.314899408973414,0.03862210075563009,0.07279589565522551,4.739999999999995,-0.007923011739044626,-0.6350707571162459,0.7196798497200804
2015-08-21,46.0,41.34,1.41,28.03,110.1443,418990,2.75,77.0,-0.04130883251714321,-0.044009940996442384,-0.04618938246937458,-5452.0,47.94,55.75,61.57,43.2,49.21,58.19,3.492805701246063,5.84903171214693,2.7931031130276374,7.067597583766261,0.061373175465989575,0.07517655985424744,4.659999999999997,-0.6426279258922816,-0.7298263938447515,-0.7720573199631828
2015-08-28,43.53,40.73,1.47,26.05,110.6714,423657,2.69,84.0,-0.05519104092488882,-0.014865632593301162,-0.02205971806473222,4667.0,46.0,54.14,61.9,41.34,47.91,59.66,2.2738880066213505,6.554644432489614,1.907098581616866,7.392982339948191,0.0804155872128076,0.06789028582275208,2.8000000000000043,-0.9360111656128153,0.007788226999651581,-0.274441911163733
2015-09-04,48.87,46.73,1.42,27.8,111.1018,426062,2.69,91.0,0.11571335571785724,0.13742143505201357,0.0,2405.0,43.53,48.59,63.24,40.73,44.94,60.07,2.3616731357217415,6.125283110340419,2.6994690836048294,6.851071360588549,0.08958236433648611,0.07652985157324109,2.1400000000000006,2.8203585045422246,3.397777810317344,0.17736488461651376
2015-09-11,47.6,45.16,1.49,23.2,110.6109,423958,2.7,98.0,-0.026330950044689102,-0.03417461743087351,0.0037105793965357746,-2104.0,48.87,47.94,60.65,46.73,43.2,59.89,2.3020136113099796,5.868853845049207,2.916996171864393,6.133915342115519,0.028722813234718102,0.07633161305461475,2.440000000000005,-0.2747878704492063,-0.4624509506542293,0.24205183207071224
2015-09-18,47.34,45.48,1.44,22.28,109.8165,422033,2.7,105.0,-0.005477157151536426,0.0070609296008739275,0.0,-1925.0,47.6,46.0,60.84,45.16,41.34,60.01,2.302498642776979,5.350916658939147,2.619115626823549,4.963575202198147,0.005773502702022617,0.08058028181997239,1.8600000000000065,0.1733450625054057,0.45923012685833203,0.1586606498902334
2015-09-25,47.33,45.57,1.47,23.62,111.3725,425988,2.61,112.0,-0.00021126016768134074,0.0019769363934559452,-0.03390155167568146,3955.0,47.34,43.53,60.36,45.48,40.73,57.92,0.734052677485341,4.5809476160080065,0.6862701120339209,3.6508092710152362,0.04358898943675609,0.09459242714261942,1.759999999999998,0.27814918520908594,0.336213031638124,-0.5397944078883208
2015-10-02,46.99,45.0,1.41,20.94,110.7006,429028,2.49,119.0,-0.007209530803432235,-0.01258711550547148,-0.04706751085798562,3040.0,47.33,48.87,56.63,45.57,46.73,52.38,0.25013329777665244,4.151942499018368,0.26762847382981375,3.0930316353000795,0.09949874371126192,0.12413030787578837,1.990000000000002,0.122499718193827,0.010326027783295557,-0.7963038584097696
2015-10-09,51.33,48.36,1.47,17.08,109.0782,436590,2.38,126.0,0.08834056345748728,0.07201053597627216,-0.04518222279323303,7562.0,46.99,47.6,57.17,45.0,45.16,51.68,2.0614295201769157,3.4195439843068876,1.5256555967859537,2.608197305001202,0.13964240043812706,0.15399724515443963,2.969999999999999,2.1041183570174837,1.847197511340825,-0.7710267600933244
2015-10-16,48.99,46.82,1.43,15.05,108.9956,444618,2.48,133.0,-0.04665918092172824,-0.03236256368382724,0.04115807249350755,8028.0,51.33,47.34,55.75,48.36,45.48,49.21,1.9828935086526767,2.6343446945493545,1.490109056413065,2.362353731241889,0.09416297927949613,0.15556349186105775,2.1700000000000017,-0.7225837985607525,-0.43752741972099946,0.9747433491402272
2015-10-23,46.81,45.16,1.43,14.46,110.4329,447994,2.38,140.0,-0.04551934033850418,-0.0360987227813035,-0.04115807249350756,3376.0,48.99,47.33,54.14,46.82,45.57,47.91,2.11199747474365,1.8784422947082542,1.5810017921150268,2.1926217529506653,0.06075908711289892,0.1624504586486517,1.6500000000000057,-0.6877115486773411,-0.5244473717869929,-0.6777371146961184
2015-10-30,47.15,44.99,1.41,15.07,110.2079,450841,2.12,147.0,0.00723715376748731,-0.003771496428380212,-0.11568439899946217,2847.0,46.81,46.99,48.59,45.16,45.0,44.94,2.074287026102439,1.8560074451270376,1.583821854461835,2.192805730039546,0.15405626677763756,0.20928992504962843,2.1599999999999966,0.4064629209873741,0.18558821492413066,-2.0833488500753643
2015-11-06,47.23,45.98,1.44,14.33,111.7603,454822,2.02,154.0,0.0016952748285592933,0.021766276481954505,-0.04831857727080768,3981.0,47.15,51.33,47.94,44.99,48.36,43.2,0.9803910784256811,1.8516698033422205,0.8412044935712051,2.1457187818785606,0.21571586249848584,0.23948650876154792,1.25,0.28336116403526096,0.7279236684300431,-0.7450009004410182
2015-11-13,44.75,42.7,1.42,20.08,112.0264,455074,2.11,161.0,-0.05393783918716134,-0.07400759910045648,0.04359043607486177,252.0,47.23,48.99,46.0,45.98,46.82,41.34,1.1709113259863417,1.970806633813208,1.4063990661750114,1.9560225567261689,0.1550000000004367,0.2499863632644578,2.049999999999997,-0.8528688144069538,-1.3207352502023393,1.0512074998635537
2015-11-20,41.54,40.62,1.33,15.47,111.7799,456035,2.09,168.0,-0.07443462627289821,-0.04993836408234032,-0.009523881511255479,961.0,44.75,46.81,43.53,42.7,45.16,40.73,2.678138345939107,2.363850704151706,2.400269082138821,1.9791157728696867,0.04509249752975629,0.25697983649236866,0.9200000000000017,-1.2392034372885252,-0.7875537438574786,0.009766730126785982
2015-11-27,43.65,40.49,1.3,15.12,112.2824,457212,2.15,175.0,0.04954646383764503,-0.003205526108168799,0.028303776162851724,1177.0,41.54,47.15,48.87,40.62,44.99,46.73,2.368352099383856,2.4972656258524,2.563453074794188,2.332791766154815,0.05439056290819976,0.2482346763557888,3.1599999999999966,1.261824448514766,0.21281628995798677,0.7357598455703594
2015-12-04,42.41,40.4,1.32,14.81,111.5463,453553,2.13,0.0,-0.028819098799111875,-0.0022252450769654534,-0.009345862418237658,-3659.0,43.65,47.23,47.6,40.49,45.98,45.16,1.4064227671610625,2.766968585206297,1.102039775449187,2.631899158747428,0.025819888977362187,0.22952520162680903,2.009999999999998,-0.3176286318897194,0.23910630368674557,0.008910824023211611
2015-12-11,38.76,36.93,1.25,24.39,112.7147,458354,1.96,7.0,-0.08999539646393388,-0.08980555610263251,-0.08317750647890781,4801.0,42.41,44.75,47.34,40.4,42.7,45.48,2.0758452093838713,3.4868345460486876,1.7889475490743318,3.343728185994691,0.08539125638380374,0.21253163757357801,1.8299999999999983,-1.5059072767705635,-1.585348071417466,-1.3876898507928672
2015-12-18,36.84,35.78,1.22,20.7,113.2837,452477,1.72,14.0,-0.05080457563545929,-0.03163515078389865,-0.13062018241706422,-5877.0,38.76,41.54,47.33,36.93,40.62,45.57,3.1604271863133238,4.241122189261452,2.4078621222997754,3.95401397508261,0.19916492328421556,0.2276943059668103,1.0600000000000023,-0.7132911559639982,-0.3529759910712449,-2.1726420552379055
2015-12-25,35.9,36.26,1.22,15.74,113.0496,455106,1.68,21.0,-0.025846915892873034,0.013326127246131872,-0.02353049741019416,2629.0,36.84,43.65,46.99,35.78,40.49,45.0,2.8791940423183093,4.860766868042327,2.0921818754606845,4.295912345333045,0.21156165374064823,0.2434536854716068,-0.35999999999999943,-0.2223898822160376,0.5763129393364197,-0.19102183608837073
2016-01-01,36.55,36.99,1.21,18.21,113.3429,450956,2.27,28.0,0.01794389070155427,0.01993240051765763,0.30098603807814384,-4150.0,35.9,42.41,51.33,36.26,40.4,48.36,1.229508709466612,4.641355274904335,0.5775234483029147,4.020509541052456,0.27146209066241667,0.23390460370923616,-0.44000000000000483,0.6237941884930559,0.6919731584969459,4.627310115927585
2016-01-08,34.19,34.65,1.19,27.01,115.0095,451190,2.38,35.0,-0.06674798254457753,-0.06534988020845042,0.047320656190071954,234.0,36.55,38.76,48.99,36.99,36.93,46.82,1.1869568933427954,4.739364169092334,0.9820047521981771,3.979366003256741,0.36399404757057047,0.22022543546160528,-0.46000000000000085,-1.0272899523314953,-1.081323299664452,0.8067137576612244
2016-01-15,29.1,30.59,1.18,27.02,115.7404,455169,2.32,42.0,-0.16119502947376302,-0.12462456747310012,-0.025533302005164762,3979.0,34.19,36.84,46.81,34.65,35.78,45.16,3.373509547437724,5.559197879245677,2.8605521028885406,4.479528181323264,0.32479480701945007,0.21347592299128487,-1.4899999999999984,-2.6674989064416406,-2.192439405366952,-0.27378695072967824
2016-01-22,27.76,29.19,1.19,22.34,115.9833,463552,2.2,49.0,-0.04714203853884302,-0.04684697329678866,-0.05310982531394829,8383.0,29.1,35.9,47.15,30.59,36.26,44.99,4.157170512097497,6.038350667846511,3.600124997830919,4.824318761768123,0.07632168761322651,0.21610007502139755,-1.4299999999999997,-0.5496844515362835,-0.6259144142345753,-0.6627934126730824
2016-01-29,31.75,31.81,1.18,20.2,115.5731,471344,2.22,56.0,0.1342965897000969,0.08595452089502931,0.009049835519917856,7792.0,27.76,36.55,47.23,29.19,36.99,45.98,2.856933087535071,5.575052112815602,2.3215224889442685,4.275911651863461,0.08485281374315949,0.21826276907353542,-0.05999999999999872,2.5985811210973857,1.9414108535597425,0.288745931118923
2016-02-05,32.18,31.26,1.12,23.38,114.2935,470676,2.11,63.0,0.013452416225536543,-0.01744138076772206,-0.050819248396213115,-668.0,31.75,34.19,44.75,31.81,34.65,42.7,2.1202574529175817,5.136501211619964,1.1309693482469627,4.0022435942699595,0.08616843969884493,0.21826276907353542,0.9199999999999982,0.47787571804986057,-0.0674415742707529,-0.5991129585083156
2016-02-12,30.41,28.14,1.03,25.4,114.2992,472823,2.16,70.0,-0.056573639874963874,-0.10514727330708755,0.023420274208098637,2147.0,32.18,29.1,41.54,31.26,30.59,40.62,1.9914902292803995,5.026404522543536,1.7262097207487885,4.14543661113829,0.04856267428249909,0.21883299291443653,2.2699999999999996,-0.7269081616550159,-1.7134492854013204,0.5145018714513565
2016-02-19,32.29,30.02,1.0,20.53,113.9558,476325,1.94,77.0,0.05998608308091055,0.06467177451907288,-0.107420248620837,3502.0,30.41,27.76,43.65,28.14,29.19,40.49,0.8636887942537966,4.250486246694258,1.6274187127700843,3.8311091043838563,0.12038133853219729,0.22354411130016577,2.2699999999999996,1.2561334224432856,1.4614065889894463,-1.4729609709922293
2016-02-26,33.12,31.32,0.96,19.81,114.3708,486699,1.82,84.0,0.025379744746875137,0.04239304491728652,-0.06385147198653267,10374.0,32.29,31.75,42.41,30.02,31.81,40.4,1.1400292393851112,3.3276257574766293,1.4891944130997794,3.187382796418545,0.15649813630457912,0.236162501834518,1.7999999999999972,0.6299358109533385,1.0114942121459987,-0.7976408144072565
2016-03-04,36.28,34.43,1.0,16.86,112.6387,490843,1.57,91.0,0.09112929572987709,0.09467140622782996,-0.14776088172848725,4144.0,33.12,32.18,38.76,31.32,31.26,36.93,2.4482987290470204,3.015871525879343,2.6460835839672137,2.962763861154898,0.24595053703297923,0.27548717178517323,1.8500000000000014,1.713093769805852,1.9290645052163589,-1.9648718224566988
2016-03-11,39.3,37.69,1.01,16.5,111.741,492160,1.64,98.0,0.07995789362827957,0.09046652992861169,0.04362062247589035,1317.0,36.28,30.41,36.84,34.43,28.14,35.78,3.202180246850648,3.3620704073897905,3.4259256656666723,3.195042917148381,0.1685971530013134,0.2845557409313358,1.6099999999999994,1.46675938977014,1.7735566273122017,0.8401666785568573
2016-03-18,38.5,38.32,1.04,14.02,110.4002,501517,1.79,105.0,-0.02056627758147697,0.01657714582361574,0.08751937801655665,9357.0,39.3,32.29,35.9,37.69,30.02,36.26,2.766032055729086,3.6230201489922353,3.23271815453702,3.449184686269469,0.11958260743163893,0.27397743769085814,0.17999999999999972,-0.24906778882535308,0.40183025266471983,1.5101320984679698
2016-03-25,39.41,39.45,1.02,14.74,111.7698,503816,1.79,112.0,0.023361349913173603,0.029062094189223547,0.0,2299.0,38.5,33.12,36.55,38.32,31.32,36.99,1.452753133417578,3.926653579491963,2.155061870729671,3.774262420417751,0.11056672193815686,0.2715778810112442,-0.04000000000000625,0.47510006954489326,0.6070112896366334,0.13118418394817616
2016-04-01,37.0,36.82,1.03,13.1,110.2977,498598,1.86,119.0,-0.06310167856268777,-0.06899287148695156,0.03836086787244637,-5218.0,39.41,36.28,34.19,39.45,34.43,34.65,1.1116166905253981,4.0412430580885825,1.1066164647275463,3.906387155167351,0.09273618495575221,0.2447200007925205,0.17999999999999972,-1.046324459913797,-1.2074065184720713,0.7257850660708225
2016-04-08,37.51,36.72,1.02,15.36,110.4213,505232,1.96,126.0,0.013689651449571492,-0.002719610052642138,0.05236798551731594,6634.0,37.0,39.3,29.1,36.82,37.69,30.59,1.0699065379685557,3.853283035480114,1.3059702651053997,3.9271952941996404,0.08041558721300034,0.21582119422985452,0.7899999999999991,0.30039237077101677,0.01882809522845229,0.9172158805863505
2016-04-15,42.35,41.23,1.02,13.62,110.1933,507312,1.9,133.0,0.12136085700426753,0.1158445809665188,-0.03109058707003112,2080.0,37.51,38.5,27.76,36.72,38.32,29.19,2.421602430896003,3.7912550892176626,2.1858712984389856,4.182072398398979,0.07135591542970221,0.19722314696044843,1.1200000000000045,2.084311733874369,2.099616672831962,-0.37864702988481574
2016-04-22,43.04,41.86,1.05,13.22,110.2331,509311,1.91,140.0,0.01616149475546559,0.015164570299045063,0.005249355886143745,1999.0,42.35,39.41,31.75,41.23,39.45,31.81,3.1602584282494446,4.073886071955913,2.7691198962858032,4.52796261629241,0.04112987559925139,0.1693548363822946,1.1799999999999997,0.35927065008025666,0.3358744060092434,0.17028289445156222
2016-04-29,44.46,44.3,1.06,15.7,108.8274,512095,1.92,147.0,0.03245999268252155,0.056653960033236306,0.005221943981151625,2784.0,43.04,37.0,32.18,41.86,36.82,31.26,3.017360877763121,4.345912307891452,3.162165660852107,4.936697153753212,0.026299556399480162,0.15305970314647172,0.1600000000000037,0.6539634545476559,1.0796319481344652,0.17133706548104813
2016-05-06,44.2,44.22,1.05,14.72,110.3801,508487,1.96,154.0,-0.005865119452398022,-0.0018075016217897128,0.02061928720273561,-3608.0,44.46,37.51,30.41,44.3,36.72,28.14,0.9908035459443086,4.02375333601533,1.5888019595506335,4.57342488202349,0.026299556399480162,0.12517866020097204,-0.01999999999999602,-0.01579147774789969,0.012281156477452912,0.4232510620270542
2016-05-13,45.2,45.44,0.95,15.04,111.2521,509797,2.0,161.0,0.022372297754532984,0.02721559898359566,0.02020270731751947,1310.0,44.2,42.35,32.29,44.22,41.23,30.02,0.8964188009273187,3.7993455377413454,1.503717615335992,4.274238546397674,0.04112987559923657,0.13068583656541088,-0.23999999999999488,0.49320916872298837,0.5238199482587219,0.4361566251619422
2016-05-20,48.34,47.99,0.96,15.2,112.1822,505571,1.89,168.0,0.06716228843715148,0.05459988145725835,-0.05657035148839435,-4226.0,45.2,43.04,33.12,45.44,41.86,31.32,1.9076337873544402,3.8229437927371825,1.758927229877596,4.146004557146011,0.04787135538930171,0.131111218113344,0.3500000000000014,1.271330826222212,1.0122452219035352,-0.7798025004259919
2016-05-27,48.73,48.72,0.95,13.12,112.0822,504205,1.84,175.0,0.008035481580077726,0.015096967531487262,-0.0268112574506567,-1366.0,48.34,44.46,36.28,47.99,44.3,34.43,2.2570832948718995,4.021219474314916,2.1163077123466825,4.2309107838151,0.0713559154296925,0.09777835169718914,0.00999999999999801,0.1886396408391822,0.27181190713362147,-0.32926041666579575
2016-06-03,48.91,49.0,0.93,13.47,111.4451,501844,2.15,1.0,0.0036870176958510325,0.0057306747089850745,0.15570227051867716,-2361.0,48.73,44.2,39.3,48.72,44.22,37.69,1.7462817642036021,4.3081700924473685,1.6218790542673684,4.4620449008236855,0.1373559851874245,0.09876126709799048,-0.09000000000000341,0.08967898144208375,0.07778936232485696,2.4551963677958657
2016-06-10,49.94,50.18,0.91,17.03,111.1027,500911,2.36,8.0,0.020840410300361326,0.023796242827649684,0.0931937768979473,-933.0,48.91,45.2,38.5,49.0,45.44,38.32,0.6827884005973668,4.452017843494256,0.9106545265198227,4.678302188148329,0.2417988144445817,0.1547921382390538,-0.240000000000002,0.41299577883598637,0.4456294969451125,1.4463409587437555
2016-06-17,47.39,47.89,0.92,19.41,111.5332,499994,2.59,15.0,-0.05241104887213021,-0.04670982658375827,0.09299625667392765,-917.0,49.94,48.34,39.41,50.18,47.99,39.45,1.047453260686886,4.282020462635317,0.94725480556767,4.594036565994457,0.3187998327061461,0.22874492873997024,-0.5,-0.91847862810014,-0.880802775274326,1.3925076674828771
2016-06-24,48.12,48.71,0.93,25.76,112.1355,495941,2.75,22.0,0.01528665512698104,0.016977633463933342,0.05994303596703364,-4053.0,47.39,48.73,37.0,47.89,48.72,36.82,1.0932825191399023,3.5999094054261986,0.9480682113317118,4.027003924266514,0.26272609310863426,0.30181647042232923,-0.5900000000000034,0.3276751783379169,0.34391135176301446,0.8821988117563233
2016-07-01,47.09,48.17,0.87,14.77,111.6509,493718,2.89,29.0,-0.021637226851014792,-0.011147927176321867,0.049655590445860966,-2223.0,48.12,48.91,37.51,48.71,49.0,36.72,1.2787102877470429,2.5243557533953496,1.0201102881573179,2.9695958045534834,0.2275045787087693,0.3729245597607343,-1.0799999999999983,-0.3329333718632208,-0.17620757782372895,0.7102973119573485
2016-07-08,45.96,46.17,0.76,13.2,112.3963,491172,2.82,36.0,-0.02428921127490832,-0.042406184123231855,-0.024519617174318727,-2546.0,47.09,49.94,42.35,48.17,50.18,41.23,0.8977378978985148,2.1787729379526297,1.097436406663829,2.4779871780424747,0.1284198842344303,0.40344726665291275,-0.21000000000000085,-0.36502642856056716,-0.7585157824756156,-0.3811799877047735
2016-07-15,45.54,45.6,0.89,12.67,112.2833,488830,2.81,43.0,-0.009180392344961364,-0.012422519998557209,-0.003552401604367772,-2342.0,45.96,47.39,43.04,46.17,47.89,41.86,1.16328199504239,1.8886840055261975,1.5095556741432126,1.971637336803166,0.057373048261207225,0.4165842342701331,-0.060000000000002274,-0.07270541722347675,-0.166766162672901,-0.07341503078284145
2016-07-22,45.22,44.44,0.86,12.02,112.989,490501,2.79,50.0,-0.007051593785769794,-0.02576775174891123,-0.007142887512380114,1671.0,45.54,48.12,44.46,45.6,48.71,44.3,0.8166343530958619,1.8071138885150024,1.5594122824549865,1.9532511747117025,0.0434932945036647,0.41412467014686616,0.7800000000000011,-0.024063102609085858,-0.409042702944246,-0.10976349267585869
2016-07-29,42.55,41.83,0.79,11.87,111.874,491914,2.85,57.0,-0.060859611830440696,-0.06052617931732219,0.02127739844728488,1413.0,45.22,47.09,44.2,44.44,48.17,44.22,1.5417387370507003,2.0853142703352465,1.9262225555055605,2.3644981529172275,0.025000000002323077,0.40698075302566955,0.7199999999999989,-1.0022093285223475,-1.0541591987531536,0.3202373428695544
2016-08-05,40.88,40.82,0.87,11.39,112.3589,492969,2.88,64.0,-0.04003890912393401,-0.024441628072408322,0.010471299867295437,1055.0,42.55,45.96,45.2,41.83,46.17,45.44,2.226946713923734,2.692850663696917,2.223801175166499,2.947838447939256,0.04031128874292769,0.391960882401982,0.060000000000002274,-0.6060198302284511,-0.35775121150523986,0.165655410438177
2016-08-12,43.63,43.11,0.8,11.55,111.1787,490461,2.77,71.0,0.06510404124006933,0.05458283137734448,-0.03894297394860741,-2508.0,40.88,45.54,48.34,40.82,45.6,47.99,1.8259791893635982,2.751767476082869,1.5702441423778637,3.0764649134410265,0.05123475383092995,0.33511192160233044,0.5200000000000031,1.2889236283604528,1.1291202555484496,-0.5833243195575959
2016-08-19,48.6,47.16,0.82,11.34,110.8163,492962,2.73,78.0,0.10787854377092987,0.08979108691012685,-0.014545711002378751,2501.0,43.63,45.22,48.73,43.11,44.44,48.72,3.3218920311557105,2.7409790055916434,2.782528825847432,2.993049524238243,0.06946221994808732,0.2264532194650067,1.4400000000000048,1.9747871106522963,1.7393193526839332,-0.22712004327230362
2016-08-26,48.65,47.05,0.78,13.65,111.2035,495238,2.82,85.0,0.0010282777255658433,-0.0023352096377815433,0.03243527575315374,2276.0,48.6,42.55,48.91,47.16,41.83,49.0,3.8453174988102297,2.718132575312129,3.111682288838579,2.871148408183644,0.06480740698497886,0.14761744168936994,1.6000000000000014,0.0919120949282138,0.02869712412809204,0.4882112645447657
2016-09-02,47.31,45.11,0.8,11.98,112.0009,480725,2.94,92.0,-0.027930118988957312,-0.04210691461108401,0.04167269640056808,-14513.0,48.65,40.88,49.94,47.05,40.82,50.18,2.361247904531955,2.47854368286743,1.9127706780143678,2.542741898745051,0.09110433579208078,0.09038637601819229,2.200000000000003,-0.42559834021641846,-0.6968611257202254,0.6284288769467
2016-09-09,47.51,45.96,0.88,17.5,111.9879,480166,2.87,99.0,0.004218525555773058,0.018667501560250377,-0.024097551579060416,-559.0,47.31,43.63,47.39,45.11,43.11,47.89,0.7065113823028222,2.4852833507140764,0.971630931306453,2.437011800371248,0.08831760866393185,0.061987290975079275,1.5499999999999972,0.14449077755063458,0.4237757330005062,-0.37169454655864126
2016-09-16,46.21,44.34,0.93,15.37,113.1765,473966,3.02,106.0,-0.02774399031665483,-0.03588424879238942,0.050944801615248544,-6200.0,47.51,48.6,48.12,45.96,47.16,48.71,0.9995332243885839,2.3910709848410425,1.1631709533303956,2.203662241071532,0.08693867570561671,0.07844608262235042,1.8699999999999974,-0.4164268912100239,-0.5854942599510279,0.7506731377957737
2016-09-23,46.24,44.59,0.85,12.29,112.7166,472084,3.11,113.0,0.0006489994819470701,0.005622414451219811,0.029365894804364537,-1882.0,46.21,48.65,47.09,44.34,47.05,48.17,0.6891238398550057,2.360565546002262,0.715867771778858,1.9615709536128667,0.10344080432842116,0.10872191382356713,1.6499999999999986,0.06913266507976958,0.15538722064188887,0.4137650519418064
2016-09-30,46.74,46.55,0.83,13.29,112.2795,469108,3.01,2.0,0.010755104746589894,0.04301738508369064,-0.03268264743035842,-2976.0,46.24,47.31,45.96,44.59,45.11,46.17,0.6074262643782167,2.379290701538486,1.0660519061807339,1.9906341307285302,0.0991211380085507,0.11483849001046328,0.19000000000000483,0.24945485445797372,0.8441907511314627,-0.5041453025955742
2016-10-07,49.52,49.48,0.9,13.48,113.2915,473958,2.91,9.0,0.05777629926562889,0.06104154380121104,-0.0337869975773831,4850.0,46.74,47.51,45.54,46.55,45.96,45.6,1.58047197591624,2.612330319269167,2.3753034893822402,2.417159615345611,0.08180260794605813,0.11264048467528544,0.04000000000000625,1.0581181372842927,1.1468248822781093,-0.5124799473562422
2016-10-14,49.94,50.29,0.96,16.12,113.7119,468711,3.17,16.0,0.00844565647528628,0.016237702659586364,0.08557850670578801,-5247.0,49.52,46.21,45.22,49.48,44.34,44.44,1.8895149289319642,2.817022391021838,2.6374277241290587,2.8389961680885465,0.11430952133035684,0.1330299578928516,-0.3500000000000014,0.17282465080561116,0.29143152834576364,1.2515914542718924
2016-10-21,50.33,50.56,0.9,13.34,113.9015,468158,3.14,23.0,0.007779035936641395,0.005354499654728692,-0.009508787969027188,-553.0,49.94,46.24,42.55,50.29,44.59,41.83,1.6289337003052955,2.7236239227783448,1.838205646820944,2.9235807227476323,0.12038133853207933,0.1443559363643919,-0.23000000000000398,0.13223400098339094,0.06645738026096619,-0.16895633559073733
2016-10-28,48.95,49.36,1.0,16.19,114.0931,482578,2.72,30.0,-0.027801951811749135,-0.024020370241469625,-0.143590919612256,14420.0,50.33,46.74,40.88,50.56,46.55,40.82,0.5911852501461945,1.916963152299997,0.5926423879577881,2.488184198578965,0.2114237451189214,0.15791012019693398,-0.4099999999999966,-0.5143722294812701,-0.5000630608633242,-2.0557212156739997
2016-11-04,44.63,45.51,0.99,22.51,113.5828,485010,2.5,37.0,-0.09239309033534084,-0.08120829756858183,-0.08434114843375093,2432.0,48.95,49.52,43.63,49.36,49.48,43.11,2.6201956033834852,1.731890497974081,2.337220571534583,2.233742612881693,0.3274522866008327,0.19766055997517867,-0.8799999999999955,-1.6504275352930668,-1.5610036502291973,-1.1837066712469293
2016-11-11,43.09,44.61,1.23,14.17,115.9375,490284,2.22,44.0,-0.0351153270134319,-0.019974032888377163,-0.11878353598996685,5274.0,44.63,49.94,48.6,45.51,50.29,47.16,3.442208593329256,2.1940801896902262,2.894535080688773,2.352238617816856,0.3882868355568961,0.278550087982675,-1.519999999999996,-0.6306070358410899,-0.40389369097357164,-1.6192037609558114
2016-11-18,44.01,45.15,1.27,12.85,117.5936,489029,2.44,51.0,0.021125929195253176,0.012032230722820988,0.09449084342092232,-1255.0,43.09,50.33,48.65,44.61,50.56,47.05,2.5982045082433607,2.3613709423290445,2.1668006368848967,2.4082363407117438,0.2055885859350991,0.3049925483441509,-1.1400000000000006,0.4260585393382172,0.25097681738728245,1.3242137428638245
2016-11-25,46.49,47.25,1.24,12.34,118.02,488145,2.76,58.0,0.05482035487949334,0.04546237407675741,0.12323264042394806,-884.0,44.01,48.95,47.31,45.15,49.36,45.11,1.4367904045670665,2.364709604825664,1.141577855428557,2.3508700839290535,0.22211108331972068,0.30391760246967253,-0.759999999999998,1.024799999511704,0.890269743241024,1.655916142652727
2016-12-02,48.78,48.63,1.29,14.12,117.3116,485756,3.21,2.0,0.04808315708528077,0.028787970475942695,0.15104025741286592,-2389.0,46.49,44.63,47.51,47.25,45.51,45.96,2.564662095999435,2.4187943089676187,1.8674046160392652,2.3727518865547212,0.4299127818524601,0.3239376576759958,0.14999999999999858,0.8783840495696473,0.5503407963282283,1.935981759432099
2016-12-09,52.26,50.97,1.32,11.75,117.2834,483193,3.69,9.0,0.06891086730469213,0.04699659993625587,0.13935552091051134,-2563.0,48.78,43.09,46.21,48.63,44.61,44.34,3.507292402978404,2.8189580065030158,2.442867167900157,2.4193930806682555,0.5443344560103739,0.403672534551856,1.2899999999999991,1.227000691913691,0.8917314874329221,1.7084324990771065
2016-12-16,53.26,51.91,1.32,12.2,118.3584,485449,3.57,16.0,0.018954320293319744,0.01827422548718719,-0.033060862260888176,2256.0,52.26,44.01,46.24,50.97,45.15,44.59,3.129838920241291,3.2157067181216785,2.1326040420116206,2.4735673845800616,0.4181207959431113,0.4445119898168248,1.3500000000000014,0.3089728166422084,0.3156079812719288,-0.495775332397887
2016-12-23,53.81,51.95,1.33,11.44,118.7856,486063,3.51,23.0,0.010273743115542121,0.0007702677060988273,-0.01694955831377332,614.0,53.26,46.49,46.74,51.91,47.25,46.55,2.258072555667239,3.5598121971237555,1.557294662763225,2.602985902009136,0.2042057785668539,0.47363839934420104,1.8599999999999994,0.17703681379568936,-0.007338540042581441,-0.2963481619761316
2016-12-30,54.96,53.6,1.25,14.04,118.3466,479012,3.69,30.0,0.021146324412765625,0.0312673505315199,0.050010420574661416,-7051.0,53.81,48.78,49.52,51.95,48.63,49.48,1.1257404970320262,3.9867563902444156,1.0932024820090234,2.9487422845348523,0.0900000000005069,0.513965568944661,1.3599999999999994,0.36104098941831064,0.5838130279209274,0.5597463403151899
2017-01-06,55.13,53.34,1.2,11.32,118.3495,483109,3.47,37.0,0.00308838468749832,-0.004862549322888046,-0.061471864093667866,4097.0,54.96,52.26,49.94,53.6,50.97,50.29,0.9029211851862085,4.339186839057011,0.8955817476202927,3.1785111818792036,0.09591663046673907,0.5273662404014446,1.7899999999999991,0.009245778207716472,-0.15116247372264183,-0.8613288255203193
2017-01-13,54.02,52.07,1.19,11.23,117.9884,485456,3.27,44.0,-0.020339684237122672,-0.02409755157906053,-0.05936460904960581,2347.0,55.13,53.26,50.33,53.34,51.91,50.56,0.6616645675804604,4.519405548869747,0.8509994124580484,3.257376128484713,0.17233687939641754,0.5301136241839641,1.9500000000000028,-0.42254880007463813,-0.5309289978982119,-0.8578581092489692
2017-01-20,54.19,51.82,1.28,11.54,118.3182,488296,3.29,51.0,0.003142041213553272,-0.004812792040843749,0.006097579868118538,2840.0,54.02,53.81,48.95,52.07,51.95,49.36,0.5515130702514008,4.664892980032302,0.8926878887218176,3.322519466618435,0.19527758021193944,0.5196239899283839,2.3699999999999974,0.018030168277133104,-0.13501920418678273,-0.021394082608665592
2017-01-27,54.91,52.74,1.27,10.58,117.0735,494762,3.27,58.0,0.0131990917127585,0.017598005791176822,-0.006097579868118557,6466.0,54.19,54.96,44.63,51.82,53.6,45.51,0.5403316882478667,4.4507958940971655,0.6856323115713271,3.1372522237061915,0.09712534856274073,0.4801223013383424,2.1699999999999946,0.18856702013828738,0.2920648856284941,-0.16999310514949034
2017-02-03,55.53,53.33,1.28,10.97,115.6259,508592,3.12,65.0,0.011227933962734667,0.011124843687370246,-0.04695698308777098,13830.0,54.91,55.13,43.09,52.74,53.34,44.61,0.6951918200454784,3.777068267449341,0.6815179136828594,2.664491537144222,0.07889866919095248,0.371200958397406,2.200000000000003,0.1277224079810114,0.1408458243658564,-0.691967273336951
2017-02-10,54.48,52.88,1.21,10.85,116.148,518119,3.04,72.0,-0.019089753412258933,-0.00847382906907991,-0.025975486403260677,9527.0,55.53,54.02,44.01,53.33,52.07,45.15,0.582373019056377,2.7676403908991456,0.6337915009453902,1.941134274779926,0.12027745701822885,0.27711035981202925,1.5999999999999943,-0.4381652931573912,-0.26305130678447725,-0.408192257279698
2017-02-17,54.46,53.22,1.21,11.49,116.4035,518683,2.87,79.0,-0.00036717459564333463,0.006409070006112119,-0.05754548564660051,564.0,54.48,54.19,46.49,52.88,51.82,47.25,0.5016306742264216,1.816557475173601,0.2781336609208375,1.3782828578930446,0.16663332999965905,0.2579053150191989,1.240000000000002,-0.08431826589060243,0.04210543263297701,-0.803668273504102
2017-02-24,55.4,54.03,1.19,11.47,115.8143,520184,2.62,86.0,0.01711310650762455,0.01510518230643143,-0.0911377119985242,1501.0,54.46,54.91,48.78,53.22,52.74,48.63,0.5769676478436336,0.9437172631303753,0.4829423706170166,0.9053527690143095,0.2211146007544063,0.3297783920738122,1.3699999999999974,0.22874084766393915,0.19369148335078892,-1.2331064840357417
2017-03-03,54.4,53.56,1.17,10.96,116.6438,528393,2.52,93.0,-0.018215439891341216,-0.008736927033002636,-0.03891541624967361,8209.0,55.4,55.53,52.26,54.03,53.33,50.97,0.47787725061792985,0.6724778919447998,0.4910108620697806,0.7649772228723014,0.2364141845718764,0.3694549630157533,0.8399999999999963,-0.4919729645948193,-0.3249433128713319,-0.5925222781236671
2017-03-10,52.78,50.5,1.22,11.66,116.616,528156,2.75,100.0,-0.03023182278671894,-0.05882918454165768,0.08734201015514789,-237.0,54.4,54.48,53.26,53.56,52.88,51.91,1.087749971267015,0.7639664239825623,1.5868075917820876,0.9985929494975078,0.1525341491823634,0.3679385653594774,2.280000000000001,-0.7321106916483482,-1.3548460352808993,1.0395409675284928
2017-03-17,50.29,48.03,1.17,11.28,115.2783,533110,2.96,107.0,-0.04832608089130461,-0.05014752060458106,0.07358835665748913,4954.0,52.78,54.46,53.81,50.5,53.22,51.95,2.230341902039052,1.4357964213771324,2.8096144456735455,1.688276869437299,0.18997806891003705,0.3484543794321682,2.259999999999998,-1.0658000327378707,-1.1364770408474942,1.0316934317564184
2017-03-24,50.1,47.28,1.14,12.96,114.6372,533977,2.99,114.0,-0.003785242093054242,-0.015738442578890247,0.010084119066626226,867.0,50.29,55.4,54.96,48.03,54.03,53.6,2.0701268077079,1.8355634507750491,2.83452964940177,2.1978501892857985,0.21794494717730278,0.28924536087529945,2.8200000000000003,-0.19995958583295587,-0.4397087307592445,0.09642015633855269
2017-03-31,51.33,49.14,1.13,12.37,114.7938,535543,3.03,121.0,0.02425436848139256,0.03858599399519039,0.013289232118682487,1566.0,50.1,54.4,55.13,47.28,53.56,53.34,1.228671369131743,1.912824937736665,1.4015794661754115,2.2805501728546167,0.1250000000004533,0.25165362197780733,2.1899999999999977,0.3433265833709222,0.7032664591299085,0.13523680403919217
2017-04-07,53.28,51.26,1.09,12.87,115.0547,533377,3.18,128.0,0.037285649659922024,0.04223735384289192,0.04831857727080773,-2166.0,51.33,52.78,54.02,49.14,50.5,52.07,1.4573263189796468,1.9061310568960472,1.7325775595927944,2.275742136694181,0.09763879010640884,0.24334786174977088,2.020000000000003,0.6128169459930267,0.7598400022969035,0.6362964976704718
2017-04-14,54.83,53.19,1.03,15.96,114.5368,532343,3.05,135.0,0.02867646318382328,0.036959687818301265,-0.041739606172765314,-1034.0,53.28,50.29,54.19,51.26,48.03,51.82,2.090717580160224,1.9380408336075654,2.563362050121742,2.3279774027848563,0.0822090830349218,0.22372873184852543,1.6400000000000006,0.48705596185197875,0.6719488848980334,-0.6980903665102731
2017-04-21,52.08,51.09,1.04,14.63,114.8128,528702,3.1,142.0,-0.05145649151564327,-0.04028162541151949,0.016260520871780326,-3641.0,54.83,50.1,54.91,53.19,47.28,52.74,1.5280706789907144,1.9206501424517726,1.6548715962286047,2.3029011676311484,0.06683312552002316,0.20632975960092076,0.9899999999999949,-1.4152419885141398,-1.1135845207213608,0.15236231653882276
2017-04-28,49.55,49.12,1.01,10.82,114.7877,527772,3.09,149.0,-0.049798737124316796,-0.03932249950381968,-0.003231020581446532,-930.0,52.08,51.33,55.53,51.09,49.14,53.33,2.228549603065719,2.0460508895008713,1.6630594296870091,2.312644426283972,0.05446711546221908,0.2040647550225867,0.4299999999999997,-1.3834065739147523,-1.1705670271462065,-0.13381940686499016
2017-05-05,48.7,47.21,1.04,10.57,114.7725,522525,3.14,156.0,-0.017303230687452754,-0.03966054928069152,0.016051709010508043,-5247.0,49.55,53.28,54.48,49.12,51.26,52.88,2.7623299344316985,2.269478647913748,2.570970957959464,2.4901750881604676,0.03696845502283007,0.21074902494473263,1.490000000000002,-0.5787040645809965,-1.1436514786735956,0.129293639961602
2017-05-12,48.0,47.04,1.04,10.4,114.7479,520772,3.12,163.0,-0.014478019180653225,-0.003607430967823982,-0.00638979809877101,-1753.0,48.7,54.83,54.46,47.21,53.19,53.22,1.7815419351385033,2.4600806835752493,1.900464855415961,2.545586049091898,0.022173557828514535,0.2153274462090538,0.9600000000000009,-0.49457417730706454,-0.24705607254923795,-0.23202051799461496
2017-05-19,51.75,49.24,0.95,12.04,113.7001,516340,3.21,170.0,0.07522342123758753,0.04570799772588131,0.02843793532053341,-4432.0,48.0,52.08,55.4,47.04,51.09,54.03,1.6283938917402725,2.1738338915110083,1.189492188570933,2.2332684296308396,0.05099019513697689,0.19655363983741653,2.509999999999998,1.7098286992969758,1.014123206143986,0.2788792085584551
2017-05-26,52.58,50.21,0.95,9.81,113.4839,509912,3.18,1.0,0.015911387156256732,0.019507908730361293,-0.009389740349838919,-6428.0,51.75,49.55,54.4,49.24,49.12,53.56,2.246751358441163,2.0042097739969553,1.554016301932265,1.8933574075501851,0.04031128874281125,0.12622730819175573,2.3699999999999974,0.2851426495111212,0.39357944265678935,-0.3252851564173978
2017-06-02,50.23,48.48,0.87,9.75,113.1908,513207,3.03,8.0,-0.04572336153978189,-0.035062868285555195,-0.0483185772708078,3295.0,52.58,48.7,52.78,50.21,47.21,50.5,2.0110859421360665,1.9646373711204614,1.337718829452284,1.880543723758521,0.0793725393326127,0.07965836142839951,1.75,-1.2492670620883577,-1.0132048806487233,-0.9319155325782541
2017-06-09,47.28,46.57,0.86,10.7,112.9562,511546,2.98,15.0,-0.060525084664110475,-0.04019478476677311,-0.01663931900396467,-1661.0,50.23,48.0,50.29,48.48,47.04,48.03,2.3326522815578974,2.2441498018930153,1.54213056083822,2.011056370982818,0.11224972160370023,0.07685089853777623,0.7100000000000009,-1.5572816460759324,-1.1111388118253482,-0.4061627204978785
2017-06-16,46.18,45.3,0.84,10.38,112.6155,509095,3.03,22.0,-0.02354056917149352,-0.02764952450529754,0.016639319003964724,-2451.0,47.28,51.75,50.1,46.57,49.24,47.28,2.89953300837513,2.6119311037836024,2.154916858412718,2.2461406294510073,0.08660254037907635,0.07280109889282545,0.8800000000000026,-0.6766995904614137,-0.821830417429555,0.14633750885011773
2017-06-23,44.63,43.09,0.81,10.02,112.8665,509213,2.89,29.0,-0.03414052528517066,-0.05001608086124154,-0.04730611739693687,118.0,46.18,52.58,51.33,45.3,50.21,49.14,2.3646705196827016,3.0871683357628044,2.262373385040198,2.815600479578708,0.0660176744019739,0.09267080871494446,1.5399999999999991,-0.9169113151800666,-1.3745058700961628,-0.8781253302297576
2017-06-30,46.16,44.63,0.93,11.18,111.9896,502914,3.01,36.0,0.03370734355866552,0.035115327013431806,0.04068357663644354,-6299.0,44.63,50.23,53.28,43.09,48.48,51.26,1.0889865318984582,3.067712972034875,1.4488932557893042,2.871155796200956,0.06184658438516923,0.08948929172440961,1.529999999999994,0.8624449752231629,0.9499330064077828,0.548536014814573
2017-07-07,48.17,44.96,0.99,11.19,112.3137,495350,2.95,43.0,0.04262279844228532,0.007366926944257158,-0.02013490840905581,-7564.0,46.16,47.28,54.83,44.63,46.57,53.19,1.4513097532882564,2.5393251012227935,0.9757902780166398,2.4532260763769522,0.06324555320425373,0.09586527794334469,3.210000000000001,1.0799227461226466,0.17505010715293085,-0.4435462394363115
2017-07-14,47.1,45.51,0.98,9.51,110.9075,490623,2.96,50.0,-0.02246341961975735,0.01215887644311481,0.003384097984240494,-4727.0,48.17,46.18,52.08,44.96,45.3,51.09,1.5011662133120625,2.3501274949303146,1.0372519783889462,2.170735107996491,0.049244289010124294,0.09912878064174127,1.5900000000000034,-0.6196775751511802,0.33592237981909784,-0.05720403606788602
2017-07-21,47.99,46.41,0.88,9.36,110.191,483415,3.09,57.0,0.018719654847782194,0.019582871224533862,0.04298182257368503,-7208.0,47.1,44.63,49.55,45.51,43.09,49.12,0.9238506372730869,2.321337617266504,0.7781762868003149,2.0423313698418366,0.0639661368755201,0.09912878064174127,1.5800000000000054,0.4608833952371982,0.5375275960835465,0.5852109178610427
2017-07-28,49.95,48.27,0.96,10.29,109.92,481888,2.96,64.0,0.040029849224408484,0.039295296419317165,-0.04298182257368503,-1527.0,47.99,46.16,48.7,46.41,44.63,47.21,1.1937999553205958,2.3718021533316493,1.4505257667497233,2.0955065562460895,0.06683312552004554,0.09774347998097523,1.6799999999999997,1.0114859650143042,1.0896001270131002,-0.8013701419296879
2017-08-04,52.04,49.52,0.91,10.03,110.2808,475437,2.8,71.0,0.04099014854974197,0.025566378703939203,-0.055569851154810765,-6451.0,49.95,48.17,48.0,48.27,44.96,47.04,2.197164839816005,2.596055866234247,1.8074360292980558,2.2545326398701935,0.11870832602130045,0.11442544218042361,2.519999999999996,1.0641989290968223,0.7233429853746652,-1.0069116445060622
2017-08-11,51.96,49.08,0.89,15.51,110.0422,466492,2.85,78.0,-0.001538461841905731,-0.008925008533630105,0.017699577099401075,-8945.0,52.04,47.1,51.75,49.52,45.51,49.24,1.9239629241032656,2.6192971240860796,1.3745544732765587,2.2395310318059622,0.12871156384249327,0.10314376551028305,2.8800000000000026,-0.0683584443696537,-0.2611370149907663,0.17556915777075915
2017-08-18,50.58,47.52,0.86,14.26,110.041,463165,2.95,85.0,-0.026917950560579714,-0.032300944788321066,0.034486176071169404,-3327.0,51.96,47.99,52.58,49.08,46.41,50.21,1.034710104324308,2.4039971449089665,0.8854518620481603,1.9920425028926843,0.07788880963772234,0.08110972739931947,3.059999999999995,-0.7306288400072003,-0.9127225173190858,0.5050530407256371
2017-08-25,52.03,47.68,0.82,11.28,109.3415,457773,2.97,92.0,0.02826423406039309,0.0033613477027047063,0.006756782462879907,-5392.0,50.58,49.95,50.23,47.52,48.27,48.48,0.715885232881374,2.570607020637079,0.9999333311132509,1.9364423799604011,0.08098353742241661,0.07808309482195092,4.350000000000001,0.7334671712972703,0.12017138285154673,0.05429089268549051
2017-09-01,52.25,46.68,0.81,10.13,109.0504,462353,2.93,99.0,0.0042194155427082896,-0.02119621533873907,-0.013559529785632362,4580.0,52.03,52.04,47.28,47.68,49.52,46.57,0.7601096412081828,2.7217852875490247,0.9951884243723262,1.9368318007096117,0.052599112794611505,0.07786448990318308,5.57,0.07209410593401039,-0.6056983071938182,-0.27650389451491364
2017-09-08,53.88,48.58,0.79,12.12,107.808,468241,2.91,106.0,0.03071946069724291,0.03989611615567125,-0.006849341845574783,5888.0,52.25,51.96,46.18,46.68,49.08,45.3,1.3512093348766325,2.8774320411641887,0.7786098723610072,1.9748193243013388,0.02581988897690684,0.0741568771203765,5.300000000000004,0.7780800626950365,1.1532487706096848,-0.13924517094959804
2017-09-15,55.54,49.07,0.81,10.17,108.3147,472832,2.96,113.0,0.030344130336490298,0.010035926527785654,0.0170361871525678,4591.0,53.88,50.58,44.63,48.58,47.52,43.09,1.6336972383700863,2.843480981281962,1.0529442846947352,1.678172481834198,0.0275378527384831,0.0726761183733854,6.469999999999999,0.7448191709577664,0.2813633681595908,0.30106019004647827
2017-09-22,57.03,50.12,0.8,9.59,108.7542,470986,3.09,120.0,0.026473963289794095,0.0211722799260554,0.04298182257368503,-1846.0,55.54,52.03,46.16,49.07,47.68,44.63,2.0661477843219123,3.0137392459247967,1.4396151106011732,1.623886098408311,0.08098353742240103,0.08222290472009698,6.910000000000004,0.619907232975374,0.5795348493418274,0.748446938786951
2017-09-29,58.75,51.77,0.86,9.51,110.0867,464963,2.96,127.0,0.02971370785582078,0.0323907008859425,-0.04298182257368503,-6023.0,57.03,52.25,48.17,50.12,46.68,44.96,2.0792145953040535,3.4527656898628396,1.4113468744445508,1.7337476923139103,0.07702813338933509,0.08225514628832149,6.979999999999997,0.6884005112156406,0.881498434697084,-0.7855289368700193
2017-10-06,56.08,50.23,0.83,9.65,110.7841,462216,2.84,134.0,-0.04651191029793371,-0.03019837315185678,-0.041385216162854364,-2747.0,58.75,53.88,47.1,51.77,48.58,45.51,1.4084743519113867,3.1539422181065078,1.1122162559522082,1.557068681460665,0.10210288928386133,0.08833047451065174,5.850000000000001,-1.3205871181892674,-0.931069523170712,-0.7438819098622271
2017-10-13,56.21,50.77,0.77,9.61,110.2669,456485,2.92,141.0,0.0023154342876489367,0.010693171197349676,0.02777956410707567,-5731.0,56.08,55.54,47.99,50.23,49.07,46.41,1.2291833332171844,2.7984503287404108,0.7538954392603958,1.4690944953819116,0.10436314803022873,0.07517655985424873,5.439999999999998,-0.05701115769535394,0.22676698215603747,0.48867612561454843
2017-10-20,57.78,51.74,0.79,9.97,111.0375,457341,2.84,148.0,0.027548018024105534,0.018925547798579998,-0.027779564107075706,856.0,56.21,57.03,49.95,50.77,50.12,48.27,1.2875428795418629,2.715944363915036,0.7574683711796601,1.6227324505470464,0.06000000000095668,0.07848952835003177,6.039999999999999,0.6031150078867286,0.45304829699858706,-0.4907455509616796
2017-10-27,58.58,52.51,0.83,9.8,112.1495,454906,2.91,155.0,0.013750646361498257,0.014772450891884671,0.02434902901028655,-2435.0,57.78,58.75,52.04,51.74,51.77,49.52,1.2206111857012218,2.8288881797159067,1.0137184027155681,1.856156627076566,0.04349329450365743,0.06929843235800519,6.07,0.2535702304828271,0.35423804651425966,0.42070412304341176
2017-11-03,61.04,54.59,0.71,9.14,111.9383,457143,2.78,162.0,0.04113604557661409,0.038847088143898374,-0.04570215348085551,2237.0,58.58,56.08,51.96,52.51,50.23,49.08,2.0151488778729405,3.124452315643542,1.6228241843580498,2.325610379311525,0.06551081335766164,0.07872083394485889,6.449999999999996,1.1166063551630823,1.1674598415508572,-0.8170097055106403
2017-11-10,64.29,57.05,0.73,11.29,111.5626,458997,3.12,169.0,0.0518747111773939,0.044077360514418275,0.1153820741188454,1854.0,61.04,56.21,50.58,54.59,50.77,47.52,2.927824846763618,3.518903496571739,2.3787444167047025,2.9150938183349893,0.1481834448696866,0.09737073793529978,7.240000000000009,1.3897230168378059,1.293231388063729,1.9617096342817217
2017-11-17,61.52,55.81,0.62,11.43,111.0016,457142,3.1,176.0,-0.044041772956206864,-0.02197501150774236,-0.0064308903302904025,-1855.0,64.29,57.78,52.03,57.05,51.74,47.68,2.341030755883674,3.3748817038756327,1.934459442153541,3.040942836248532,0.16214705259972706,0.10815252977611678,5.710000000000001,-1.399488837067584,-0.8086056288858683,-0.12585890990096218
2017-11-24,62.68,57.47,0.59,9.67,110.0253,453713,3.05,183.0,0.0186800922904315,0.029310007719307887,-0.016260520871780405,-3429.0,61.52,58.58,52.25,55.81,52.51,46.68,1.446060740999552,3.1675126461688077,1.3007690033220674,3.0566275484093475,0.1577709309942028,0.1119523708249958,5.210000000000001,0.41399364005947314,0.8187195256060181,-0.2983738474548735
2017-12-01,63.73,57.81,0.59,11.43,110.1413,448103,2.94,2.0,0.016612991838382548,0.0058986985747345125,-0.036732009268730006,-5610.0,62.68,61.04,53.88,57.47,54.59,48.58,1.2217064568300802,3.104575679785902,0.8738230179332988,3.147135782955931,0.08057087976915839,0.11114759502027878,5.919999999999995,0.3357519423855472,0.054346067819492874,-0.6306881957641096
2017-12-08,63.08,56.92,0.58,9.58,111.2273,442986,2.84,9.0,-0.010251647231365138,-0.015514997872733156,-0.03460552917747561,-5117.0,63.73,64.29,55.54,57.81,57.05,49.07,0.928632507145267,3.005859303347062,0.8754950980274316,3.013437959097777,0.11615363389398746,0.11634262357627222,6.159999999999997,-0.44217419885530607,-0.6223071229320893,-0.5758064197435008
2017-12-15,64.35,57.17,0.51,9.42,111.1286,436491,2.77,16.0,0.019933171947297948,0.004382512054228365,-0.024956731973867507,-6495.0,63.08,61.52,57.03,56.92,55.81,50.12,0.7343477831793233,3.0760673190809844,0.3843067351348673,2.8945602062967795,0.12192894105494881,0.11779218989391596,7.179999999999993,0.43220069963889923,0.03643741327761729,-0.4108329177601964
2017-12-22,64.36,57.87,0.57,9.9,111.0997,431882,2.69,23.0,0.0001553880820469112,0.012169830309867439,-0.029306126585499474,-4609.0,64.35,62.68,58.75,57.17,57.47,51.77,0.6093165570214477,3.181542888524069,0.4708414453613956,2.9096875808546705,0.10614455552115794,0.13457002232702306,6.490000000000002,-0.11880267207694843,0.3241251341995968,-0.4879855540463765
2017-12-29,66.52,59.88,0.51,11.04,110.0783,424463,3.03,30.0,0.03301033220054441,0.03414344396568021,0.11902142590753001,-7419.0,64.36,63.73,56.08,57.87,57.81,50.23,1.4276875241664753,3.0979108307300316,1.3416656314708042,2.8046534653329593,0.1452297031146983,0.13800252522943698,6.6399999999999935,0.8394063860978223,1.0425176186755998,2.0482407892813295
2018-01-05,67.81,61.36,0.51,9.22,109.3496,419515,5.71,37.0,0.019207022371023837,0.024415597507572984,0.6336564041466412,-4948.0,66.52,63.08,56.21,59.88,56.92,50.77,1.7056963387409139,2.92816366076853,1.9105147648395255,2.7437791898078085,1.4472963299430976,0.8184334629848267,6.450000000000003,0.4263310843221462,0.7063470085886845,6.3046524021631525
2018-01-12,69.47,63.26,0.56,10.16,108.901,412654,3.24,44.0,0.024185328009038738,0.030495060818502038,-0.5666456938636808,-6861.0,67.81,64.35,57.78,61.36,57.17,51.74,2.1564322386744186,2.9855199790752542,2.2821243758107603,2.870013726078148,1.3803954747342357,0.8128606425719148,6.210000000000001,0.5514470085540926,0.8791392824439005,-4.691556187897224
2018-01-19,69.39,63.77,0.58,11.27,107.9455,411583,4.12,51.0,-0.0011522397933319696,0.008029642449677516,0.2402798335571969,-1071.0,69.47,64.36,58.58,63.26,57.87,52.51,1.4101388820471688,2.8446323722647042,1.7894389251017984,2.880397699813191,1.2185373746149155,0.8502847116755023,5.619999999999997,-0.25992434217160154,0.0949394274813437,1.8667930030407427
2018-01-26,70.04,65.14,0.53,11.08,106.6911,418359,3.43,58.0,0.009323742506193639,0.021255939520907235,-0.18329290218358651,6776.0,69.39,66.52,61.04,63.77,59.88,54.59,0.9564996950660064,2.9329052717972908,1.564659174816036,3.1493418023258486,1.1222744762312267,0.8359462067657591,4.900000000000006,0.05217016535895199,0.5434536827177985,-1.5121211583281082
2018-02-02,68.0,65.32,0.69,17.31,107.1151,420254,3.3,65.0,-0.029558802241544505,0.00275946825417673,-0.03863779270541406,1895.0,70.04,67.81,64.29,65.14,61.36,57.05,0.8664294547132528,2.977085594397085,1.0144744123613338,3.463416162569806,0.4061506288723771,0.8333157573904098,2.680000000000007,-1.1679392909390955,-0.1106183719953879,-0.34631950998955024
2018-02-09,65.5,62.01,0.78,29.06,108.2582,422095,2.75,72.0,-0.03745756253490044,-0.052002605740477714,-0.1823215567939546,1841.0,68.0,69.47,61.52,65.32,63.26,55.81,2.01059485393285,2.6466014513763225,1.5319486501411355,3.2106229925044554,0.5632642955724824,0.848904374098542,3.490000000000002,-1.3793061891979501,-1.975217383223501,-1.4390808096833014
2018-02-16,62.72,60.56,0.66,19.46,107.0359,420479,2.54,79.0,-0.043369766599053866,-0.023661053232593186,-0.07943683064803464,-1616.0,65.5,69.39,62.68,62.01,63.77,57.47,3.165075038604045,2.6417250734395843,2.354462075861349,3.0510270252964298,0.42774603056811383,0.8761174682551532,2.1599999999999966,-1.5172761245033843,-0.9506795735651945,-0.6031516946774473
2018-02-23,65.52,62.47,0.63,16.49,107.6804,423498,2.62,86.0,0.043675063502661635,0.03105183237628518,0.031010236742560218,3019.0,62.72,70.04,63.73,60.56,65.14,57.81,2.1573054180298423,2.5350321257906954,1.9937067654671314,2.9122607848175552,0.34277057438873654,0.8921305788375214,3.049999999999997,1.3133734870866267,0.9856140430348819,0.2932422427512022
2018-03-02,66.02,62.07,0.61,19.59,108.5358,425906,2.64,93.0,0.007602286880232944,-0.006423661079917195,0.0076045993852192125,2408.0,65.52,68.0,63.08,62.47,65.32,56.92,1.4994221109016823,2.318141235533719,0.8369538019923962,2.565161699669797,0.08655441448470341,0.9023638989125216,3.9499999999999957,0.1376512862074684,-0.328546574796842,0.09976060689466484
2018-03-09,65.12,61.65,0.63,14.64,107.923,430928,2.74,100.0,-0.013726004730761911,-0.006789550815208085,0.03717900324175403,5022.0,66.02,65.5,64.35,62.07,62.01,57.17,1.4637281168284566,2.258839035407745,0.8228557994384791,2.1284067166576643,0.0822597511957697,0.9038147269247508,3.470000000000006,-0.5488608963573515,-0.33697084213939826,0.33060577501007815
2018-03-16,64.14,61.28,0.54,15.8,108.4332,428306,2.71,107.0,-0.015163527429276106,-0.006019704178017423,-0.011009285508369368,-2622.0,65.12,62.72,64.36,61.65,60.56,57.87,0.7968270410368586,2.2803991875433693,0.5152588346350984,1.693592872617304,0.05678908345907549,0.9027378390543997,2.8599999999999994,-0.577163994798656,-0.29095687640483536,-0.04920844374483555
2018-03-23,67.4,64.11,0.54,24.87,107.7495,429949,2.66,114.0,0.04957682365325247,0.04514683256683009,-0.0186225120980018,1643.0,64.14,65.52,66.52,61.28,62.47,59.88,1.3854963009673766,2.2886576388533504,1.26357627391575,1.5566455776906252,0.045734742448035874,0.9166192825218716,3.2900000000000063,1.4918961999688476,1.4817944708053588,-0.11619022724799022
2018-03-30,68.65,64.97,0.47,19.97,107.4784,425332,2.67,121.0,0.01837611429571871,0.013325266893273648,0.003752349618550372,-4617.0,67.4,66.02,67.81,64.11,62.07,61.36,2.0645802640394075,2.3360201522072015,1.8160281752594214,1.6114615519247328,0.0369684550230047,0.4751235883877248,3.680000000000007,0.47002044358167044,0.3465321313231745,0.05631741871191411
2018-04-06,67.03,63.07,0.5,21.49,107.7886,428638,2.79,128.0,-0.023880851844113777,-0.02968040421687971,0.043963123421116204,3306.0,68.65,65.12,69.47,64.97,61.65,63.26,1.9070832878144275,2.186845486499033,1.5879835221655658,1.6101524490212855,0.05909032633847511,0.4680026871199773,3.960000000000001,-0.8736427802831772,-1.1466328023729753,0.3759446756726009
2018-04-13,71.24,66.02,0.45,17.41,107.2368,427567,2.78,135.0,0.060914178051594506,0.04571250574948695,-0.003590668130728596,-1071.0,67.03,64.14,69.39,63.07,61.28,63.77,1.9039782911913474,2.4488172779137813,1.254468679030775,1.8207547136479056,0.06952217871624522,0.2736329658502518,5.219999999999999,1.77390908849806,1.4508686256862509,-0.008182887533639946
2018-04-20,73.39,67.55,0.5,16.88,108.1787,429737,2.83,142.0,0.029733228135510506,0.022910337981161006,0.017825783952600666,2170.0,71.24,67.4,70.04,66.02,64.11,65.14,2.807672523638534,2.9860568658455913,1.881548564348644,2.153919612466548,0.0684957419609819,0.19084143822938462,5.840000000000003,0.7869042900755662,0.6575241736614086,0.1565039950165116
2018-04-27,74.98,67.91,0.47,15.41,109.1735,435955,2.8,149.0,0.02143372475079457,0.005315234719492226,-0.010657294473988093,6218.0,73.39,68.65,68.0,67.55,64.97,65.32,3.4461862979233997,3.7641010637580896,2.2030490235131746,2.4681036457286316,0.02160246899741538,0.08649312461731544,7.070000000000007,0.5099877100382276,0.0462085935766871,-0.07556469246639058
2018-05-04,74.42,68.38,0.44,14.77,110.25,433758,2.75,156.0,-0.007496688389289596,0.006897085085455107,-0.01801850550267825,-2197.0,74.98,67.03,65.5,67.91,63.07,62.01,1.6488657717742032,4.162240345892175,1.0215184775627915,2.754282615722486,0.033665016462958886,0.08649312461731544,6.040000000000006,-0.387716767218606,0.100307022366443,-0.14032877823323908
2018-05-11,76.68,70.56,0.43,12.65,110.2847,432354,2.76,163.0,0.02991619525896733,0.031383027487380755,0.003629768050578731,-1404.0,74.42,71.24,62.72,68.38,66.02,60.56,1.3761146996751326,4.3798930213865646,1.350135795640113,3.058720271121257,0.03696845502296242,0.06841827684227578,6.1200000000000045,0.7679364253686256,0.9274838434079279,0.022787386999304587
2018-05-18,78.75,71.3,0.51,13.42,111.7171,438132,2.8,170.0,0.0266373595282987,0.010432915721714228,0.01438873745209967,5778.0,76.68,73.39,65.52,70.56,67.55,62.47,1.9484587926517858,4.906889096572632,1.6472679401568726,3.4330782856133553,0.026299556399016332,0.06171169527195698,7.450000000000003,0.644729697421594,0.2015570215196706,0.10344121368336918
2018-05-25,78.59,70.98,0.45,13.22,111.5843,434512,2.83,177.0,-0.0020338128276587925,-0.004498180201899709,0.010657294473988199,-3620.0,78.75,74.98,66.02,71.3,67.91,62.07,2.0249279822573363,5.163252073034947,1.3186230191637731,3.5295398446752198,0.03696845502296242,0.05672902095213011,7.609999999999999,-0.26190893039704705,-0.35223234408837495,0.08331674447979637
2018-06-01,75.35,66.96,0.42,13.46,111.8265,436584,2.88,184.0,-0.042100539805579255,-0.058302721037130655,0.01751358249270821,2072.0,78.59,74.42,65.12,70.98,68.38,61.65,1.6275006400394412,4.8107168872944115,2.0162341133910897,3.1847404870248774,0.05057996968613543,0.06589707309455807,8.39,-1.5291007541630957,-2.2395084283455566,0.14698258348738075
2018-06-08,73.98,65.35,0.43,12.18,112.1066,432441,2.92,191.0,-0.01834913866819643,-0.024337986110988957,0.01379332213233577,-4143.0,75.35,76.68,64.14,66.96,70.56,61.28,2.3798651922595884,4.02026872311581,2.955078961156327,2.710405314652308,0.05315072906476173,0.07525210155127836,8.63000000000001,-0.770156743327964,-1.0338030439881416,0.11602897710676625
2018-06-15,74.26,66.21,0.38,11.98,113.3379,426527,2.99,198.0,0.0037776623446261113,0.013074068866523807,0.02368977112240488,-5914.0,73.98,78.75,67.4,65.35,71.3,64.11,2.114276866132262,3.5547006863728443,2.491726309208581,2.551430377199325,0.06757711644322205,0.08359353317023789,8.050000000000011,-0.06559123433394634,0.2957035888835546,0.1956751228879574
2018-06-22,74.12,66.32,0.34,13.77,113.3047,416636,2.99,0.0,-0.0018870473317749656,0.0016600018902848761,0.0,-9891.0,74.26,78.59,68.65,66.21,70.98,64.97,0.6255331059680351,3.140835031798435,0.6618660488867538,2.4608552036501177,0.0544671154622626,0.08359353317023649,7.800000000000011,-0.22602056583353558,-0.08736292620499453,0.00801645380322445
2018-06-29,75.24,74.03,0.33,16.09,113.2586,417881,2.98,7.0,0.014997603015670427,0.10997890562796762,-0.0033500868852820854,1245.0,74.12,75.35,67.03,66.32,66.96,63.07,0.571547606645342,2.1170018823089225,4.05823750742472,2.671490759629624,0.03366501646286926,0.09029832710960031,1.2099999999999937,0.31750305191015854,3.4253905430997786,-0.024463787477491356
2018-07-06,76.33,73.73,0.29,13.37,112.6428,405248,2.91,14.0,0.014383041377549336,-0.004060644453447724,-0.023770219333911845,-12633.0,75.24,73.98,71.24,74.03,65.35,66.02,1.0243493870071998,1.756096523543772,4.398457115853461,2.9435116113341953,0.0386221007556382,0.08769782831355338,2.5999999999999943,0.27181202916218855,-0.32899111234282263,-0.18677406490768242
2018-07-13,75.29,71.96,0.24,12.18,113.0705,411084,2.89,21.0,-0.013718721948347985,-0.024299362919227043,-0.006896579059060329,5836.0,76.33,74.26,73.39,73.73,66.21,67.55,0.9027550424461959,1.6288671932775372,3.578519246839647,3.006122414289812,0.049916597107370064,0.08691688820102686,3.3300000000000125,-0.6818924547893433,-1.0210365500648426,-0.04786490171372602
2018-07-20,71.27,68.95,0.29,12.86,113.3213,404937,2.78,28.0,-0.054871842348251716,-0.042728804843021384,-0.03880557442179524,-6147.0,75.29,74.12,74.98,71.96,66.32,67.91,2.2322839574440443,2.0646652087553967,2.331356901034613,2.9717226664107215,0.08286535263173196,0.08866005899282059,2.319999999999993,-1.9838354812397252,-1.6348747938064414,-0.302320245871955
2018-07-27,74.0,70.01,0.29,13.03,112.8125,408740,2.79,35.0,0.03758961169039045,0.015256484749795496,0.00359066813072854,3803.0,71.27,75.24,74.42,68.95,74.03,68.38,2.1869213520370088,2.0854423264555275,2.117504427386595,2.950014894671978,0.06701989754381069,0.08424351427245916,3.989999999999995,0.9958938672384828,0.30005923366148896,0.043988682043288055
2018-08-03,73.37,69.46,0.32,11.64,113.012,407389,2.8,42.0,-0.008549960478266828,-0.007887041673178366,0.0035778213478839024,-1351.0,74.0,76.33,76.68,70.01,73.73,70.56,1.6775651999237988,2.1082239760841124,1.3165231989354744,2.937814586636329,0.050662280513058225,0.07988628281390041,3.910000000000011,-0.47551796881816155,-0.453555902281194,0.0471415652470151
2018-08-10,71.42,67.9,0.26,13.16,114.3005,414194,2.96,49.0,-0.02693719055960051,-0.022715012751277342,0.055569851154810786,6805.0,73.37,75.29,78.75,69.46,71.96,71.3,1.3766263109483858,1.9963398326125132,0.8978864070705572,2.923400365493637,0.08539125638367905,0.07866307130975082,3.519999999999996,-1.0641265386558032,-0.9297181234579088,0.46436292414524805
2018-08-17,69.82,66.15,0.26,12.64,114.5339,408358,3.0,56.0,-0.022657440489412543,-0.026111144003685773,0.01342302033214077,-5836.0,71.42,71.27,78.59,67.9,68.95,70.98,1.9037397406146084,1.9415057808238425,1.7346085053028024,3.0056657357647296,0.10812801055592103,0.08147782743569182,3.6699999999999875,-0.9487955420174126,-1.0555029250662276,0.11133529892927743
2018-08-24,72.77,68.1,0.19,11.99,113.5985,405792,3.01,63.0,0.041383280682105075,0.029052322594501735,0.0033277900926745245,-2566.0,69.82,74.0,75.35,66.15,70.01,66.96,1.5771810295572857,1.8847013669085526,1.3584396686402915,2.955713906481532,0.09742518497174907,0.08600563758832089,4.670000000000002,1.2117435049942133,0.79410758165018,0.025981180042921506
2018-08-31,76.08,69.66,0.24,12.86,114.2755,401490,2.97,70.0,0.04448163587813978,0.02264905178238849,-0.013378125946175974,-4302.0,72.77,73.37,73.98,68.1,69.46,65.35,2.6605810768819,2.026575518784347,1.436323431543958,2.7226602409917797,0.023804761430816623,0.08729521490584924,6.420000000000002,1.2772531718282876,0.5504455404272335,-0.10709126472101022
2018-09-07,76.64,68.51,0.23,14.88,114.5816,396194,2.94,77.0,0.007333715425470193,-0.016646544923047332,-0.010152371464018073,-5296.0,76.08,71.42,74.26,69.66,67.9,66.21,3.170818769129212,2.1992896580493198,1.4610612581278701,2.555555445761697,0.03162277660344837,0.08494204798069925,8.129999999999995,-0.044431970659259606,-0.8582886079734596,-0.0855762269641371
2018-09-14,78.11,68.96,0.21,12.07,114.0657,394137,2.93,84.0,0.018998955959600734,0.006546906340629798,-0.0034071583216141975,-2057.0,76.64,69.82,74.12,68.51,66.15,66.32,2.2554378732289417,2.5199909812253702,0.6681005413374898,2.3567060988511632,0.03593976442297395,0.08205689083396518,9.150000000000006,0.380894325950046,-0.012967414527053245,-0.02448140695000484
2018-09-21,78.97,70.28,0.26,11.68,113.5099,395989,3.03,91.0,0.01094994388728362,0.01896063696345883,0.033560196492301686,1852.0,78.11,72.77,75.24,68.96,68.1,74.03,1.3265242804646467,2.866786158538949,0.7786045209231984,1.9574525420924194,0.04500000000124475,0.08687765692473047,8.689999999999998,0.11237685613227745,0.4272011477288489,0.2721476710669832
2018-09-28,81.85,72.84,0.24,12.12,113.8077,403964,3.06,98.0,0.03582027030765421,0.03577799154051088,0.00985229644301164,7975.0,78.97,76.08,76.33,70.28,69.66,73.73,2.193845558221676,3.5480223898378145,1.9458224482213018,1.791281071966791,0.06480740698493706,0.09601136296389917,9.009999999999991,0.9814250601006879,1.0106780465647778,0.07658382875619474
2018-10-05,85.44,75.13,0.35,14.82,114.561,409951,3.23,105.0,0.042926071394740944,0.030954691521661856,0.05406722127027579,5987.0,81.85,76.64,75.29,72.84,68.51,71.96,3.310331050916567,4.66603751170182,2.7414397069183156,2.350010154716646,0.12473304828088715,0.12797963853203903,10.310000000000002,1.2117697284798956,0.828631832954742,0.4380152134541164
2018-10-12,83.05,72.96,0.3,21.31,114.3691,416441,3.3,112.0,-0.028371539152580793,-0.029308600614993262,0.021440331237869408,6490.0,85.44,78.11,71.27,75.13,68.96,68.95,2.690134754988263,4.858859449656624,1.9838073663206883,2.518546959633159,0.1307669683066241,0.1484975257420749,10.090000000000003,-1.3024912708764451,-1.271303215764373,0.16195348129392542
2018-10-19,80.41,70.24,0.28,19.89,114.8567,422787,3.26,119.0,-0.03230428949924621,-0.03799339643921468,-0.012195273093818243,6346.0,83.05,78.97,74.0,72.96,70.28,70.01,2.128855326224819,4.876168624498921,2.0007894275347673,2.5195326346305453,0.10563301251709611,0.14957262348763004,10.170000000000002,-1.3948622184219128,-1.519563279339174,-0.12022250264317268
2018-10-26,78.23,67.43,0.27,24.16,115.473,426004,3.32,126.0,-0.02748534086306829,-0.04082792658037042,0.018237587549781012,3217.0,80.41,81.85,73.37,70.24,72.84,69.46,3.135170117659076,4.716813494877313,3.338991863821832,2.6261390025291287,0.04031128874275079,0.14878039541756918,10.799999999999997,-1.1954309115093344,-1.5713758985300101,0.13013685131062439
2018-11-02,74.09,65.06,0.31,19.51,115.643,431787,3.28,133.0,-0.0543726352684237,-0.0357801017012853,-0.01212136053234485,5783.0,78.23,85.44,71.42,67.43,75.13,67.9,3.7894370734093297,4.44724327277864,3.4246009499894705,2.928126922236446,0.025819888976672,0.15311661232439433,9.030000000000001,-2.073350066888899,-1.392981089910687,-0.11364853863622226
2018-11-09,70.34,61.57,0.25,17.36,116.4778,442057,3.58,140.0,-0.051939943382729094,-0.055135182122086714,0.08751937801655665,10270.0,74.09,83.05,69.82,65.06,72.96,66.15,4.467977730472214,4.362496852478053,3.6746201617767102,3.633620366754838,0.14877275736314086,0.19947468890852518,8.770000000000003,-1.8969891662609437,-1.958079114423272,0.6933731421145723
2018-11-16,66.21,56.92,0.27,18.14,115.9258,446908,4.23,147.0,-0.060509118109081876,-0.07852796570146715,0.1668391926455777,4851.0,70.34,80.41,72.77,61.57,70.24,68.1,5.140410975787399,5.371544273185329,4.568723381135748,5.090464049811449,0.4389665894652544,0.36157379061625355,9.289999999999992,-2.07219622402236,-2.566514282619185,1.3020638809977672
2018-11-23,61.22,54.99,0.24,21.52,116.4713,450485,4.67,154.0,-0.07835757541948826,-0.03449542270192829,0.09895707862261928,3577.0,66.21,78.23,76.08,56.92,67.43,69.66,5.5296564088553755,7.138705425461787,4.5505347671092755,6.3411763438845385,0.6277472952285381,0.5307306284736154,6.229999999999997,-2.473816318116821,-1.145964681220348,0.7363025626909836
2018-11-30,58.65,51.01,0.21,18.07,116.413,443162,4.43,161.0,-0.042886358417781996,-0.07512965858488822,-0.05275948762376173,-7323.0,61.22,74.09,76.64,54.99,65.06,68.51,5.208534662774974,8.748459041800631,4.386778430694235,7.820664303722127,0.46764480823241855,0.584284073707196,7.640000000000001,-1.3349539248609403,-2.278245971148241,-0.4754640085719234
2018-12-07,60.47,52.63,0.13,23.23,116.0847,441954,4.49,0.0,0.030559799185637046,0.03126460743085253,0.013453117697118676,-1208.0,58.65,70.34,78.11,51.01,61.57,68.96,3.2336911314051373,9.569481280074683,2.5995432291086273,8.570651295926226,0.18138357147233947,0.612332846703091,7.839999999999996,0.90255802508179,0.9136130219196799,0.060492393043597374
2018-12-14,59.51,51.54,0.16,21.63,116.79,441457,4.38,7.0,-0.016003008628360817,-0.020928094141468685,-0.024803977365808288,-497.0,60.47,66.21,78.97,52.63,56.92,70.28,1.1204574958448068,10.142660691805377,1.765547601549743,9.066028832287978,0.12658988901195903,0.610744081701434,7.969999999999999,-0.4958173741108491,-0.6276126238379204,-0.24969718213326603
2018-12-21,54.64,46.98,0.16,30.11,116.2227,441411,3.73,14.0,-0.08537815039422604,-0.09263622599345235,-0.16064049073263054,-46.0,59.51,61.22,81.85,51.54,54.99,72.84,2.561892204340646,10.675861046815495,2.4672927133476414,9.498073329349218,0.35453020557737297,0.5692339349751266,7.660000000000004,-2.5043780691498947,-2.614290419091423,-1.3105033891502844
2018-12-28,51.03,45.22,0.2,28.34,115.7232,441418,3.26,21.0,-0.06835252018665455,-0.03818251238094286,-0.134681038277108,7.0,54.64,58.65,85.44,46.98,51.01,75.13,4.403440889425139,10.583528475891383,3.5572964921887795,9.24185780057551,0.5773791359815005,0.5664422461132398,5.810000000000002,-1.909808306100852,-1.0294842923564724,-1.0738116766828933
2019-01-04,54.31,47.0,0.17,21.38,114.9821,439738,2.92,28.0,0.0622946769708738,0.0386081348602349,-0.11014357909842584,-1680.0,51.03,60.47,83.05,45.22,52.63,72.96,3.4948378598528977,9.710653123807544,2.70206710994974,8.436658240839492,0.6325279967454064,0.6077298791902538,7.310000000000002,1.7715544735253739,1.1280747808352531,-0.8654163468815418
2019-01-11,58.64,50.78,0.16,18.19,114.0404,437055,2.89,35.0,0.07670868553164206,0.07735497456647382,-0.010327114155849517,-2683.0,54.31,59.51,80.41,47.0,51.54,70.24,3.116627450732792,8.318867747840748,2.34357988271622,7.20662127154693,0.3911521443122897,0.6455934549628766,7.859999999999999,2.073018388172315,2.111397885384914,-0.0799803659403322
2019-01-18,59.83,51.92,0.17,17.8,114.558,445025,3.5,42.0,0.020090149823544394,0.022201496119302156,0.1915064663710271,7970.0,58.64,54.64,78.23,50.78,46.98,67.43,4.049134681220328,6.63711670696115,3.1459815638374784,5.9029666398780005,0.29147612823941094,0.6363389605605391,7.909999999999997,0.5558907184354475,0.6273005344417122,1.4465117868422093
2019-01-25,61.34,52.88,0.16,17.42,114.0197,445944,3.19,49.0,0.02492495128416518,0.018321123147596284,-0.09274205169861487,919.0,59.83,51.03,74.09,51.92,45.22,65.06,3.0225044802825463,5.16353142899185,2.5771495882088384,4.519974523928983,0.28407745422702024,0.6432605155837605,8.46,0.7081859278594179,0.5379887246543248,-0.7181889822642691
2019-02-01,61.38,53.63,0.18,16.14,113.7548,447207,2.9,56.0,0.0006518905054845663,0.014083417451403006,-0.0953101798043249,1263.0,61.34,54.31,70.34,52.88,47.0,61.57,1.3196558894884323,3.998769034075823,1.232892939392828,3.4352341016778793,0.28902133715945316,0.6900126261471012,7.75,0.019207503848182973,0.4060023640856292,-0.7240037053268977
2019-02-08,61.71,53.53,0.18,15.72,114.5003,450840,2.59,63.0,0.005361943141385373,-0.0018663685895439679,-0.11305286128098195,3633.0,61.38,58.64,66.21,53.63,50.78,56.92,0.8398610996239485,3.4243339321381683,0.7870196948009426,3.0478530695114894,0.3899145205470562,0.7395509489282012,8.18,0.15691312301914678,-0.020504992325757636,-0.8436253477260471
2019-02-15,63.36,53.88,0.14,14.91,114.9923,454512,2.65,70.0,0.02638675517319481,0.006517107136873249,0.022901764286684414,3672.0,61.71,59.83,61.22,53.53,51.92,54.99,0.9561511386778332,3.6252384456589515,0.4262237284234071,2.930644773403296,0.27354158733200723,0.6973776638670074,9.479999999999997,0.7387226733375432,0.21180963041599934,0.18755314481388957
2019-02-22,66.58,56.74,0.17,13.51,114.2716,445865,2.71,77.0,0.04957148464070837,0.05172007783854214,0.022388994893478686,-8647.0,63.36,61.34,58.65,53.88,52.88,51.01,2.378323989702618,4.272493417198537,1.5370643014106389,3.3796434947361607,0.13425721582141503,0.6435431044403533,9.839999999999996,1.3397866626826425,1.4143923716493199,0.17677105212374059
2019-03-01,64.56,56.12,0.21,13.57,114.537,452934,2.91,84.0,-0.030809208185185503,-0.01098717414644521,0.07120444629179172,7069.0,66.58,61.38,60.47,56.74,53.63,52.63,2.050420688540532,4.521493032442825,1.5999036429331797,3.6360955582998944,0.13892443989492262,0.5205671440987735,8.440000000000005,-0.8456863605031489,-0.2919673873921382,0.5370127094234339
2019-03-08,64.73,56.35,0.17,16.05,115.3599,449072,3.28,91.0,0.0026297485957254654,0.0040899852515252876,0.11969034121265101,-3862.0,64.56,61.71,59.51,56.12,53.53,51.54,1.3296960805619198,4.742943961744343,1.2873584064551469,3.875872824476119,0.2842973795167878,0.3506995174150574,8.380000000000003,0.06956717946170005,0.1233135215840165,0.883394345411779
2019-03-15,65.71,57.81,0.16,12.88,114.5815,439483,2.89,98.0,0.015026348352357534,0.02557953060859938,-0.12658692027171145,-9589.0,64.73,63.36,54.64,56.35,53.88,46.98,0.9385982456097713,4.643863660463584,0.7484428279237958,3.8396113281831727,0.23921747427834486,0.2775692651748394,7.8999999999999915,0.4192856345489885,0.7165251755355474,-0.9527583645943544
2019-03-22,67.34,59.44,0.13,16.48,114.6856,442283,2.86,105.0,0.02450329282315209,0.027805629315118936,-0.010434877292579619,2800.0,65.71,66.58,51.03,57.81,56.74,45.22,1.275055554343315,3.7250896877555153,1.5348181216907906,3.3924390081827407,0.19773719933312855,0.26379945321238857,7.900000000000006,0.6770646451908219,0.775226385899129,0.00518167639665743
2019-03-29,67.25,59.49,0.14,13.71,115.1371,449521,2.71,112.0,-0.001337395250980031,0.0008408307903107422,-0.05387298994015163,7238.0,67.34,64.56,54.31,59.44,56.12,47.0,1.2635762739126832,2.9429714678552648,1.5005859966482988,2.8668210405927717,0.24310491562309272,0.27214078353052834,7.759999999999998,-0.022690858422344924,0.05002729102581739,-0.6684343258296339
2019-04-05,69.54,62.36,0.15,12.82,114.9726,456550,2.7,119.0,0.03348510809776691,0.047115812989761426,-0.0036968618813260916,7029.0,67.25,64.73,58.64,59.49,56.35,50.78,1.5755845476081927,2.97645139029547,1.8918157063176229,3.171344591044803,0.09899494936670143,0.2796791993435667,7.180000000000007,0.9171503440207507,1.290307218368758,0.04318606045869877
2019-04-12,71.33,64.1,0.16,12.01,114.3531,455154,2.72,126.0,0.025414869710231363,0.02752031973704841,0.00738010729762246,-1396.0,69.54,65.71,59.83,62.36,57.81,51.92,1.954968030427862,3.198795583000261,2.286939366636067,3.603887946833394,0.07544313531915177,0.21188011189865463,7.230000000000004,0.6865776155490604,0.7535891843303956,0.16766863548214742
2019-04-19,70.87,63.8,0.19,12.09,114.6977,460633,2.62,133.0,-0.006469783467782077,-0.004691173575880166,-0.03745756253490044,5479.0,71.33,67.34,61.34,64.1,59.44,52.88,1.8298337811565402,3.2804720650693926,2.1066620516834043,3.789409784537595,0.04573474244801055,0.189616838531156,7.070000000000007,-0.19573499644390283,-0.11713044594385305,-0.5123347274053888
2019-04-26,72.93,65.28,0.23,12.73,115.4767,470567,2.56,140.0,0.028652864173977093,0.02293252030510734,-0.023167059281534418,9934.0,70.87,67.25,61.38,63.8,59.49,53.63,1.3988179533669058,3.4297772478253608,1.2007081244010647,4.024019925849545,0.07393691004354384,0.1977295367338299,7.650000000000006,0.7435320336819494,0.6080546406895251,-0.355708837954853
2019-05-03,71.59,62.9,0.21,12.87,115.2646,466604,2.59,147.0,-0.018544677588048137,-0.037139546949456766,0.011650617219975274,-3963.0,72.93,69.54,61.71,65.28,62.36,53.53,0.8849105416151191,3.1795000321668296,0.9826494797244351,3.7499974747463383,0.06946221994812234,0.1977295367338299,8.690000000000005,-0.5754114237141938,-1.0323536615908404,0.1855100810641786
2019-05-10,71.25,61.81,0.21,16.04,115.5334,472035,2.6,154.0,-0.004760580259333782,-0.0174810000352128,0.0038535693159899723,5431.0,71.59,71.33,63.36,62.9,64.1,53.88,0.8962886439804041,2.943757648128053,1.467818676359396,3.2690708530746373,0.025000000002445368,0.2009126902186978,9.439999999999998,-0.17164092279260765,-0.47538584677121787,0.06515567991867294
2019-05-17,73.32,62.1,0.19,15.96,116.448,476775,2.67,161.0,0.02863860382274421,0.00468082526825104,0.026567027384721706,4740.0,71.25,70.87,66.58,61.81,63.8,56.74,1.0067894516704372,3.1506992970782353,1.5740049766978228,3.0660111288810032,0.046547466813872174,0.20219065410168188,11.219999999999992,0.7566831124862489,0.12833507503878802,0.4319030603887924
2019-05-24,70.89,60.72,0.16,15.85,116.0806,476493,2.66,168.0,-0.033704043104578044,-0.02247285585205863,-0.0037523496185503527,-282.0,73.32,72.93,64.56,62.1,65.28,56.12,1.076951716649767,2.814932449806362,0.9017159567567186,2.667015128747424,0.04082482904786903,0.19807406022328844,10.170000000000002,-0.9770536783812638,-0.60884444710962,-0.05387944466977337
2019-05-31,69.29,56.93,0.19,18.71,116.7273,483264,2.66,175.0,-0.022828784227636196,-0.06445069012438392,0.0,6771.0,70.89,71.59,64.73,60.72,62.9,56.35,1.6573548201863397,2.347739564050741,2.381945983155351,2.5717857255571976,0.03201562118904585,0.10102504939898166,12.360000000000007,-0.6692148649921632,-1.6922569799981664,0.004853871142330456
2019-06-07,63.15,52.97,0.24,16.3,115.7368,485470,2.45,182.0,-0.09278774684278987,-0.07209672740655516,-0.08223809823697212,2206.0,69.29,71.25,65.71,56.93,61.81,57.81,4.337260079819397,2.847038200508493,4.1038437267197345,3.4235968149758924,0.10677078252088316,0.10036297759997799,10.18,-2.4595454001815416,-1.8191845997458402,-1.3110882606427154
2019-06-14,63.19,52.52,0.25,15.28,115.9057,482364,2.41,189.0,0.0006332119888637189,-0.008531666121839827,-0.016461277054071962,-3106.0,63.15,73.32,67.34,52.97,62.1,59.44,4.048341224089409,3.3866395250646972,3.84055985502165,4.202835622853356,0.1337908816030597,0.09882261426877888,10.669999999999995,0.052351450894991824,-0.13596543338542683,-0.24022347023036544
2019-06-21,64.04,54.75,0.3,15.4,114.8377,469576,2.4,196.0,0.013361827343150208,0.041583319262014785,-0.004158010148663788,-12788.0,63.19,70.89,67.25,52.52,60.72,59.49,2.9437546886012367,3.697345792469796,2.0047007257952836,4.509247064744507,0.12192894105499656,0.11080969216993113,9.290000000000006,0.3791212846651518,1.147995382937272,-0.028757096455667753
2019-06-28,66.51,58.38,0.25,15.08,114.5821,468491,2.34,203.0,0.03784442416781584,0.06419599672935851,-0.025317807984289897,-1085.0,64.04,69.29,69.54,54.75,56.93,62.36,1.5792693458247589,3.7806853635531534,2.6634626585213126,4.467665311248279,0.04546060565803718,0.12514234319611153,8.130000000000003,1.0624122752917804,1.7127272073810602,-0.3669210172815966
2019-07-05,63.84,57.32,0.17,13.28,115.1132,458992,2.31,4.0,-0.04097235915477649,-0.01832376246599764,-0.012903404835907841,-9499.0,66.51,63.15,71.33,58.38,52.97,64.1,1.4559418486539084,3.9794985027433585,2.634038407718696,4.283964462405042,0.04795831523448326,0.13226179273769667,6.520000000000003,-1.0540807840380977,-0.4077846348670141,-0.15740194337157165
2019-07-12,65.98,59.02,0.28,12.39,114.7685,455876,2.47,11.0,0.03297171265888207,0.02922676655482239,0.06697062610618375,-3116.0,63.84,63.19,70.87,57.32,52.52,63.8,1.3507374528981426,3.954518321049796,1.880556212047467,4.0239205215354525,0.07071067811957091,0.12926364883097893,6.960000000000001,0.9480578362020861,0.8119388222907975,1.1100151735653936
2019-07-19,63.63,56.74,0.25,14.45,114.8695,445041,2.44,18.0,-0.036266608555734645,-0.039396940134088135,-0.012220111334775444,-10835.0,65.98,64.04,72.93,59.02,54.75,65.28,1.46771931921437,3.808768193460793,1.0266287871817308,3.4772751435916245,0.07702813338944772,0.12968493288809482,6.890000000000001,-0.9089298614936415,-0.9341950383354636,-0.16619292700477123
2019-07-26,62.8,56.05,0.22,12.16,115.5449,436545,2.3,25.0,-0.013129983770547847,-0.012235279862536414,-0.05908891637000656,-8496.0,63.63,66.51,71.59,56.74,58.38,62.9,1.3549015954409385,3.7371998713998997,1.269340379883846,3.1488933842625153,0.08755950357783127,0.13813421229394512,6.75,-0.26952943662625234,-0.22133993730166043,-0.8988639199578631
2019-08-02,62.59,56.55,0.14,17.61,116.1864,438930,2.24,32.0,-0.003349552537542811,0.008881053043960486,-0.02643325706815537,2385.0,62.8,63.84,71.25,56.05,57.32,61.81,1.552997102378189,3.5668994897110045,1.3191664034547343,2.836237771585336,0.11026483271407755,0.14749165359028382,6.040000000000006,0.00805413122468388,0.32404566600303514,-0.3659840653492371
2019-08-09,57.33,53.28,0.11,17.97,116.4419,440510,2.11,39.0,-0.08778147401631886,-0.059564176329995694,-0.059787918378973494,1580.0,62.59,65.98,73.32,56.55,59.02,62.1,2.873631558381884,3.4752144036762718,1.6098550659414186,2.520928610770972,0.1369610650274983,0.15831259832334152,4.049999999999997,-2.1638437397137182,-1.3964249968262255,-0.8761859871291979
2019-08-16,58.25,55.31,0.07,18.47,117.0786,437778,2.21,46.0,0.01592004552551859,0.03739269777445296,0.04630456804168637,-2732.0,57.33,63.63,70.89,53.28,56.74,60.72,2.85798734543412,3.2496638520805794,1.438225179403641,2.1014489950473343,0.07937253933278976,0.1435164439950313,2.9399999999999977,0.5258583644404614,1.033073528727247,0.7993554391491436
2019-08-23,59.57,55.5,0.01,19.87,117.3009,427751,2.27,53.0,0.022407999194786157,0.003429296745802074,0.026787315963649982,-10027.0,58.25,62.8,69.29,55.31,56.05,56.93,2.2954665466221766,2.8275120233923667,1.3668211294840267,2.0730322908207297,0.06946221994822453,0.11007917260968948,4.07,0.677611357744257,0.15424655483582836,0.4865806417832483
2019-08-30,59.83,55.21,0.0,18.98,118.1575,422980,2.28,60.0,0.004355115761344378,-0.0052389244564355324,0.004395611473037908,-4771.0,59.57,62.59,63.15,55.5,56.55,52.97,1.1697720575657073,2.926646648651798,1.036998874961162,1.898441745380573,0.0780491298273199,0.10387930058928385,4.619999999999997,0.20407822225357256,-0.06039303835675318,0.13768895742772166
2019-09-06,60.23,55.73,0.02,15.0,117.1292,416068,2.46,67.0,0.006663359653689243,0.009374505285491585,0.07598590697792205,-6912.0,59.83,57.33,63.19,55.21,53.28,52.52,0.857438044406041,2.9689422665020637,0.22911059921055182,1.5806116959363958,0.10785793124970242,0.10891684345356528,4.5,0.2608892602946562,0.31101056398565335,1.236046509129972
2019-09-13,62.74,56.16,0.11,13.74,116.7677,417126,2.64,74.0,0.04082863570690246,0.00768615813611074,0.07061756721395342,1058.0,60.23,58.25,64.04,55.73,55.31,54.75,1.4571747778932396,2.912917417091003,0.4010818702840921,1.5179738788817487,0.17500000000036753,0.142092052962722,6.580000000000005,1.1352867093300798,0.33266554369039486,1.1220322417592092
2019-09-20,65.56,59.33,0.05,15.32,117.1819,419538,2.63,81.0,0.043966551113096934,0.05491032055299615,-0.003795070968551721,2412.0,62.74,59.57,66.51,56.16,55.5,58.38,2.647678228183123,2.787690882172861,1.8560958129014882,1.6564309935404027,0.1697792684638663,0.16505279228911424,6.230000000000004,1.1924360997961256,1.5752469459851086,-0.0338933866052849
2019-09-27,63.15,56.9,0.06,17.22,117.7218,422642,2.52,88.0,-0.037452905079128886,-0.04181973913826664,-0.04272494466634116,3104.0,65.56,59.83,63.84,59.33,55.21,57.32,2.182582568120072,2.7500561977736653,1.6076691201872686,1.6384110928239333,0.087321245983572,0.16994428677089937,6.25,-0.8860078563533341,-1.0220163450293858,-0.625817943392779
2019-10-04,59.22,53.12,0.12,17.04,117.5288,425569,2.33,95.0,-0.06425352612305496,-0.06874183596410686,-0.0783906339457227,2927.0,63.15,60.23,65.98,56.9,55.73,59.02,2.6134188974078123,2.497896690976674,2.5592235150536977,1.6381382633021349,0.14399074044346724,0.16806158683561856,6.100000000000001,-1.5585517589733295,-1.7067571187740367,-1.1567247306787032
2019-10-11,59.39,53.27,0.13,15.58,116.8239,434850,2.26,102.0,0.002866539354323599,0.0028198157607295347,-0.030503454293414854,9281.0,59.22,62.74,63.63,53.12,56.16,56.74,3.0779322063134473,2.428257262593428,3.009435162950667,1.7631142815185037,0.17019596548330582,0.16919372078042522,6.119999999999997,0.16299576087643264,0.18944751972718255,-0.4150673733681967
2019-10-18,59.32,53.49,0.18,14.25,116.1344,433151,2.25,109.0,-0.0011793447580374654,0.004121399614250976,-0.004434597067865641,-1699.0,59.39,65.56,62.8,53.27,59.33,56.05,1.921266943103298,2.386644023932798,1.8097237358238243,1.8478658861862396,0.12516655570398166,0.1712520736437434,5.829999999999998,0.056275088263357996,0.21878378077696728,-0.014723714285540871
2019-10-25,60.75,55.2,0.17,12.65,116.0774,438853,2.25,116.0,0.023820564950926486,0.031468232739890856,0.0,5702.0,59.32,63.15,62.59,53.49,56.9,56.55,0.7233717347681375,2.3047559523742347,0.9653669423268774,1.8068698868142947,0.03862210075591845,0.170691552399688,5.549999999999997,0.6761170080129529,0.9151157378878545,0.06698225721638056
2019-11-01,60.23,55.17,0.17,12.3,115.7312,446782,2.62,123.0,-0.008596515165028141,-0.0005436259987101813,0.15224410155667667,7929.0,60.75,59.22,57.33,55.2,53.12,53.28,0.6894140023682995,2.0905211761384317,1.0460521019548397,1.7028823603910113,0.18339392938007626,0.1687565935861377,5.059999999999995,-0.1604800629474532,0.06172609000157694,2.2740738622743275
2019-11-08,62.39,56.69,0.26,12.07,116.3436,449001,2.82,130.0,0.035234439067065366,0.027178501051872885,0.07356256717701665,2219.0,60.23,59.39,58.25,55.17,53.27,55.31,1.288523056317395,1.991088479535176,1.3076027684293143,1.7448493466261725,0.2833725463063173,0.19787316108759262,5.700000000000003,0.9698179359948988,0.7951131087315189,1.088095765690044
2019-11-15,62.56,56.85,0.23,12.05,116.4401,450380,2.73,137.0,0.0027210901143605863,0.002818391860332799,-0.032435275753153844,1379.0,62.39,59.32,59.57,56.69,53.49,55.5,1.1676008164871963,1.9785920537482806,0.9175102179288667,1.789155886969142,0.250399680511221,0.20547616539507133,5.710000000000001,0.15177959302551147,0.1602787570103495,-0.4529564168950552
2019-11-22,63.76,56.9,0.16,12.34,116.9137,451952,2.58,144.0,0.0189999382449039,0.0008791209357400927,-0.056512210263342216,1572.0,62.56,60.75,59.83,56.85,55.2,55.21,1.4691607581637465,2.0408858742025284,0.82653392751728,1.8224432069125789,0.10874281585520269,0.19665960439299154,6.859999999999999,0.5698206392867045,0.10157120565403814,-0.7889830437083734
2019-11-29,64.74,58.07,0.17,12.62,117.1204,447096,2.49,151.0,0.015253214016138746,0.02035383825167322,-0.03550668845690976,-4856.0,63.76,60.23,60.23,56.9,55.17,55.73,1.102311964310311,2.174854052923862,0.6346849612238319,1.9431486086115737,0.14798648586989177,0.19619100155439598,6.669999999999995,0.4743593617657702,0.6111349002850764,-0.47627906261355774
2019-12-06,64.71,57.64,0.23,13.62,116.5381,447918,2.38,1.0,-0.0004634994289235606,-0.007432408252637145,-0.04518222279323303,822.0,64.74,62.39,62.74,58.07,56.69,56.16,1.0278902340855007,2.3074063886598757,0.5927618971141189,2.005112216310496,0.14798648586990545,0.19488147135835154,7.069999999999993,0.070255495889479,-0.11375495068689684,-0.597751884038189
2019-12-13,66.5,59.25,0.21,12.63,115.6967,446833,2.24,8.0,0.02728619859263389,0.02754900888391918,-0.060624621816434736,-1085.0,64.71,62.56,65.56,57.64,56.85,59.33,1.14284367551373,2.445576092507975,0.983547999169462,1.993322755114735,0.1466003638017138,0.2015150945545811,7.25,0.7990744188438611,0.82099926704313,-0.8008328354558449
2019-12-20,68.9,60.75,0.29,12.51,115.7598,441359,2.28,15.0,0.0354542303578046,0.025001302205417186,0.017699577099400638,-5474.0,66.5,63.76,63.15,59.25,56.9,56.9,1.9774625997293822,3.1146996304431775,1.3926563347323435,2.409659852771387,0.11176612486257886,0.2064178609843198,8.150000000000006,1.019163122938958,0.7572800369484273,0.335807770789886
2019-12-27,68.73,61.29,0.29,13.43,115.22,429896,2.03,22.0,-0.0024703928860990497,0.0088496152769826,-0.11613964991265345,-11463.0,68.9,64.74,59.22,60.75,58.07,53.12,1.993372351902309,3.3482392478151866,1.6403734330948385,2.558533404475277,0.1472809107345609,0.23639175240703625,7.440000000000005,0.014042705967721236,0.3110097944829335,-1.538721029374268
2020-01-03,68.05,61.74,0.27,14.02,114.9867,431060,2.06,29.0,-0.00994305603603885,0.007315321576372915,0.01467018974779384,1164.0,68.73,64.71,59.39,61.29,57.64,53.27,1.0935111643974689,3.315355458798594,1.0834320467861411,2.5898168883435075,0.12579745625463917,0.2543604576663824,6.309999999999995,-0.19280490751612897,0.2523912251267215,0.31135003255911564
2020-01-10,67.93,60.84,0.27,12.56,115.0677,428511,2.1,36.0,-0.0017649658942643304,-0.01468455168292107,0.019231361927887592,-2549.0,68.05,66.5,59.32,61.74,59.25,53.49,0.48383020437124047,3.081968453027746,0.45596052461057685,2.347693097230911,0.11206396982738207,0.2655297734832571,7.090000000000003,0.012624805881045035,-0.3546747365826911,0.37577445331254183
2020-01-17,64.11,58.29,0.26,12.1,115.0656,428106,2.06,43.0,-0.05787740520404478,-0.04281691533363374,-0.019231361927887644,-405.0,67.93,68.9,60.75,60.84,60.75,55.2,2.0931873622130768,2.807338192536903,1.544344521149098,2.1280778067338058,0.028722813235144733,0.2793973492857228,5.82,-1.4712727332859492,-1.112598694428293,-0.16796714236864912
2020-01-24,62.2,56.15,0.21,14.56,115.5556,431654,1.93,50.0,-0.03024535825403211,-0.0374038708730062,-0.06518597988469561,3548.0,64.11,68.73,60.23,58.29,61.29,55.17,2.8987626670693705,2.533401713591401,2.5337521583618634,1.9983561426144982,0.07410578025234309,0.293004292036013,6.050000000000004,-0.7562047910018592,-0.9828478955581706,-0.7928774447568895
2020-01-31,58.57,52.69,0.18,18.84,115.7345,435009,1.95,57.0,-0.0601323796434429,-0.06360099696325774,0.010309369658861287,3355.0,62.2,68.05,62.39,56.15,61.74,56.69,3.9003365239418875,3.116409161296015,3.4500277776664836,2.606187858062605,0.08286535263190253,0.26074921191666606,5.880000000000003,-1.5555622135954117,-1.7275361164684255,0.3416807382027266
2020-02-07,54.59,50.36,0.18,15.47,116.5086,442468,1.89,64.0,-0.07037190430802462,-0.045228475045048004,-0.031252543504104426,7459.0,58.57,67.93,62.56,52.69,60.84,56.85,4.202177015150796,4.3165926342082335,3.5325757835707687,3.478187768294418,0.0727438428103124,0.22653349474732423,4.230000000000004,-1.8450488598103385,-1.2078078472717044,-0.2613918376386622
2020-02-14,55.33,50.83,0.17,13.68,116.4223,442883,1.9,71.0,0.01346454111635211,0.009289522282664608,0.005277057100843819,415.0,54.59,64.11,63.76,50.36,58.29,56.9,3.4781640271837317,5.053188612304027,2.6284897438144066,4.024363303678945,0.027537852739084875,0.19658254492632193,4.5,0.3907312690650264,0.26654465274777756,0.2901954102118379
2020-02-21,58.61,53.14,0.12,17.08,117.0473,443335,2.0,78.0,0.05759007357831941,0.04444320887285633,0.05129329438755048,452.0,55.33,62.2,64.74,50.83,56.15,58.07,2.1175063951091753,5.24435706837455,1.365540186155019,4.189644068920425,0.05066228051333886,0.15723944296599154,5.469999999999999,1.5550336080282106,1.2550118894936546,0.9878619772220745
2020-02-28,54.09,48.36,0.27,40.11,117.6568,444119,1.88,85.0,-0.08025600460500214,-0.09425691458507555,-0.06187540371808753,784.0,58.61,58.57,64.71,53.14,52.69,57.64,2.0347890963590207,5.827431148274771,1.9628784136240018,4.8481926498123595,0.055602757726688906,0.1312411613186039,5.730000000000004,-2.0378529135391155,-2.5095129863963908,-0.7431550578465735
2020-03-06,50.7,45.57,0.25,41.94,116.7106,451783,1.8,1.0,-0.06472341528619817,-0.059423420470800764,-0.04348511193973878,7664.0,54.09,54.59,66.5,48.36,50.36,59.25,3.268836439264212,6.534464516328481,3.253741436152828,5.600609477114882,0.08225975119591392,0.1276358456348486,5.130000000000003,-1.6720710658349482,-1.6347014053081161,-0.5103421681522927
2020-03-13,33.72,32.39,0.45,57.83,120.4388,453737,1.87,8.0,-0.4078347774634828,-0.34139987209255324,0.038151765964376326,1954.0,50.7,55.33,68.9,45.57,50.83,60.75,10.867612433280582,9.757187676971343,8.88469282905558,8.291330768283718,0.0830160627036354,0.09317220940857211,1.3299999999999983,-6.337551880078836,-6.009411796234024,0.7722754304774524
2020-03-20,25.65,24.19,0.55,66.04,124.9362,455360,1.79,15.0,-0.2735475615168762,-0.29191040856130207,-0.04372281101383169,1623.0,33.72,58.61,68.73,32.39,53.14,61.29,13.589856511383571,12.892864922471524,11.347065332792987,11.184004371774714,0.046547466814164856,0.10121609046842017,1.4599999999999973,-3.680729374292003,-4.244665887015001,-0.6032321027662934
2020-03-27,23.96,19.44,0.47,65.54,122.4007,469193,1.73,22.0,-0.06815779836952983,-0.21860652558964286,-0.034094211342976126,13833.0,25.65,54.09,68.05,24.19,48.36,61.74,12.2273228876968,14.808701270987266,11.442241549044189,13.431501275551753,0.05737304826150621,0.1089481388997157,4.52,-0.7651341440187152,-2.8919173920608845,-0.43469190359637555
2020-04-03,18.72,21.69,0.39,46.8,124.4152,484370,1.62,29.0,-0.24679330219780277,0.10951852580648995,-0.06569525926539478,15177.0,23.96,50.7,67.93,19.44,45.57,60.84,6.216383594984591,16.36241042756254,5.65175120353628,14.23539879272356,0.1053169818539191,0.11975986073154679,-2.9700000000000024,-2.9965196829537133,1.7155578852090672,-0.9832311460204808
2020-04-10,22.53,24.41,0.5,41.67,122.1592,503618,1.77,1.0,0.1852552833947072,0.11814155956608569,0.08855339734144503,19248.0,18.72,33.72,64.11,21.69,32.39,58.29,2.952879950149242,16.735861943742485,2.345611149929589,14.234677567635377,0.0758836829198892,0.10604101550679575,-1.879999999999999,2.5066848050852073,1.7692102186101069,1.7850867532127193
2020-04-17,20.0,20.12,0.45,38.15,122.871,518640,1.72,8.0,-0.11911548089016212,-0.1932785391733302,-0.028655255760376176,15022.0,22.53,25.65,62.2,24.41,24.19,56.15,2.3759121055558112,16.819132751576706,2.207811888123801,14.303255907151025,0.06377042156690083,0.10790006599831149,-0.120000000000001,-1.246805556914491,-2.305931479184529,-0.37855179793647964
2020-04-24,14.24,3.32,0.38,35.93,124.1615,527631,1.85,15.0,-0.3396773675701613,-1.8017495623031412,0.0728613482648719,8991.0,20.0,23.96,58.57,20.12,19.44,52.69,3.470440654056271,17.163928790203045,9.542677821241158,16.317306391643925,0.09626352718874981,0.10115993937003503,10.92,-3.486588239876823,-7.390012776011322,1.4741911885416337
2020-05-01,17.05,15.71,0.44,37.19,123.1492,532221,1.71,22.0,0.1800952977456962,1.5543326693391328,-0.0786922685756651,4590.0,14.24,18.72,54.59,3.32,21.69,50.36,3.5931833611242032,16.888828116584204,9.10165918940102,15.99355691767105,0.06396613687583748,0.1028974187620603,1.3399999999999999,2.1350957172634635,5.050278740579611,-1.335543120191658
2020-05-08,23.57,23.46,0.53,27.98,122.5379,531476,1.84,29.0,0.3238245132185139,0.4009993909577997,0.07327220110632593,-745.0,17.05,22.53,55.33,15.71,24.41,50.83,4.000837412341719,15.481322666851241,8.813048564487097,14.636202314187026,0.07527726527191159,0.09916316520437114,0.10999999999999943,3.29399562244352,1.313306666097813,1.456151421266478
2020-05-15,28.18,26.4,0.48,31.89,123.5991,526494,1.63,36.0,0.17863778952249437,0.11806716692694091,-0.12118555680222336,-4982.0,23.57,20.0,58.61,23.46,20.12,53.14,6.304152070923308,12.643371571577763,10.306956793027767,12.242397888510297,0.1062622541960153,0.08760707733976995,1.7800000000000011,1.8064439460543593,0.410928297908113,-2.017176638322249
2020-05-22,33.94,33.1,0.49,28.16,122.3211,534422,1.78,43.0,0.18598175333554604,0.22616927223074682,0.08803334948532293,7928.0,28.18,14.24,54.09,26.4,3.32,48.36,7.150909033122544,9.849352386032992,7.206558933823668,10.27805871305891,0.0905538513822164,0.0803920318681853,0.8399999999999963,1.7988525071513302,0.7380980383257125,1.7944935298548363
2020-05-29,33.7,34.19,0.49,27.51,120.9458,532345,1.76,50.0,-0.007096422447764067,0.03239992126819262,-0.011299555253933394,-2077.0,33.94,17.05,50.7,33.1,15.71,45.57,4.959095179565916,6.694370090538956,5.191887100724862,8.491795862459963,0.0884590300656303,0.07936776690986712,-0.4899999999999949,0.032124600288115174,0.12815316322717285,-0.06544680166756286
2020-06-05,38.37,37.32,0.69,24.52,118.8138,538065,1.7,57.0,0.12977806690054475,0.08759617232793332,-0.0346855579878901,5720.0,33.7,23.57,33.72,34.19,23.46,32.39,4.173083392408324,7.370399181246607,4.597226518964759,9.075907292486708,0.06751543033623258,0.07196379561143657,1.0499999999999972,1.256579124175607,0.29862129021054556,-0.5036099529969034
2020-06-12,39.52,37.87,0.52,36.09,119.6645,539280,1.7,6.0,0.029530968620806126,0.014629865934560256,0.0,1215.0,38.37,28.18,25.65,37.32,26.4,24.19,2.9975364885175924,8.48600541354996,2.3343664379596705,9.970140078344611,0.0412310562580284,0.0711539091539995,1.6500000000000057,0.3436540935567754,0.06853148692545474,0.1419055558134452
2020-06-19,40.95,38.35,0.51,35.12,120.2186,540722,1.52,13.0,0.03554493741941129,0.01259528589956183,-0.11191791620398532,1442.0,39.52,33.94,23.96,37.87,33.1,19.44,3.1393683016377416,9.450255848709688,1.8761374327784166,10.532680599261331,0.10392304845487871,0.09432374937939399,2.6000000000000014,0.3977432759445774,0.06387090663043625,-1.9109854862805957
2020-06-26,41.69,39.22,0.47,34.73,120.533,533527,1.57,20.0,0.01790948159362703,0.022432292954934943,0.032365284502031716,-7195.0,40.95,33.7,18.72,38.35,34.19,21.69,1.4805038556725552,9.815257911985736,0.8053570636714996,11.034588148456477,0.09178779875428326,0.09992042288295215,2.469999999999999,0.2392955210698838,0.09505936795067754,0.7607754872363521
2020-07-03,42.3,39.85,0.52,27.68,119.8555,539181,1.67,27.0,0.014525794159526775,0.015935584468023786,0.06174800706844703,5654.0,41.69,38.37,22.53,39.22,37.32,24.41,1.1980678890035206,10.194815490179224,0.8839824658925725,11.49530454207922,0.08426149773269571,0.098853273577494,2.4499999999999957,0.20557715584076358,0.07359748832066484,1.2618332691790213
2020-07-10,43.06,40.44,0.49,27.29,119.3509,531688,1.78,34.0,0.01780740588398471,0.014696988916046486,0.06378973787533,-7493.0,42.3,39.52,20.0,39.85,37.87,20.12,0.8966976450629303,10.079697979783242,0.8948184173369675,11.552611242275368,0.11503622617892889,0.10121609046843337,2.6200000000000045,0.23693857935390233,0.07011632280035182,1.2582006667765795
2020-07-17,43.4,40.57,0.5,25.68,119.124,536580,1.77,41.0,0.007864949170142136,0.003209483066085356,-0.00563381771825602,4892.0,43.06,40.95,14.24,40.44,38.35,3.32,0.767913840649743,8.529077670481168,0.6185466837720236,7.949044920712868,0.09844626283826481,0.09343203655365032,2.8299999999999983,0.14311543298172938,0.03198185346625193,0.007398721440633994
2020-07-24,43.57,41.34,0.45,25.84,118.1329,525969,1.72,48.0,0.003909399022991591,0.018801677035266383,-0.028655255760376176,-10611.0,43.4,41.69,17.05,40.57,39.22,15.71,0.5631089296587806,6.519226285660402,0.6128077458213451,5.769539856133346,0.05066228051340907,0.09354953314438473,2.229999999999997,0.10605258535954261,0.07920021125417341,-0.39960424826526963
2020-07-31,43.22,40.69,0.44,24.46,117.2082,518596,1.82,55.0,-0.008065489050610825,-0.015848192240023727,0.056512210263342404,-7373.0,43.57,42.3,23.57,41.34,39.85,23.46,0.22081289212392702,4.923333128168147,0.3999166579909033,4.325954440141268,0.04112987559934937,0.09103778769223247,2.530000000000001,0.0029342959448235392,-0.02873408290538507,1.1235333681802058
2020-08-07,44.36,41.57,0.44,22.21,117.6239,514084,2.13,62.0,0.026034811403426363,0.02139639125094748,0.15728547863262962,-4512.0,43.22,43.06,28.18,40.69,40.44,26.4,0.5024191477191245,3.64261976987544,0.4879463768406423,2.7252838328682714,0.1845715759991626,0.15035311970849596,2.789999999999999,0.3031909735657987,0.08619122826701744,2.7075407766279187
2020-08-14,44.54,42.08,0.57,22.05,116.9395,512452,2.17,69.0,0.004049499347055303,0.012193815164908353,0.018605187831034486,-1632.0,44.36,43.4,33.94,41.57,40.57,33.1,0.6299404733741258,3.1072564143068204,0.5765992253479569,2.233599317041255,0.22375581929150107,0.19463057469492537,2.460000000000001,0.10021405641350055,0.05344225072947305,0.36726407055721894
2020-08-21,44.79,42.73,0.48,22.54,117.0572,507763,2.39,76.0,0.0055972383899872535,0.015328681226479216,0.09656619839105111,-4689.0,44.54,43.57,33.7,42.08,41.34,34.19,0.6944242219240505,2.015478550589681,0.8610216799468466,1.6992964230320793,0.23471614061841725,0.26294947089210874,2.0600000000000023,0.10057831819688469,0.05895747606992914,1.6189054248387627
2020-08-28,45.26,42.93,0.6,22.96,115.9374,498401,2.52,83.0,0.010438739986182494,0.004669632580535698,0.05296553557991251,-9362.0,44.79,43.22,38.37,42.73,40.69,37.32,0.39041644431917766,1.6936378275526554,0.6218453719951281,1.6137327329299747,0.18463928798280707,0.3256415579167363,2.3299999999999983,0.14320880189779853,0.024761410943538682,0.867632284316631
2020-09-04,43.06,41.84,0.58,30.75,116.0347,500434,2.16,90.0,-0.04982914826917429,-0.025718062479801705,-0.15415067982725822,2033.0,45.26,44.36,39.52,42.93,41.57,37.87,0.9497850634019728,1.2796306285263261,0.5182341813039248,1.3858251562273982,0.17568911937509865,0.327455756900512,1.2199999999999989,-0.39573110404304995,-0.06749484787359254,-2.408410762862233
2020-09-11,39.45,37.38,0.54,26.87,116.0866,496045,2.16,97.0,-0.08756044464433371,-0.11271701772925075,0.0,-4389.0,43.06,44.54,40.95,41.84,42.08,38.35,2.635615045233552,1.5746428166438755,2.6034720406933247,1.568614520890279,0.1783956277494801,0.3050732649212494,2.0700000000000003,-0.7185514707866925,-0.3322434847210076,0.02009089666192604
2020-09-18,40.77,39.55,0.56,25.83,115.2395,494406,1.93,104.0,0.0329124695392788,0.056429892186245924,-0.1125882187792796,-1639.0,39.45,44.79,41.69,37.38,42.73,39.22,2.5621410317664863,1.6753498051765605,2.4708230747408773,1.539359124813908,0.24377243486525635,0.27656442068330533,1.220000000000006,0.36273141652312546,0.19594001593669214,-1.6944137590810044
2020-09-25,40.89,39.78,0.54,26.38,117.8679,492426,1.68,111.0,0.0029390175453888434,0.005798579212163376,-0.13872620950162665,-1980.0,40.77,45.26,42.3,39.55,42.93,39.85,1.49486621474791,1.7860441729943242,1.8234833880987362,1.5438843181647752,0.22896506283742085,0.27543216730783693,1.1099999999999994,0.09554631290947471,0.0379231870032151,-1.998566456882653
2020-10-02,39.99,38.99,0.57,27.63,116.7321,492927,1.65,118.0,-0.022256111517823935,-0.02005907043132011,-0.018018505502678365,501.0,40.89,43.06,43.06,39.78,41.84,40.44,0.6794850991704802,1.9897441589787515,1.0821121322081713,1.637759694881436,0.23895606290728258,0.28796569661030125,1.0,-0.13505851774937233,-0.044351138356123206,-0.17793617302500192
2020-10-09,41.06,40.19,0.63,25.0,115.2757,489109,1.91,125.0,0.02640498873206046,0.030313005466603645,0.14632795414604918,-3818.0,39.99,39.45,43.4,38.99,37.38,40.57,0.4735240226163059,2.037025460636417,0.5006911889299042,1.6460004326362547,0.14795832746695375,0.2801622906297751,0.8700000000000045,0.30059134775843743,0.11191377901967679,2.171983366564006
2020-10-16,41.32,40.33,0.62,27.41,115.7679,488107,2.17,132.0,0.006312232660650252,0.0034774004241670815,0.1276239254938297,-1002.0,41.06,40.77,43.57,40.19,39.55,41.34,0.5777254249740057,2.041163326948886,0.6020728084476323,1.6392228387708068,0.2414366721664625,0.2661211275819106,0.990000000000002,0.11699386279539215,0.02780501112134885,1.8149750859448701
2020-10-23,41.0,40.43,0.67,27.55,115.0126,492427,2.74,139.0,-0.00777457754713004,0.0024764747674028364,0.23323075284761074,4320.0,41.32,40.89,43.22,40.33,39.78,40.69,0.5850569772777651,2.0598637421858736,0.6705967491759369,1.6406761355656048,0.4661455423650485,0.31878913901123923,0.5700000000000003,-0.022341093193707875,0.021566404160064733,3.011620215414783
2020-10-30,37.91,37.32,0.74,38.02,116.1354,484429,3.09,146.0,-0.0783571371760644,-0.08004270767353637,0.12021317050967514,-7998.0,41.0,39.99,44.36,40.43,38.99,41.57,1.6143187417591152,2.2771952445556023,1.5015630744900608,1.8671147324786181,0.535622690582457,0.421543879595296,0.5899999999999963,-0.6494669910095213,-0.23202846822268378,1.4865672028712045
2020-11-06,38.64,37.71,0.67,24.86,113.9919,488706,2.78,153.0,0.019073079816073882,0.01039593529112273,-0.10572016320710843,4277.0,37.91,41.06,44.54,37.32,40.19,42.08,1.6971422057863597,2.237794504067076,1.6622549944795184,1.91309284730786,0.3833623177449521,0.45145220224194416,0.9299999999999997,0.2355602126744059,0.05197192349596866,-1.3879563532584536
2020-11-13,41.87,40.66,0.72,23.1,114.2397,489475,2.75,160.0,0.08028157068673457,0.07531949692993473,-0.010850016024065705,769.0,38.64,41.32,44.79,37.71,40.33,42.73,1.8824186569397166,1.9495617223108193,1.7591096232674333,1.7215714720363995,0.1675310916420461,0.4720073188955009,1.2100000000000009,0.77656554889155,0.25194415420282656,-0.17609865130084276
2020-11-20,43.01,41.52,0.67,23.7,113.489,488721,2.39,167.0,0.02686306676459303,0.020930430657432827,-0.14030754573506057,-754.0,41.87,41.0,45.26,40.66,40.43,42.93,2.467351819257792,1.5663166114427138,2.099720219459108,1.5220371117989224,0.28640006983259025,0.4678472620482787,1.4899999999999949,0.2908401450914983,0.08045116846242632,-1.7485860727989906
2020-11-27,46.43,44.4,0.68,20.84,113.1823,488042,2.39,174.0,0.07651315523618546,0.06706423058054584,0.0,-679.0,43.01,37.91,43.06,41.52,37.32,41.84,3.21459561998003,2.1946953954470487,2.753729289528154,1.9712824621171856,0.21685248442229071,0.46700853278819177,2.030000000000001,0.7318811544976592,0.22236885112846724,0.019873470168434465
2020-12-04,47.83,45.37,0.81,20.79,111.7778,503231,2.69,4.0,0.029707255660375163,0.021611624237693514,0.11824782767032843,15189.0,46.43,38.64,39.45,44.4,37.71,37.38,2.8062964918188613,2.874702619667572,2.254053755645236,2.3686415682378312,0.1920937271232999,0.47717206730716233,2.460000000000001,0.31276230922651044,0.08127716331532976,1.4575962943711993
2020-12-11,49.32,46.04,0.79,23.31,112.1417,500096,2.44,11.0,0.03067662060393814,0.014659490177809452,-0.0975431543086372,-3135.0,47.83,41.87,40.77,45.37,40.66,39.55,2.696867009450328,3.5872842559994647,1.9922077368265592,2.823984397758637,0.14361406616388267,0.45897118150767824,3.280000000000001,0.3117227434432394,0.05662347084667258,-1.1884969267703795
2020-12-18,51.05,47.97,0.82,21.57,111.6071,499534,2.7,18.0,0.03447586631453101,0.04106523166029076,0.10125373370517289,-562.0,49.32,43.01,40.89,46.04,41.52,39.78,1.9840593909108615,4.313815982786175,1.508564439018592,3.4140950040920193,0.16299284237900583,0.4070403151799901,3.0799999999999983,0.3323375391120761,0.13414190003973533,1.206062170793475
2020-12-25,50.61,47.73,0.81,21.53,111.9807,493469,2.72,25.0,-0.008656359384687921,-0.005015684496167357,0.00738010729762246,-6065.0,51.05,46.43,39.99,47.97,44.4,38.99,1.4482029093540718,4.652284792216262,1.272042321100762,3.6939216042274445,0.1322560647637147,0.31715950484757316,2.8800000000000026,-0.05519372849945606,-0.010284797219219185,0.05419908404396017
2021-01-01,50.82,47.98,0.8,22.75,111.3169,485459,2.38,32.0,0.004140792666031387,0.005224126393743327,-0.13353139262452274,-8010.0,50.61,47.83,41.06,47.73,45.37,40.19,0.774467559033262,4.905259623068357,0.9338450977926527,3.933092314135486,0.17511900715452688,0.25119110194625804,2.8400000000000034,0.05951055440787383,0.02184063797690814,-1.6061756872304607
2021-01-08,53.31,50.09,0.99,21.56,111.2847,482211,2.74,39.0,0.04783395294265164,0.04303712995797696,0.14085743271659565,-3248.0,50.82,49.32,41.32,47.98,46.04,40.33,1.2546015303652998,5.296574078562907,1.1043965169590657,4.295743136048248,0.17078251276633694,0.21275074333097835,3.219999999999999,0.44976122577938865,0.14008760576289161,1.6103408144808968
2021-01-15,55.38,52.75,0.98,24.34,111.5106,486563,2.82,46.0,0.03809458690814621,0.05174238498665046,0.028778964550043327,4352.0,53.31,51.05,41.0,50.09,47.97,40.43,2.2613712654040152,5.679487546239192,2.3293972754065035,4.821902365689193,0.19485036994263757,0.21700963531186063,2.6300000000000026,0.3549553978279771,0.1647987490915288,0.33088935759521
2021-01-22,55.23,52.82,0.97,21.91,111.5516,476653,2.54,53.0,-0.002712233829719684,0.0013261345128103175,-0.10457280391957692,-9910.0,55.38,50.61,37.91,52.75,47.73,37.32,2.1298591502714324,5.2969605349764395,2.330307561962115,4.662185077511019,0.19866219234364807,0.17044505024060022,2.4099999999999966,-0.007004409639914018,0.007693009806014343,-1.2255991297361821
2021-01-29,55.18,52.52,1.0,33.09,111.9511,475659,2.71,60.0,-0.0009057151239560611,-0.005695857434390691,0.0647845538611642,-994.0,55.23,50.82,38.64,52.82,47.98,37.71,0.980357077801219,4.56374912332095,1.3096182649934307,4.124210392745889,0.11786291472206625,0.1652798361640945,2.6599999999999966,0.009792670958568877,-0.013945109403048574,0.7699986231713692
2021-02-05,58.22,55.39,1.1,20.87,112.2379,469014,3.12,67.0,0.05362836952833714,0.05320502261041703,0.1408843669297814,-6645.0,55.18,53.31,41.87,52.52,50.09,40.66,1.4807740093145956,4.3504596587522375,1.3527502849150208,4.099378001599381,0.24390913608714426,0.22005508952134623,2.8299999999999983,0.49538940178583973,0.16846971326472518,1.606617619838703
2021-02-12,61.13,58.54,1.09,19.97,111.4889,461757,4.63,74.0,0.04877380572315695,0.05531120921872715,0.3947238662767516,-7257.0,58.22,55.38,43.01,55.39,52.75,41.52,2.8411382695429737,4.3311691857000465,2.7960254529130455,4.321999397024004,0.9516652072376911,0.6050594761649242,2.5900000000000034,0.44628669240589774,0.17330609353051513,3.8943790116629033
2021-02-19,63.9,60.17,1.23,22.05,111.7058,463042,12.18,81.0,0.044316617342855115,0.02746360796852065,0.9672383941836084,1285.0,61.13,55.23,46.43,58.54,52.82,44.4,3.7537303668033557,4.870125690619293,3.39641477639842,4.792187060015396,4.424379429177986,2.7535017649707365,3.729999999999997,0.3993429226985998,0.08410509055811978,6.046076747139037
2021-02-26,65.86,62.3,1.3,27.95,112.8306,484605,2.86,88.0,0.030211915564729016,0.03478753656114697,-1.4489736374499897,21563.0,63.9,55.18,47.83,60.17,52.52,45.37,3.3290076098834143,5.430888857994084,2.9133371472140728,5.304980221594844,4.391555343307576,2.7486073608724864,3.5600000000000023,0.27236792588233355,0.10674050838273941,-5.995999175331426
2021-03-05,65.94,62.29,1.42,24.66,113.7487,498403,2.79,95.0,0.0012139606953668163,-0.00016052652735324565,-0.02478002899848685,13798.0,65.86,58.22,49.32,62.3,55.39,46.04,2.2581611250443787,5.729627083428443,1.823193169507104,5.477494657895176,4.458703099930889,2.7363915356475625,3.6499999999999986,0.017154992440016045,-0.0017520086685842728,-0.11548298133320052
2021-03-12,68.15,65.02,1.5,20.69,113.0269,500799,2.65,102.0,0.0329659204989567,0.04289401560970501,-0.05148195583514345,2396.0,65.94,61.13,51.05,62.29,58.54,47.97,1.7368625929133676,6.165681350439417,1.9875697052775994,5.905624950892467,4.70747632318351,2.738061136621821,3.1300000000000097,0.29693379459789165,0.13174260472154592,-0.2302676905452418
2021-03-19,66.11,63.22,1.58,20.95,112.9756,502711,2.53,109.0,-0.030391136797054994,-0.028074208088287544,-0.046340337258701965,1912.0,68.15,63.9,50.61,65.02,60.17,47.73,1.0949733634485155,5.949345966091321,1.2846108360137407,5.710757724494755,0.14705441169891653,2.744648097993288,2.8900000000000006,-0.26836963499635147,-0.08932809152715365,-0.20494657334193364
2021-03-26,62.51,59.95,1.53,18.86,113.7406,501835,2.54,116.0,-0.055993477401765836,-0.05310982531394841,0.003944778291016546,-876.0,66.11,65.86,50.82,63.22,62.3,47.98,2.3382525526544558,5.235211205256269,2.110118480086828,5.008699401737691,0.12120918557099794,2.7382325365539018,2.559999999999995,-0.4892397681331126,-0.16598551549271942,0.0038233007154972005
2021-04-02,63.68,60.66,1.53,17.33,113.7315,498313,2.54,123.0,0.018543997592406682,0.011773620786911663,0.0,-3522.0,62.51,65.94,53.31,59.95,62.29,50.09,2.5196874806203784,4.694612886226021,2.3399626065396792,4.398458665983065,0.056862407031834275,2.7450466408799055,3.020000000000003,0.16720752771630723,0.03497812022791727,-0.013738488819180689
2021-04-09,61.83,59.35,1.51,16.69,113.2028,492423,2.45,130.0,-0.02948185796565026,-0.02183238120475798,-0.036076056473809535,-5890.0,63.68,68.15,55.38,60.66,65.02,52.75,1.8805384867093375,4.243542331019647,1.7030267173488642,3.9640179914275837,0.043588989436815835,2.75737963005503,2.479999999999997,-0.26346821177464946,-0.07131197808594884,-0.16479326400187855
2021-04-16,64.69,61.93,1.43,16.25,112.4814,493017,2.59,137.0,0.04521794648541675,0.04255259389429253,0.05556985115481057,594.0,61.83,66.11,55.23,59.35,63.22,52.82,1.265105397451814,3.644834451908913,1.109425527020208,3.436459153714694,0.05830951894950074,2.755622764128249,2.759999999999998,0.3916936100098281,0.12558045471487295,0.2110257243014711
2021-04-23,65.34,62.18,1.42,17.33,112.0889,493107,2.76,144.0,0.009997776117030106,0.004028689680638275,0.06357280401761213,90.0,64.69,62.51,55.18,61.93,59.95,52.52,1.5308058879759145,2.6937987146695455,1.3027918738888091,2.5003648218654604,0.13025615788432604,2.7541384837874037,3.1600000000000037,0.06434377142635571,0.0021424548583182357,0.23781026757310744
2021-04-30,66.96,63.47,1.49,18.61,112.0839,485117,2.88,151.0,0.024491020008295696,0.020533948687771027,0.0425596144187959,-7990.0,65.34,63.68,58.22,62.18,60.66,55.39,2.1411912572199334,2.126497333432265,1.725734143295933,1.890286173620258,0.18885620632317815,2.7590984473962203,3.489999999999995,0.19324900078626503,0.053424500748092706,0.14852580076778635
2021-05-07,68.99,65.1,1.46,16.69,111.0249,484691,2.95,158.0,0.0298661403767975,0.02535719589614469,0.02401487620387392,-426.0,66.96,61.83,61.13,63.47,59.35,58.54,1.917750418240553,2.1457314921413455,1.4528821929773308,1.8765652052873363,0.15758595538132278,2.745595922508803,3.8900000000000006,0.24597359092656768,0.06953245374880093,0.07373074485347951
2021-05-14,68.73,65.07,1.47,18.81,111.1353,486011,2.93,165.0,-0.003775781424503366,-0.0004609357076308659,-0.006802747322752523,1320.0,68.99,64.69,63.9,65.1,61.93,60.17,1.7019694474329472,2.300530077257639,1.4071365723828106,1.941702626796197,0.0852447456842588,0.17629821498264292,3.660000000000011,-0.06864466917663106,-0.016258848283340458,-0.057241626253665155
2021-05-21,67.48,64.11,1.46,20.15,111.0576,484349,2.91,172.0,-0.018354527455746332,-0.014863255507726705,-0.006849341845574783,-1662.0,68.73,65.34,65.86,65.07,62.18,62.3,0.9761488957438356,2.3555664248374644,0.7921016348953566,1.9906255678839564,0.029860788113717764,0.1808062750319098,3.3700000000000045,-0.2079572463392547,-0.06377796335369482,-0.059857988616889554
2021-05-28,69.02,66.4,1.44,16.76,110.7576,479270,2.86,179.0,0.022565059992089725,0.03509669848322238,-0.017331456351639976,-5079.0,67.48,66.96,65.94,64.11,63.47,62.29,0.7284000732165756,2.5258318461755978,0.9401063769616034,2.250999104774405,0.0386221007555592,0.18470902588241234,2.6199999999999903,0.11587978422648001,0.07526884509691455,-0.09956955273749286
2021-06-04,70.66,68.74,1.42,16.42,110.7521,474029,3.03,186.0,0.023483324261141917,0.03463421493929939,0.05774099468951649,-5241.0,69.02,68.99,68.15,66.4,65.1,65.02,1.308469207380102,2.7980978387388067,2.0065725337842033,2.7496407478837055,0.07135591542942808,0.20396635194874108,1.9200000000000017,0.08269881276321837,0.05777966234100363,0.20424983291289842
2021-06-11,71.46,70.11,1.31,15.65,111.0933,466674,3.12,193.0,0.011258210664264436,0.0197341657971886,0.029270382300113237,-7355.0,70.66,68.73,66.11,68.74,65.07,63.22,1.7703012926227861,3.161853479250041,2.6425618882699986,3.369831733052731,0.11747340124514559,0.2174368595220051,1.3499999999999943,-0.06853585583636375,-0.0020146684906879393,0.08235872718489991
2021-06-18,73.11,71.55,1.19,20.7,113.0408,459060,3.28,200.0,0.02282730370996083,0.02033106878358354,0.0500104205746612,-7614.0,71.46,67.48,62.51,70.11,64.11,59.95,1.70137934237545,3.3365854211649144,2.1910575833001324,3.7670592782778125,0.1753805386393606,0.24161702729483142,1.5600000000000023,0.014640068935515022,0.004458528373692857,0.16064722552670171
2021-06-25,75.41,73.48,1.26,15.62,111.9655,452342,3.28,207.0,0.03097473590933113,0.02661675434446515,0.0,-6718.0,73.11,69.02,63.68,71.55,66.4,60.66,2.098014934804302,3.7557011208419757,2.0288748934660714,4.246052980014423,0.12392874296718938,0.24734958698534498,1.9299999999999926,0.14855195602412338,0.029377836691605378,-0.04056023790787418
2021-07-02,76.26,74.07,1.2,15.07,112.5425,445476,3.72,214.0,0.011208662214862093,0.007997331678272839,0.12588024588900293,-6866.0,75.41,70.66,61.83,73.48,68.74,59.35,2.1851773383401256,3.686516278647062,1.8151101894936201,4.28968839371231,0.25794056162887646,0.29506419435078846,2.190000000000012,-0.12960283611629228,-0.04101236232562368,0.4699695618050916
2021-07-09,76.13,73.35,1.14,16.18,112.8375,437580,3.65,221.0,-0.001706149111296574,-0.009768087436207072,-0.018996500690655147,-7896.0,76.26,71.46,64.69,74.07,70.11,61.93,1.4603281594657196,3.7120527482867067,1.0877614628233268,4.2848452997072055,0.2355666926090099,0.31096501800723847,2.780000000000001,-0.45488949308841575,-0.28960607382345815,-0.12322274015941202
2021-07-16,75.8,73.19,1.06,18.45,113.0428,439687,3.73,228.0,-0.004344112669795214,-0.002183704975854973,0.021681066061323948,2107.0,76.13,73.11,65.34,73.35,71.55,62.18,0.3797367509146227,3.5384976909831405,0.3837859646602415,4.066826623778986,0.21299452262145796,0.33562695741768583,2.6099999999999994,-0.4736243355378834,-0.4085232768796674,0.038526418019668475
2021-07-23,72.2,69.68,1.08,17.2,113.4398,435598,3.93,235.0,-0.04865824674954532,-0.04914546706888832,0.05223119222544573,-4089.0,75.8,75.41,66.96,73.19,73.48,63.47,1.9413461824196143,3.2131192953363286,1.965949728079754,3.667241862597386,0.1203813385319149,0.3799790664090434,2.519999999999996,-1.4504844182725154,-1.4888343843086789,0.16649657136020496
2021-07-30,75.75,72.75,1.05,18.24,112.6714,439225,4.06,242.0,0.04799839849069801,0.0431155735073545,0.03254354773247121,3627.0,72.2,76.26,68.99,69.68,74.07,65.1,1.8543462459840696,3.2100895626137755,1.727066395173292,3.4795136372076625,0.186793111935991,0.4242104966340902,3.0,0.785697358079582,0.6307195931393662,0.07500094273964476
2021-08-06,72.26,69.5,1.1,16.15,113.3088,438777,4.15,249.0,-0.04716771866998432,-0.0457021534808554,0.0219253606289659,-448.0,75.75,76.13,68.73,72.75,73.35,65.07,2.0469550556852005,2.969162212211736,1.9610711358855835,3.098988471332788,0.18227726133574496,0.45307702201588484,2.760000000000005,-1.6585492609802146,-1.6826019822566056,0.03528443779400895
2021-08-13,71.09,68.33,1.06,15.45,113.0615,435544,4.1,256.0,-0.016324045778102463,-0.016977843778059516,-0.012121360532344963,-3233.0,72.26,75.8,67.48,69.5,73.19,64.11,2.0228445318400534,2.5107699833104404,1.887405626780752,2.4749599017257924,0.09416297927913068,0.4479743972662433,2.760000000000005,-0.7876051916986706,-0.8167226043783681,-0.10617668845199082
2021-08-20,68.08,65.05,1.03,18.56,114.5009,432564,3.9,263.0,-0.043263195676273104,-0.049192703834172645,-0.050010420574661305,-2980.0,71.09,72.2,69.02,68.33,69.68,66.4,3.1705152052406054,2.6650855634684363,3.179605583507238,2.7182726244078395,0.10812801055564801,0.39428012653671796,3.030000000000001,-1.5813902808391502,-1.7244690369959896,-0.2625890361469236
2021-08-27,71.02,67.59,1.09,16.39,113.3404,425395,4.07,270.0,0.042278043249823205,0.03830383815374864,0.04266644631890294,-7169.0,68.08,75.75,70.66,65.05,72.75,68.74,1.7815606454253958,2.6359557808866385,1.8836378809820389,2.8166338979623395,0.10847426730207593,0.3549509142334225,3.4299999999999926,0.9908475208949955,0.8602286893683669,0.11970528927967142
2021-09-03,73.02,69.15,1.12,16.41,112.5476,423867,4.49,2.0,0.027771848712549074,0.02281801499850443,0.09820970229965938,-1528.0,71.02,72.26,71.46,67.59,69.5,70.11,2.037913557210381,2.5794413007944588,1.771854019571171,2.849007668815353,0.2493992782669024,0.3545120419376151,3.8699999999999903,0.5600763516717921,0.3973080526969189,0.3370773262279238
2021-09-10,72.01,68.98,1.12,20.95,112.9425,417445,4.87,9.0,-0.013928377966715196,-0.002461450602072406,0.08124123534033555,-6422.0,73.02,71.09,73.11,69.15,68.33,71.55,2.1309680898585035,2.6079079912663508,1.8951934817683294,2.870962250260914,0.4357656097797416,0.40953317843907583,3.030000000000001,-0.6787650762403349,-0.3372898896410034,0.2631101119900254
2021-09-17,74.13,71.69,1.14,20.81,113.5989,413964,5.42,16.0,0.029015310407852782,0.038534660356085895,0.10700187835705638,-3481.0,72.01,68.08,75.41,68.98,65.05,73.48,1.3353775995307373,2.5368500809734806,1.707832446895845,2.741479776258674,0.5737813172281113,0.5204099491280891,2.4399999999999977,0.60223808672427,0.8576175964420991,0.3669391664900908
2021-09-24,75.32,72.18,1.18,17.75,113.7597,418542,5.03,23.0,0.015925395120323146,0.00681173134986171,-0.0746758313399069,4578.0,74.13,71.02,76.26,71.69,67.59,74.07,1.4262070910852127,2.4447908443728066,1.6704689960218067,2.551498668340704,0.385259652701936,0.5528658119838754,3.1399999999999864,0.21117273176385215,-0.07000398925452139,-0.3784439161116762
2021-10-01,78.44,75.45,1.21,21.15,114.3798,420887,5.68,30.0,0.040588297539193935,0.044307185999215334,0.12153124862141212,2345.0,75.32,73.02,76.13,72.18,69.15,73.35,2.685175351194344,2.7763154130482115,2.653858825685699,2.8479673772389216,0.3681485207539705,0.6444465560745476,2.989999999999995,0.9277519085433548,1.0036380437310597,0.42706265612756433
2021-10-08,82.01,78.5,1.29,18.77,114.5986,426975,5.87,4.0,0.04450718972017434,0.039628439574504806,0.032903401106945215,6088.0,78.44,72.01,75.8,75.45,68.98,73.19,3.5275345497946398,3.713420684735286,3.171377198211559,3.640821897718714,0.36359317925394674,0.718210634251188,3.510000000000005,1.0166432694775822,0.8530830256803772,0.055640712217323085
2021-10-15,83.87,81.18,1.18,16.3,114.0905,426544,5.54,11.0,0.02242678994800035,0.033570286622389,-0.057860133080812684,-431.0,82.01,74.13,72.2,78.5,71.69,69.68,3.8000263156976586,4.668125962310949,3.8832235320674675,4.6973695895261605,0.359722114972087,0.725728474142909,2.6899999999999977,0.3515655421401592,0.6556205377113641,-0.3129894800218114
2021-10-22,84.98,83.48,1.18,15.43,113.67,430812,4.95,18.0,0.013147953690345262,0.02793817079824839,-0.11260692417859346,4268.0,83.87,75.32,75.75,81.18,72.18,72.75,2.865222504447869,5.528923055308016,3.4627674385288265,5.806571512284327,0.39707262140149974,0.6918152450859325,1.5,0.08370011936921497,0.48868181502938846,-0.5223706781511526
2021-10-29,84.12,83.84,1.07,16.26,114.1349,434102,5.68,25.0,-0.010171583852166445,0.004303138363732109,0.1375636561524609,3290.0,84.98,78.44,72.26,83.48,75.45,69.5,1.2505598746139215,5.9382383751413315,2.46633331080814,6.541872820530771,0.39707262140149974,0.6942403740561842,0.28000000000000114,-0.5979112353760669,-0.1922388368243169,0.5059598584000581
2021-11-05,82.52,81.79,1.06,16.48,114.0732,435104,5.48,32.0,-0.01920366263144801,-0.024755233825849227,-0.03584613177313565,1002.0,84.12,82.01,71.09,83.84,78.5,68.33,1.0193257575448513,5.906877347634784,1.2886006622178865,6.674118713812324,0.31951786595848225,0.6505498839559679,0.7299999999999898,-0.847873675357145,-1.0069256280847891,-0.20292423152597894
2021-11-12,83.39,81.93,1.05,16.29,114.5144,433003,4.99,39.0,0.010487709895842917,0.001710237406840625,-0.09366919119649696,-2101.0,82.52,83.87,68.08,81.79,81.18,65.05,1.0475805458266176,5.321061852903505,1.0511263799697674,6.167445814823767,0.36189317024042916,0.536692310699163,1.4599999999999937,0.02310538730254776,-0.24543626114083655,-0.432098859298148
2021-11-19,81.63,78.99,1.02,17.91,115.2187,434020,4.91,46.0,-0.021331556635629415,-0.03654396197739571,-0.0161619679569981,1017.0,83.39,84.98,71.02,81.93,83.48,67.59,1.077790950661481,4.7759987056493305,1.9974212541846392,5.54854007552404,0.37421027956663,0.42244149675640025,2.6400000000000006,-0.9406748835709193,-1.33094315385692,-0.12115750353973888
2021-11-26,80.24,77.79,0.98,28.62,116.5103,433111,4.9,53.0,-0.0171746978095845,-0.015308373957644917,-0.0020387366898482057,-909.0,81.63,84.12,73.02,78.99,83.84,69.15,1.3447304562604747,4.300022903392175,2.0632256299304936,4.925625633235565,0.2762848771347131,0.3692826789461781,2.4499999999999886,-0.9100195758015248,-0.8552820037503479,-0.0624148518672978
2021-12-03,71.0,66.89,0.75,30.67,116.2377,432870,4.32,2.0,-0.12234226661236466,-0.1509634090883661,-0.12597980286056196,-241.0,80.24,82.52,72.01,77.79,81.79,68.98,5.529005335500652,4.481424540153635,6.574222387476914,5.295947779084236,0.30930028559102324,0.44971624050023656,4.109999999999999,-3.7076297681259347,-4.295682206778192,-0.5755701047167993
2021-12-10,74.79,71.31,0.81,18.69,115.5732,428286,3.68,9.0,0.052004309162260905,0.06398709090989549,-0.16034265007517937,-4584.0,71.0,83.39,74.13,66.89,81.93,71.69,4.925772359064935,4.404380309316079,5.680149645916298,5.336841294248816,0.584201734563243,0.6282509390555767,3.480000000000004,1.1856202249188275,1.4500132596272566,-0.7159769611279285
2021-12-17,73.76,71.18,0.75,21.57,115.791,423571,3.78,16.0,-0.013867606955237812,-0.0018246899581656007,0.02681125745065677,-4715.0,74.79,81.63,75.32,71.31,78.99,72.18,3.8741999174016466,4.5807623918851545,4.494903595555386,5.439019728412462,0.5620201657117952,0.7332100447327101,2.5799999999999983,-0.6611225823101512,-0.30278499128237674,0.05658056374982916
2021-12-24,73.91,71.63,0.79,17.96,115.5337,419995,3.85,23.0,0.0020315575484569606,0.0063021005443131654,0.018349138668196617,-3576.0,73.76,80.24,78.44,71.18,77.79,75.45,1.640822964245392,4.90202091906078,2.24962774698475,5.688378037452246,0.28371053323189227,0.764406583071077,2.280000000000001,-0.20489526504513594,-0.07658033397987257,0.030005938617220253
2021-12-31,78.16,76.05,0.79,17.22,115.283,417851,3.57,30.0,0.055909870937731816,0.0598770380789421,-0.07550755250814517,-2144.0,73.91,71.0,82.01,71.63,66.89,78.5,2.054207065186364,4.861843006951468,2.345966396463616,5.68832909374864,0.12192894105474883,0.7680450389255565,2.1099999999999994,1.2685079450758894,1.3100866823441621,-0.3468448083405184
2022-01-07,80.5,77.86,0.89,18.76,115.0451,413298,3.8,37.0,0.02949917668999033,0.023521323477007826,0.06243547094079237,-4553.0,78.16,74.79,83.87,76.05,71.31,81.18,3.313813261686323,4.671517824848719,3.2935188881604174,5.554821820233733,0.12355835328593191,0.7461065607538778,2.6400000000000006,0.5203981038623995,0.3448384933199077,0.23965880959576444
2022-01-14,85.07,81.52,0.79,19.19,114.3825,413813,4.42,44.0,0.0552172625632751,0.045936046732159605,0.1511386293572667,515.0,80.5,73.76,84.98,77.86,71.18,83.48,4.656042668761525,4.68190609655621,4.1104946985331114,5.369313200254161,0.36120169803964736,0.7321181391667265,3.549999999999997,1.2220349597625786,0.9189262873457213,0.6082757801410594
2022-01-21,89.16,85.93,0.74,28.85,114.6125,416190,4.5,51.0,0.046958061529875084,0.05268462241066234,0.01793770068666725,2377.0,85.07,73.91,84.12,81.52,71.63,83.84,4.8890379080818125,5.3521575230476515,4.36634858892431,5.647539220087239,0.4583575751165438,0.6227213005685612,3.2299999999999898,0.9639943693498279,1.075156693160408,0.04311906446758792
2022-01-28,90.12,86.94,0.63,27.66,116.0393,415143,4.6,58.0,0.010709607046375759,0.011685214235514269,0.021978906718775167,-1047.0,89.16,78.16,82.52,85.93,76.05,81.79,4.392959329046963,6.133273571019802,4.191375072694001,6.219185126394208,0.3609247382304347,0.5210711578231275,3.180000000000007,-0.0430464733865701,-0.010504623921697018,0.05786688445732134
2022-02-04,92.77,89.6,0.62,23.22,115.1362,410387,5.78,65.0,0.028981196101136412,0.03013709442023869,0.22834737918923684,-4756.0,90.12,80.5,83.39,86.94,77.86,81.93,3.195006520597486,7.105258562672042,3.3624829615429457,7.070262253504648,0.6409108102276706,0.6526745673833731,3.1700000000000017,0.49510749269514537,0.49764159246161205,0.8948267424082322
2022-02-11,96.43,90.61,0.42,27.36,114.8413,411508,4.19,72.0,0.03869404485711307,0.011209262253084521,-0.32170294875023975,1121.0,92.77,85.07,81.63,89.6,81.52,78.99,3.25372606919004,8.404337038732201,2.1976502603157884,7.9615840417937385,0.6972027443051921,0.628405268770214,5.820000000000007,0.8195483951576067,-0.0032081454392067785,-1.3592924416477485
2022-02-18,97.8,92.89,0.45,27.75,114.7982,416022,4.39,79.0,0.01410722051847859,0.024851415165460314,0.0466284931530335,4514.0,96.43,89.16,80.24,90.61,85.93,77.79,3.492783035535798,9.497454323994573,2.466265733181571,8.900759373460316,0.7132554474613979,0.5994239659115028,4.909999999999997,0.08349907641397564,0.38123157861540946,0.15997691315864992
2022-02-25,99.36,92.18,0.42,27.59,115.2577,413425,4.62,86.0,0.01582504114439711,-0.007672810107067213,0.051065478006567556,-2597.0,97.8,90.12,71.0,92.89,86.94,66.89,2.8139533282068676,9.598935981122908,1.490749252333193,8.44491329772306,0.7120159174250896,0.6092394662796482,7.179999999999993,0.14311504013047818,-0.5275773511925339,0.1687542050603389
2022-03-04,114.43,106.8,0.24,31.98,116.6503,411562,4.57,93.0,0.1412136641444548,0.14721473923373216,-0.010881500187534062,-1863.0,99.36,92.77,74.79,92.18,89.6,71.31,8.369374727739592,11.932823683462535,7.51396477677825,10.262016865680655,0.1951708653121758,0.5852498818815829,7.63000000000001,3.50359544982879,3.4309144118905435,-0.07938873645719467
2022-03-11,122.29,113.39,0.25,30.75,117.0192,415907,4.7,100.0,0.0664319908716552,0.05987527745765401,0.028049303809899586,4345.0,114.43,96.43,73.76,106.8,90.61,71.18,11.879323774244302,14.199717240035703,10.49316761834399,12.069809317868113,0.13140268896296928,0.5652587232784697,8.900000000000006,1.4110045755597993,1.1656744109817427,0.07993353456153952
2022-03-18,109.59,100.43,0.17,23.87,116.1378,413399,4.68,107.0,-0.10964914372597773,-0.12137223657850074,-0.004264398786457651,-2508.0,122.29,97.8,73.91,113.39,92.89,71.63,9.591827684718155,13.480209287108236,9.053717468531685,11.179409915581635,0.05909032633770205,0.5399410742260159,9.159999999999997,-3.0251250440655095,-3.0894825997106534,-0.06207082303123264
2022-03-25,123.6,113.69,0.18,20.81,115.7921,409950,5.14,114.0,0.12030441554828952,0.12401447873576739,0.09375496953751845,-3449.0,109.59,99.36,78.16,100.43,92.18,76.05,6.636893726234078,14.277875022268226,6.293887908121228,11.81000885227898,0.25157835094993986,0.48554483611584864,9.909999999999997,2.528714530434859,2.4565708582355135,0.34717888778477823
2022-04-01,111.26,103.89,-0.05,19.63,115.4814,412371,5.41,121.0,-0.10518074037644312,-0.09014279905857493,0.05119601339131645,2421.0,123.6,114.43,80.5,113.69,106.8,77.86,7.280176279916485,13.15772316124161,6.721487930510235,10.864576683660998,0.3553753883806296,0.46146013321351065,7.3700000000000045,-2.5992198656289616,-2.1590327776884295,0.16928881243692356
2022-04-08,103.33,99.21,0.19,21.16,116.4176,421753,6.08,128.0,-0.07394205442088365,-0.04609383142062929,0.1167556031196855,9382.0,111.26,122.29,85.07,103.89,113.39,81.52,8.486705289254413,11.938323952208428,6.563157268672516,9.796466276936297,0.5852278758455292,0.585643908769452,4.1200000000000045,-1.8250201399514483,-1.1868471624240742,0.42654743832670255
2022-04-15,105.42,101.46,0.36,22.7,116.7017,413733,6.64,135.0,0.02002462120079731,0.0224258164767329,0.0881072675102668,-8020.0,103.33,109.59,89.16,99.21,100.43,85.93,9.10594814759336,10.961579459294112,6.378042411272876,9.060430578770847,0.6758883043817103,0.7573078314101361,3.960000000000008,0.2121236046880659,0.253417682067974,0.30613569838072596
2022-04-22,105.72,104.02,0.18,28.21,118.0186,414424,7.1,142.0,0.002841718309027529,0.024918556206382586,0.06698282055892722,691.0,105.42,123.6,90.12,101.46,113.69,86.94,3.389349740976781,9.834551645123438,2.283571763706145,8.255331564657032,0.729354737650546,0.9392695421055882,1.7000000000000028,-0.14524102886989837,0.31755370856071885,0.2238801164696298
2022-04-29,103.92,102.85,0.19,33.4,119.4933,415727,6.81,149.0,-0.017172717373744324,-0.011311572245960275,-0.0417026638858488,1303.0,105.72,111.26,92.77,104.02,103.89,89.6,1.1549999999969058,8.863881896365784,2.0676637379732146,7.489056865004507,0.42929205288080513,1.0320893049214785,1.0700000000000074,-0.5628856365445197,-0.43392653746581994,-0.20268744227262553
2022-05-06,110.36,106.69,0.4,30.19,119.8577,424214,8.04,156.0,0.06012637698674116,0.036655817104403715,0.16603696302945387,8487.0,103.92,103.33,96.43,102.85,99.21,90.61,2.7836846085705633,8.126295514431673,2.218896121947958,6.705336409430529,0.6245731875982156,1.2168949557514386,3.6700000000000017,1.1254970117291008,0.5895376693718474,0.8522650879646702
2022-05-13,107.43,105.0,0.32,28.87,120.8442,420820,7.47,163.0,-0.026908276670634217,-0.015967083045846507,-0.07353408404614899,-3394.0,110.36,105.42,97.8,106.69,101.46,92.89,2.7397125761642576,7.368093941673561,1.624869225505706,5.886164762055075,0.5305657357952176,1.2441998767614837,2.430000000000007,-0.7563066611564657,-0.518848441268307,-1.0564958525100585
2022-05-20,112.93,112.18,0.18,29.43,119.3677,419801,8.21,170.0,0.04992868505712794,0.06614437392266753,0.09445792431961103,-1019.0,107.43,105.72,99.36,105.0,104.02,92.18,3.877430420608355,6.637686252593728,3.989210448195875,4.950815283334163,0.6331074158465606,1.327226260083223,0.75,0.8969172627787947,1.2011434399742407,0.9156199251245891
2022-05-27,117.66,113.38,0.27,25.72,118.2834,414733,8.79,177.0,0.04103095170073094,0.01064028481596658,0.06826178823274855,-5068.0,112.93,103.92,114.43,112.18,102.85,106.8,4.33739168932882,6.857609520330407,4.092361787524965,5.4142378937109035,0.5433461143689983,1.4021895756496532,4.280000000000001,0.7001103817834439,0.0385169848072355,0.5844603639765438
2022-06-03,124.11,116.37,0.3,24.79,118.2153,416758,8.54,184.0,0.05336915970511986,0.026029761223827833,-0.02885370389660715,2025.0,117.66,110.36,122.29,113.38,106.69,113.39,7.083390784080154,7.1412299997328015,4.821738102938329,5.819695594975729,0.5732000814141747,1.3696546235743998,7.739999999999995,0.9369860441133179,0.34844546610933236,-0.5731079597128031
2022-06-10,127.4,120.43,0.09,27.75,119.9981,418714,8.95,191.0,0.026163473996633234,0.03429390115240312,0.046892524486285454,1956.0,124.11,107.43,109.59,116.37,105.0,100.43,6.481000437174635,8.483262487052658,3.6763296914168464,6.691406236677041,0.322632401761718,1.2902395831077729,6.969999999999999,0.3262698092293881,0.5014455270761028,0.31991291877047523
2022-06-17,125.08,116.46,0.08,31.13,121.2369,418328,7.93,198.0,-0.018378210548422466,-0.03352080486341471,-0.12100049664000738,-386.0,127.4,112.93,123.6,120.43,112.18,113.69,4.170070942640841,8.663992885919582,2.892254022959633,6.938801966281403,0.44798623490743295,1.1115028728543934,8.620000000000005,-0.6367198208713268,-0.9405268952415863,-1.618743246398938
2022-06-24,116.83,107.88,0.09,27.23,120.4853,415566,6.43,205.0,-0.06823364586058357,-0.07652836813744467,-0.2096784973972286,-2762.0,125.08,117.66,111.26,116.46,113.38,103.89,4.563744807354756,8.718055932512506,5.287182614587202,6.792122609718736,1.1042757807721286,0.9669551554892322,8.950000000000003,-1.68471777395808,-1.8012138988177748,-2.4903120257192697
2022-07-01,120.34,110.96,0.04,26.7,121.5058,423800,6.35,2.0,0.02960118306314862,0.02815027773504682,-0.012519725344927709,8234.0,116.83,124.11,103.33,107.88,116.37,99.21,4.741669009957459,8.314422664407681,5.599829610502462,6.090292325172776,1.2551095569709907,0.9312991902810364,9.38000000000001,0.4260929102024999,0.39670490071115655,-0.29639829307138926
2022-07-08,113.64,103.32,-0.03,24.64,122.4662,427054,5.9,9.0,-0.05728551280621851,-0.07133880777893643,-0.07350246199292637,3254.0,120.34,127.4,105.42,110.96,120.43,101.46,4.9056931212613994,7.7968779688153225,5.51645719642548,5.878543161104416,0.8830392592253652,1.0211698579510715,10.320000000000007,-1.4023603489825394,-1.6305528592040135,-0.9432610720991835
2022-07-15,109.8,99.92,-0.2,24.23,123.4765,426609,6.76,16.0,-0.03437502791055694,-0.033461102410317384,0.1360705391431989,-445.0,113.64,125.08,105.72,103.32,116.46,104.02,4.496705275346087,7.413459299670457,4.877266994263161,6.355103890145563,0.3543068350078706,1.0391473777704519,9.879999999999995,-0.8912048841120151,-0.8307992301412371,1.3322275337152474
2022-07-22,113.53,102.24,-0.21,23.03,122.451,422086,7.76,23.0,0.033406590101012164,0.022953124811902405,0.13795944414025474,-4523.0,109.8,116.83,103.92,99.92,107.88,102.85,4.387750942490409,6.473974646788796,4.781896415997443,6.416323583901543,0.7936151460247892,1.0164953904410048,11.290000000000006,0.5378802800535792,0.322649486297386,1.3142358991256196
2022-07-29,109.28,99.6,-0.22,21.33,121.7678,426553,8.74,30.0,-0.03815372335396236,-0.026160826038672164,0.11892785547231671,4467.0,113.53,120.34,110.36,102.24,110.96,106.69,2.3454406124775993,6.5752098134508605,1.8032193432848478,7.004978532616793,1.22968830739064,1.0634089694767332,9.680000000000007,-0.9533442692245554,-0.6703719666973311,1.0789054004852845
2022-08-05,102.54,94.01,-0.41,21.15,122.321,432010,8.14,37.0,-0.06366042946692534,-0.05776100500009288,-0.07112000965299517,5457.0,109.28,113.64,107.43,99.6,103.32,105.0,4.57494171183194,7.3001600231520865,3.4924143988551246,8.190492409439669,0.8311437902071467,1.0705209720108626,8.530000000000001,-1.4503889410611392,-1.2843882208379223,-0.9227961367006393
2022-08-12,104.64,94.65,-0.41,19.53,121.018,424954,8.15,44.0,0.02027292135333392,0.006784718064872278,0.0012277472383223377,-7056.0,102.54,109.8,112.93,94.01,99.92,112.18,4.909530697190922,7.986855631522306,3.9630669941344228,8.92014454971873,0.4046706479758818,1.0681022536453872,9.989999999999995,0.28204135033157557,0.02336213364533196,-0.16258352703708193
2022-08-19,96.73,91.81,-0.27,20.6,123.0501,421672,9.19,51.0,-0.07860229551443293,-0.030464653499723267,0.12009800911482428,-3282.0,104.64,113.53,117.66,94.65,102.24,113.38,5.205717209632182,9.576575588381901,3.288235342347793,9.579022020999114,0.507838557023658,1.1104981137336483,4.920000000000002,-1.6858961663115026,-0.7064236794132787,1.0737613362610692
2022-08-26,98.87,94.47,-0.33,25.56,123.0656,418346,9.56,58.0,0.021882263714585924,0.028561099625434336,0.03947179069571441,-3326.0,96.73,109.28,124.11,91.81,99.6,116.37,3.559911047577053,9.840880719393262,1.311322487668656,9.255923369617996,0.7260394846929444,1.2119768474636006,4.400000000000006,0.3371385653424028,0.47958564137357274,0.2272636838060513
2022-09-02,95.31,90.79,-0.2,25.47,123.7743,427191,9.17,65.0,-0.03667111895950714,-0.039733176397377015,-0.04165044079493645,8845.0,98.87,102.54,127.4,94.47,94.01,120.43,4.104667059173192,9.498331073499784,1.9290757717965408,8.052253731193112,0.6054956647242425,1.232093561972659,4.519999999999996,-0.820164342360243,-0.8710526193219468,-0.6059078321892978
2022-09-09,90.43,85.29,-0.23,22.79,123.7874,429633,8.3,72.0,-0.052558666197145665,-0.06249193305264772,-0.09968177146582112,2442.0,95.31,104.64,125.08,90.79,94.65,116.46,3.582452604942901,9.392865280723042,3.8588772114869276,7.443463066627037,0.5343220002955619,1.2391599671722586,5.140000000000001,-1.1037597282682254,-1.2828933107542633,-1.182425761612375
2022-09-16,91.41,87.24,-0.4,26.3,124.8794,430774,8.42,79.0,0.010778810913338373,0.022605727002410137,0.014354313451683122,1141.0,90.43,96.73,116.83,85.29,91.81,107.88,3.8680701475881305,9.59148328024119,4.04910175224088,7.314198934989703,0.603676237730009,1.1593990083685541,4.170000000000002,0.1573304067580874,0.3952951545643521,0.014500105927092334
2022-09-23,88.54,83.46,-0.51,29.92,127.2853,430559,7.69,86.0,-0.03190045436173228,-0.04429546617002183,-0.0906890447366827,-215.0,91.41,98.87,120.34,87.24,94.47,110.96,2.852290015641757,9.004362915561938,3.1360962995420074,6.532738531984217,0.6075360071632602,1.040627724311622,5.0800000000000125,-0.6802766137249575,-0.9098422230919716,-1.0621029153878185
2022-09-30,87.28,80.08,-0.39,31.62,127.5148,429203,6.63,93.0,-0.014333085779179595,-0.04134134015644129,-0.14831597931978158,-1356.0,88.54,95.31,113.64,83.46,90.79,103.32,1.8559903016979258,8.915658340041967,3.045131360056884,6.919611567308017,0.8183316361149497,0.9104390382799753,7.200000000000003,-0.3284474316801774,-0.8348824206071146,-1.5968620490295629
2022-10-07,94.66,88.22,-0.41,31.36,127.3111,439082,6.01,100.0,0.08117018295328654,0.0968075596698286,-0.09818005565065493,9879.0,87.28,90.43,109.8,80.08,85.29,99.92,3.2833252960979236,8.303235769410675,3.7288961726854675,6.50864995543799,1.075310032812209,1.0360443420953582,6.439999999999998,1.5075591190113358,1.7829771242265464,-1.0560401213407125
2022-10-14,94.62,88.97,-0.48,32.02,128.3325,437357,6.29,107.0,-0.00042265427509986206,0.008465539579882346,0.04553632216523291,-1725.0,94.66,91.41,113.53,88.22,87.24,102.24,3.9195025194527355,6.674672787349124,4.186250311038291,5.4671500386813365,0.7350963655648255,1.164821159377378,5.650000000000006,-0.07799728393970244,0.10144758506362711,0.38811520523299237
2022-10-21,91.04,85.36,-0.28,29.69,127.6735,439945,5.48,114.0,-0.03856989982498117,-0.0414216272631781,-0.13785596975242492,2588.0,94.62,88.54,109.28,88.97,83.46,99.6,3.5166271719735764,5.373373961234253,4.030553105137644,4.650631351730197,0.48630408867974495,1.34838708361978,5.680000000000007,-0.8354211607982885,-0.8610792916018857,-1.4077778304400643
2022-10-28,93.01,87.87,-0.39,25.75,127.2135,436830,5.12,121.0,0.021408043876354744,0.02898084251425391,-0.06795066190850778,-3115.0,91.04,87.28,102.54,85.36,80.08,94.01,1.7106991748003277,4.775910828566844,1.565428588811182,4.340214612065486,0.5248809388804151,1.5379884048110584,5.140000000000001,0.3391730001088324,0.48122323408343043,-0.7045528429941823
2022-11-04,95.86,89.14,-0.49,24.55,127.1468,440755,4.57,128.0,0.030181779477109563,0.014349718010657842,-0.11364123414530308,3925.0,93.01,94.66,104.64,87.87,88.22,94.65,2.0853037348699233,3.4718617833119816,1.7433779471667314,3.8587409628246236,0.7213182376732209,1.7351925489172995,6.719999999999999,0.4923116052638328,0.1815569336032562,-1.1354048214059782
2022-11-11,96.08,88.41,-0.52,22.52,124.7044,435355,4.34,135.0,0.002292384040242788,-0.008223082100696765,-0.051638856793799974,-5400.0,95.86,94.62,96.73,89.14,88.97,91.81,2.417138459693409,3.4154864554365827,1.6413510694954945,3.6507454614422676,0.5180974811751375,1.7940144589126967,7.670000000000002,-0.050042846589489445,-0.243185531207188,-0.5142520950877597
2022-11-18,92.09,84.02,-0.69,23.12,123.8524,431665,6.06,142.0,-0.042414818038452366,-0.05093021967647709,0.3338354519689096,-3690.0,96.08,91.04,98.87,88.41,85.36,94.47,2.0119476467664303,2.8938151131489205,2.286671525748168,3.012360772590384,0.7651742720888376,1.575403748153758,8.070000000000007,-0.9162223327200687,-1.0438977049239084,2.9909378557628323
2022-11-25,86.4,78.74,-0.74,20.5,123.3386,419084,6.41,149.0,-0.06377868392326566,-0.06490358022564456,0.05614947085135578,-12581.0,92.09,93.01,95.31,84.02,87.87,90.79,4.525405138400618,3.2376211806030266,4.792065490648917,3.4540867319038275,1.0418093235648593,1.3342368151073556,7.660000000000011,-1.307726215366306,-1.2774497300346823,0.4717096230398714
2022-12-02,85.03,79.29,-0.77,19.06,122.0102,413898,6.06,156.0,-0.015983540412308875,0.006960731768716164,-0.056149470851355715,-5186.0,86.4,95.86,90.43,78.74,89.14,85.29,5.130152694283423,3.7739309142395707,4.532376124433598,3.90288781972173,0.933037155387352,1.1722937888058051,5.739999999999995,-0.3566217895663866,0.10261321752143975,-0.530166170655085
2022-12-09,78.56,73.06,-0.76,22.83,122.4201,424129,4.6,163.0,-0.07914147135149072,-0.08183099591717112,-0.27565349658617383,10231.0,85.03,96.08,91.41,79.29,88.41,87.24,5.556407712422184,5.275181096991794,4.488417501377327,5.136664110277901,0.8054139722320769,0.9859082875780567,5.5,-1.5374598477973163,-1.5392242315806055,-2.3985196713944235
2022-12-16,80.8,75.12,-0.69,22.62,122.6505,418234,6.78,170.0,0.028114301480839255,0.027805813532871062,0.38792079845725497,-5895.0,78.56,92.09,88.54,73.06,84.02,83.46,3.6454755062495634,5.936851718994884,2.9736999960774453,5.729404220970237,0.9547207270540669,0.8506623978708946,5.679999999999993,0.5338780635848958,0.5248745298073989,3.117979035986882
2022-12-23,80.68,77.28,-0.56,20.87,121.9743,418952,6.35,177.0,-0.001486252441038562,0.02834835500425513,-0.06552228904770399,718.0,80.8,86.4,87.28,75.12,78.74,80.08,2.711129838277616,6.456253428524371,2.6919556088473056,5.92137473800448,0.9457756957474887,0.8261974780445762,3.4000000000000057,-0.023832959493656106,0.5396515680648852,-0.5395615910839807
2022-12-30,81.83,79.23,-0.53,21.67,121.4256,420646,4.06,184.0,0.014153211453279323,0.024919825072887914,-0.447271839290959,1694.0,80.68,85.03,94.66,77.28,79.29,88.22,1.3724278973165573,6.508358262475033,2.6689745221722267,5.761469391175601,1.3207920603435903,0.9379862375419634,2.5999999999999943,0.2828301421785482,0.4782461543682224,-3.2553773064758658
2023-01-06,77.2,74.27,-0.69,21.13,121.0852,439607,3.65,191.0,-0.05824446750855981,-0.06464791329594555,-0.10645580601924107,18961.0,81.83,78.56,94.62,79.23,73.06,88.97,2.018768188772425,6.832233540469431,2.231300069467211,5.755667760011442,1.5833087717393204,1.0422179147463022,2.930000000000007,-1.0927826625652441,-1.175934505782847,-0.748290083192725
2023-01-13,80.61,77.1,-0.73,18.35,119.1673,448015,3.46,198.0,0.04322325426477908,0.03739617888807864,-0.05345857852476726,8408.0,77.2,80.8,91.04,74.27,75.12,85.36,1.9998166582629961,6.872189618419721,2.0421067552907823,5.6779517086762334,1.3369866616138606,1.1646757904969296,3.510000000000005,0.8410535054640407,0.7222159607446088,-0.3384597640751325
2023-01-20,84.57,80.34,-0.66,19.85,119.3486,448548,3.17,205.0,0.04795688249862134,0.041164348361852406,-0.08753700118044362,533.0,80.61,80.68,93.01,77.1,77.28,87.87,3.055861853334655,6.474073409774748,2.6727326839779635,5.1567631379194445,0.37313983080530067,1.2938066339529097,4.22999999999999,0.9061028548460474,0.7704127676097351,-0.5839317029472813
2023-01-27,85.9,80.33,-0.67,18.51,118.9223,452688,3.08,212.0,0.015604235196079052,-0.00012447874541509442,-0.028801990903706078,4140.0,84.57,81.83,95.86,80.34,79.23,89.14,3.9483076543415807,5.519980991952452,2.9227270370900724,4.229143745272858,0.2626785107314358,1.4015608182568038,5.570000000000007,0.2881668925510907,0.0035050528520579175,-0.15705968150967928
2023-02-03,81.87,76.51,-0.77,18.33,119.5095,455111,2.64,219.0,-0.048051205601852894,-0.04872169894196052,-0.15415067982725822,2423.0,85.9,77.2,96.08,80.33,74.27,88.41,2.424752564695758,4.057542546314601,2.0522345544967546,3.029954870150746,0.3395462658707379,1.5356451610336341,5.359999999999999,-0.9108998056526341,-0.8936477767875055,-1.0620098082802492
2023-02-10,83.3,77.51,-0.76,20.53,120.1419,471394,2.34,226.0,0.01731592578444023,0.012985509049659503,-0.12062798778861487,16283.0,81.87,80.61,92.09,76.51,77.1,84.02,1.725243944103312,2.8833296987193626,1.9626236691404848,2.348782405391675,0.38827610450997335,1.6084285573945718,5.789999999999992,0.31670248050384386,0.2417742059930568,-0.7972767718031463
2023-02-17,84.17,78.51,-0.78,20.02,120.5526,479041,2.41,233.0,0.01039001405068772,0.01281904491674422,0.02947581813295368,7647.0,83.3,84.57,86.4,77.51,80.34,78.74,1.6853684068075985,2.6527184455793944,1.629345471859967,2.3377512828795064,0.33390367872603743,1.5641088081192838,5.659999999999997,0.1525328813398695,0.20395967542253604,0.28508028276305564
2023-02-24,81.77,75.42,-0.83,21.67,121.5681,480207,2.18,240.0,-0.028928135049598864,-0.040153513379953126,-0.10030187070156597,1166.0,84.17,85.9,85.03,78.51,80.33,79.29,1.1619918244113185,2.480376926390787,1.3261567277931015,2.3170291846290936,0.19102792117067585,1.510961965307541,6.349999999999994,-0.6049132045237063,-0.8201371250299567,-0.6813042009110217
2023-03-03,83.6,77.54,-0.89,18.49,120.7742,478513,2.6,247.0,0.02213309191677005,0.027721440412572077,0.1761865682264387,-1694.0,81.77,81.87,78.56,75.42,76.51,73.06,1.0255730105646543,2.3078161000212076,1.3023184454416332,1.9456852029785363,0.17404501333502884,1.5161674169970822,6.059999999999988,0.40137081463106244,0.5256146247615341,1.3299106231400633
2023-03-10,82.86,77.31,-0.9,24.8,121.2421,480063,2.48,254.0,-0.008891083441400082,-0.0029706189103997625,-0.047252884850545615,1550.0,83.6,83.3,80.8,77.54,77.51,75.12,1.0362432146936704,2.2712124648759606,1.2925556080897218,1.8070876871612036,0.176705970471069,1.1498445217690938,5.549999999999997,-0.2132127998144511,-0.08337846603319915,-0.29393661344221345
2023-03-17,74.98,69.6,-0.42,25.51,121.5643,481180,2.47,261.0,-0.0999310253414897,-0.10505874599200951,-0.004040409537004863,1117.0,82.86,84.17,80.68,77.31,78.51,77.28,3.9537692986144,3.1000728241693905,3.7022459399673466,2.940247747755373,0.17839562774945392,0.5963804968052467,5.38000000000001,-1.9340491971385982,-2.0191463951450643,0.01321153275719289
2023-03-24,74.24,69.33,-0.38,21.74,120.4598,473691,2.06,268.0,-0.009918322829820999,-0.0038868543859749065,-0.18151216783839613,-7489.0,74.98,81.77,81.83,69.6,75.42,79.23,4.99506423048455,3.8067869017261597,4.597988690721741,3.5705821399570876,0.2358495283016756,0.5092210331536184,4.909999999999997,-0.16863649509856057,-0.039914077991220744,-1.2430001044385395
2023-03-31,78.0,73.79,-0.58,18.7,119.3602,469952,2.01,275.0,0.04940573821164657,0.062345508115876316,-0.02457126073050543,-3739.0,74.24,83.6,77.2,69.33,77.54,74.27,3.913906829073286,3.7356419066269946,3.79731813257794,3.5961244922325863,0.2548855952516644,0.4512709325288237,4.209999999999994,0.993861220148532,1.240728788993667,-0.08826262040349747
2023-04-07,85.99,80.62,-0.58,18.4,119.3547,470549,2.14,282.0,0.0975221837332134,0.08852353661874432,0.06267110696277597,597.0,78.0,82.86,80.61,73.79,77.31,77.1,5.376866342644788,3.958547617804587,5.268412158010393,3.820974312524021,0.207042668710579,0.3693852386674858,5.36999999999999,1.8773728707924118,1.7111818180671705,0.5437639484989532
2023-04-14,87.36,81.87,-0.56,17.07,118.8567,465968,2.09,289.0,0.015806501573789798,0.015385865699337148,-0.023641763057040653,-4581.0,85.99,74.98,84.57,80.62,69.6,80.34,6.309127647041691,4.211735408536152,5.9027190062437365,3.9863171276785,0.05446711546247158,0.30855970396192833,5.489999999999995,0.3118236008864201,0.3121781692998385,-0.08123052514263343
2023-04-21,84.62,79.22,-0.6,16.77,119.3117,460914,2.21,296.0,-0.031866866704673376,-0.03290383119458627,0.05582844955294189,-5054.0,87.36,74.24,85.9,81.87,69.33,80.33,4.148649378612919,4.11927030902197,3.5586186458611224,3.9020704488614135,0.08421203397852807,0.2162542695321687,5.400000000000006,-0.5815948257933393,-0.5913235589869179,0.5317763414855284
2023-04-28,81.4,76.31,-0.6,15.78,119.2248,459633,2.2,303.0,-0.03879537228342683,-0.03742480089222875,-0.004535155165391151,-1281.0,84.62,78.0,81.87,79.22,73.79,76.51,2.55309452756164,4.121780561844855,2.3892606945811337,3.9021519898017654,0.05597618541367022,0.18947095403841097,5.090000000000003,-0.6912292197606044,-0.6609177662924255,0.04453062475207594
2023-05-05,74.62,71.16,-0.48,17.19,118.5548,462584,2.03,310.0,-0.08696670521548285,-0.06987312850390748,-0.08042156731057433,2951.0,81.4,85.99,83.3,76.31,80.62,77.51,5.489942319065439,4.581602455539811,4.587977041500697,4.162641206995932,0.0873212459836282,0.19931701564908164,3.460000000000008,-1.5524742245086063,-1.2373516824520454,-0.5331098026303804
2023-05-12,76.08,72.03,-0.52,17.03,119.3671,467624,2.1,317.0,0.019376850444122906,0.012151836103637322,0.033901551675681416,5040.0,74.62,87.36,84.17,71.16,81.87,78.51,4.652081971189465,4.688246425419334,3.7718872376222947,4.21188146254666,0.0858292879313342,0.1953299461904695,4.049999999999997,0.4432477002290097,0.30264197345504296,0.3632834381138376
2023-05-19,75.75,71.62,-0.58,16.81,119.7751,455168,2.29,324.0,-0.0043469738476563154,-0.005708334330984871,0.08661447283677087,-12456.0,76.08,84.62,81.77,72.03,79.22,75.42,3.0236663726894646,4.854465298396531,2.3800140055620846,4.346828171381276,0.11387127235083978,0.1961601077660073,4.1299999999999955,0.04409439644708789,0.012829329806730395,0.7601087089736753
2023-05-26,76.48,72.62,-0.74,17.95,120.6304,459657,2.17,331.0,0.009590824353667479,0.013866001415903103,-0.05382465001378011,4489.0,75.75,81.4,83.6,71.62,76.31,77.54,0.7994737852695696,4.803755159910486,0.6202351704570543,4.320854993955088,0.11086778913101587,0.15632861658576935,3.8599999999999994,0.3471898207595707,0.42925254160000237,-0.32367554814725913
2023-06-02,73.89,69.85,-0.81,14.6,120.0049,459205,1.93,338.0,-0.034451767942589695,-0.03889028028321908,-0.11720716463557396,-452.0,76.48,74.62,82.86,72.62,71.16,77.31,1.146211149832331,4.9072508967485655,1.1928397489486895,4.4343347012176455,0.1504160895653576,0.14281795999437313,4.040000000000006,-0.5942759922179948,-0.7089493743779552,-0.7991853613682269
2023-06-09,76.06,71.56,-0.84,13.83,119.4322,467124,1.99,345.0,0.0289450016995574,0.024186172937547646,0.03061463581960695,7919.0,73.89,76.08,74.98,69.85,72.03,69.6,1.1431681124547208,4.8439693058861195,1.149532513679075,4.29125431970215,0.1652271164189908,0.10460604304919174,4.5,0.8174203532719293,0.7189943592116185,0.3555767712134268
2023-06-16,74.39,69.42,-0.93,13.54,118.4184,463293,2.05,352.0,-0.022200978296863613,-0.030361248206878213,0.029705154413915694,-3831.0,76.06,75.75,74.24,71.56,71.62,69.33,1.2583189844656582,4.831570420399141,1.4923443525782187,4.282104675804199,0.10246950766026468,0.10500721475927392,4.969999999999999,-0.36672864760212276,-0.561571148217297,0.3515637840999682
2023-06-23,75.26,70.41,-0.97,13.44,119.152,453690,2.28,359.0,0.011627260962041351,0.014160288097401639,0.10633564981603268,-9603.0,74.39,76.48,78.0,69.42,72.62,73.79,0.9583666660870143,4.932382484124711,0.9266786569997516,4.418542454728839,0.15305227865058388,0.11243853539783016,4.8500000000000085,0.3938958899950746,0.4619037499255579,0.9513255667967269
2023-06-30,73.55,69.36,-1.06,13.59,119.3606,452182,2.58,366.0,-0.0229833381178448,-0.015024966058755338,0.12361395596717682,-1508.0,75.26,73.89,85.99,70.41,69.85,80.62,1.0845736489515523,4.501628998081389,1.0339366518339246,4.03889977142725,0.2676440422155202,0.17351971331544833,4.189999999999998,-0.4089512421559335,-0.21244543900276106,1.0772229712146641
2023-07-07,76.6,71.79,-0.88,14.83,119.0761,458128,2.53,1.0,0.040631629699098996,0.0344348581161054,-0.019570096194097338,5946.0,73.55,76.06,87.36,69.36,71.56,81.87,1.3028430450365276,3.2457688074659665,1.1369696565896295,2.9045767177145843,0.24481285369330183,0.2015996632993426,4.809999999999988,1.0733867558780164,0.9501971526470925,-0.024881302057262498
2023-07-14,79.79,75.2,-0.91,13.34,117.0463,457420,2.53,8.0,0.04080110657364405,0.04640604036740246,0.0,-708.0,76.6,74.39,84.62,71.79,69.42,79.22,2.64034088708255,2.3236783470631357,2.542793739178489,2.14203864238096,0.13540064007770963,0.22349835603757556,4.590000000000003,1.0469325537449863,1.1965871776954495,0.1225704260760893
2023-07-21,79.48,75.61,-0.98,13.6,117.9418,456820,2.54,15.0,-0.0038927656365735407,0.0054373186143843915,0.003944778291016546,-600.0,79.79,75.26,81.4,75.2,70.41,76.31,2.9150700391814044,1.9687534511764548,2.964534814548781,2.013032350068661,0.023804761430948725,0.24112740251246367,3.8700000000000045,0.031231898064764247,0.2557802937227246,0.17628132575244684
2023-07-28,83.55,79.68,-0.91,13.33,117.788,439771,2.59,22.0,0.04993983735778653,0.052430063706164313,0.019493794681001132,-17049.0,79.48,73.55,74.62,75.61,69.36,71.16,2.8514849932388024,2.8788097287853716,3.2310473018313033,3.038963514493544,0.028722813234737663,0.24840704620852347,3.8699999999999903,1.2643908604833871,1.3143921096806161,0.28810750998913265
2023-08-04,85.63,81.4,-0.73,17.1,118.821,445622,2.49,29.0,0.024590433996697848,0.021356659732151867,-0.03937516523482994,5851.0,83.55,76.6,76.08,79.68,71.79,72.03,2.986819657539731,3.8394991584687728,3.0513098280363087,3.983926797428818,0.04112987559894443,0.24559605909380308,4.22999999999999,0.6859219872730407,0.6237133578339799,-0.16318852338621384
2023-08-11,87.83,83.04,-0.73,14.84,119.6268,439662,2.76,36.0,0.025367438890925464,0.01994714640908385,0.1029479692524422,-5960.0,85.63,79.79,75.75,81.4,75.2,71.62,3.5542779388597987,4.793740473500425,3.1915448192587372,4.841310553846611,0.1173314393791471,0.27429247827154457,4.789999999999992,0.714015781505261,0.5859961617221667,0.9652457435753428
2023-08-18,85.87,80.93,-0.66,17.3,120.4321,433528,2.59,43.0,-0.022568603244632522,-0.02573783590996793,-0.06357280401761219,-6134.0,87.83,79.48,76.48,83.04,75.61,72.62,1.7503904326364543,5.177487105466888,1.389637242833663,5.183015019944318,0.11206396982727623,0.2732464754825175,4.939999999999998,-0.40369945073597374,-0.47142567881413205,-0.35473198071008116
2023-08-25,84.71,79.97,-0.78,15.68,120.5137,422944,2.53,50.0,-0.013600866240933948,-0.011933019163812113,-0.023438572972017582,-10584.0,85.87,83.55,73.89,80.93,79.68,69.85,1.3123007785305396,5.0862833963397796,1.283030267246387,5.117666593637676,0.11898879499116403,0.22988139234273766,4.739999999999995,-0.172770154003468,-0.12920044468593564,-0.026955047877545962
2023-09-01,87.57,82.5,-0.69,13.09,120.759,416637,2.57,57.0,0.033204815090673606,0.03114672899683672,0.015686596167699473,-6307.0,84.71,85.63,76.06,79.97,81.4,71.56,1.473623651637386,5.309481156527242,1.4129166052308084,5.285289117976872,0.1014478519574557,0.1784444570234807,5.069999999999993,0.9364758898653951,0.8681570333609245,0.26867567521696434
2023-09-08,91.29,87.17,-0.72,13.84,121.9475,420592,2.52,64.0,0.04160277904285652,0.055061941682849315,-0.01964699738379642,3955.0,87.57,87.83,74.39,82.5,83.04,69.42,2.8712134484682545,5.577605315958496,3.1934033569224276,5.566694519981006,0.03304037933777672,0.10729102309300537,4.1200000000000045,1.1065760213690656,1.3961577952407092,-0.039002707017730565
2023-09-15,93.87,89.14,-0.69,13.79,121.199,418456,2.71,71.0,0.027869593771910964,0.022347932494925116,0.07268973336827755,-2136.0,91.29,85.87,75.26,87.17,80.93,70.41,4.036979068560791,5.9291261045485,4.204255780357535,5.837317968091572,0.08770214744681594,0.07998105836352426,4.730000000000004,0.7738000005499306,0.6178250521984129,0.7007870526358324
2023-09-22,94.86,90.28,-0.66,17.2,121.5306,416287,2.62,78.0,0.010491274100535127,0.012707784430925248,-0.03377431711860404,-2169.0,93.87,84.71,73.55,89.14,79.97,69.36,3.253893821254384,5.652144336980642,3.4312230569680704,5.60433456434299,0.08103497187500082,0.08088525355343817,4.579999999999998,0.32921191161444596,0.36280843145309266,-0.17010287272120017
2023-09-29,95.61,91.44,-0.44,17.52,122.3077,414063,2.66,85.0,0.007875296647919,0.012767067537220168,0.015151805020602246,-2224.0,94.86,87.57,76.6,90.28,82.5,71.79,1.8848938962172588,5.463108505737001,1.8193657319706036,5.410945136732201,0.08057087976919015,0.08203380677821229,4.170000000000002,0.24932355445568408,0.34765769048687317,0.24681399031587958
2023-10-06,90.33,85.5,-0.3,17.45,123.3563,424239,2.91,92.0,-0.05680778593560263,-0.06716664354384068,0.08982695838979336,10176.0,95.61,91.29,79.79,91.44,87.17,75.2,2.336327245913364,4.931373279751156,2.5709401652577726,4.8431091316017865,0.12871156384248278,0.12018609307934174,4.829999999999998,-1.3062294440891813,-1.550883200519955,0.8743308417696903
2023-10-13,90.48,85.03,-0.41,19.32,123.5954,419748,3.2,99.0,0.0016592006461129802,-0.005512240545013361,0.0949977286222798,-4491.0,90.33,93.87,79.48,85.5,89.14,75.61,2.806029222940712,4.073709500063814,3.270437024823413,4.083121206611104,0.2677529956261419,0.20160529995433038,5.450000000000003,0.11502633471833526,-0.072554863993625,0.9233919797373435
2023-10-20,92.47,88.03,-0.14,21.71,123.612,421120,2.86,106.0,0.02175543578168221,0.03467353007511369,-0.11232918497391972,1372.0,90.48,94.86,83.55,85.03,90.28,79.68,2.4599644306366217,3.72829557288432,2.9385597379219464,3.860220102846826,0.2229162772584596,0.20577274902766524,4.439999999999998,0.5873059029656584,0.8707304789985407,-0.7939663744450933
2023-10-27,89.84,85.2,-0.15,21.27,123.62,421893,2.89,113.0,-0.028853957159359424,-0.032676231637544656,0.010434877292579714,773.0,92.47,95.61,85.63,88.03,91.44,81.4,1.1593388920692145,3.4639558529975556,1.4068167376514018,3.6554478853380963,0.15800843859353897,0.20070330884615736,4.640000000000001,-0.6627996897495186,-0.7526113508164227,0.2229894111766132
2023-11-03,88.21,81.99,-0.26,14.91,121.7564,435762,3.17,120.0,-0.018309975159512264,-0.038404145227183835,0.09247508576484839,13869.0,89.84,90.33,87.83,85.2,85.5,83.04,1.7617226418095342,3.4400382089140735,2.4675409486645363,3.736213039801987,0.17981471945709074,0.23696790474400803,6.219999999999999,-0.4349640353347088,-0.8863994842915577,0.910356249319367
2023-11-10,83.52,77.92,-0.43,14.17,122.1281,439354,2.46,127.0,-0.05463421113634693,-0.05091462927380663,-0.25357023794491773,3592.0,88.21,90.48,85.87,81.99,85.03,80.93,3.7612320676428106,3.773679178925449,4.345208088611699,4.155616407618881,0.29217574619870984,0.24858996298512784,5.599999999999994,-1.3259589402560046,-1.1512240391158095,-1.8780225220860798
2023-11-17,81.93,76.98,-0.44,13.8,120.8477,448054,2.74,134.0,-0.01922089998060518,-0.012137011478679535,0.10779657045570758,8700.0,83.52,92.47,84.71,77.92,88.03,79.97,3.7542198479397766,4.204140455515004,3.8015292975332406,4.57575792695146,0.29625439518558044,0.23823053515190945,4.950000000000003,-0.43126701755519387,-0.23032998106742303,1.0191503374339306
2023-11-24,81.62,77.02,-0.45,12.46,120.2105,449664,2.64,141.0,-0.003790894176063706,0.0005194805311626015,-0.03717900324175413,1610.0,81.93,89.84,87.57,76.98,85.2,82.5,3.042707127980816,4.822034887321585,2.381545366634271,5.101860326182726,0.3014824483560802,0.23354319566710016,4.6000000000000085,-0.056249071541163674,0.05266126340050141,-0.15297604024351297
2023-12-01,80.91,75.49,-0.34,12.63,119.9424,445031,2.72,148.0,-0.008736904157911434,-0.020064931235229323,0.02985296314968113,-4633.0,81.62,88.21,91.29,77.02,81.99,87.17,1.1026785569688655,5.3718917016770416,1.006690121141584,5.659350803329833,0.1275408431318419,0.21991045009408497,5.420000000000002,-0.17687126492048139,-0.4381706920458106,0.3845817274800055
2023-12-08,75.98,70.71,-0.48,12.35,120.7607,440773,2.62,155.0,-0.06286727806026868,-0.06541319153538405,-0.03745756253490044,-4258.0,80.91,83.52,93.87,75.49,77.92,89.14,2.7862399992341995,6.205508305798552,2.979653223671778,6.480632860510289,0.05887840577647734,0.22467990699223123,5.27000000000001,-1.5485449932041078,-1.5316478566885607,-0.16432363013264525
2023-12-15,75.58,70.11,-0.53,12.28,119.7382,443682,2.38,162.0,-0.005278449838136628,-0.008521568397273114,-0.09607383008962221,2909.0,75.98,81.93,94.86,70.71,76.98,90.28,3.184194037219813,6.515069245428562,3.4406624846587035,6.783944727118916,0.14651507317263673,0.2504707688745005,5.469999999999999,-0.07676223908975813,-0.15753092875322125,-0.6477130254424769
2023-12-22,80.15,73.23,-0.41,13.03,119.0625,436568,2.5,169.0,0.058708181134219065,0.04353973585410212,0.04919024419077178,-7114.0,75.58,81.62,95.61,70.11,77.02,91.44,2.764736274342687,5.83591518620757,2.4722661669012456,6.105260709693879,0.14730919862696223,0.26094670302220596,6.920000000000002,1.6008411450703686,1.1881684678320767,0.5129491184817221
2023-12-29,79.23,73.52,-0.35,12.45,118.4208,431065,2.56,176.0,-0.011544864078411385,0.003952304974453012,0.023716526617316065,-5503.0,80.15,80.91,90.33,73.23,75.49,85.5,2.2942900136352313,5.661998255247569,1.7333277243512342,5.910386017747603,0.1024695076601784,0.2619102321348818,5.710000000000008,-0.227635533622171,0.17844619020123614,0.30907741551116524
2024-01-05,76.88,72.49,-0.35,13.35,119.388,432403,2.68,183.0,-0.030109250315113648,-0.014108856734645224,0.0458095360312942,1338.0,79.23,75.98,90.48,73.52,70.71,85.03,2.100777633798093,5.457409197734551,1.5470267181504143,5.644666764193116,0.12489995996844355,0.21572288621363792,4.390000000000001,-0.7174699656233362,-0.2965188286554916,0.468179877500404
2024-01-12,78.4,72.03,-0.18,12.7,119.534,429911,5.11,190.0,0.0195781626943252,-0.0063659224115148036,0.6453826096928477,-2492.0,76.88,75.58,92.47,72.49,70.11,88.03,1.3881522490945264,4.471108177324285,0.6809490925694774,4.559687240071541,1.2672115056296218,0.7348484692283497,6.3700000000000045,0.5834028121245212,-0.08312769473186005,4.383149890713267
2024-01-19,80.11,73.36,-0.24,13.3,120.6442,420678,2.92,197.0,0.021576762870663242,0.018296129046937823,-0.5596157879354228,-9233.0,78.4,80.15,89.84,72.03,73.23,85.2,1.3739602129123645,3.50404182208375,0.709694770074566,3.42274865179023,1.2043359165947385,0.7349644394613275,6.75,0.6410352915542734,0.5533023311769433,-3.395702932750023
2024-01-26,82.31,76.36,-0.19,13.26,120.6173,421912,2.38,204.0,0.027091916757527167,0.040080170909337375,-0.204483128596807,1234.0,80.11,79.23,88.21,73.36,73.52,81.99,2.332387903701429,2.5685256943288053,1.9464326343350526,2.6004014841532443,1.244759012821394,0.7414906158093373,5.950000000000003,0.7717662948695093,1.0864919058541933,-1.1850053370990385
2024-02-02,82.57,75.78,-0.33,13.85,120.902,427432,2.21,211.0,0.0031538114447844366,-0.007624593267092111,-0.07410797215372185,5520.0,82.31,76.88,83.52,76.36,72.49,77.92,1.9697779062623233,2.4527293084662047,2.0366046089847156,2.378663999862306,1.3380209265927403,0.755571226813102,6.789999999999992,0.12875477430652746,-0.15532921063702235,-0.3660684652213259
2024-02-09,81.51,75.05,-0.31,12.93,121.039,439450,1.93,218.0,-0.01292070632297101,-0.009679847510983839,-0.13547251261286725,12018.0,82.57,78.4,81.93,75.78,72.03,76.98,1.10614947754169,2.4198439406235988,1.3005735914092194,2.2126542062333545,0.41689327171366736,0.795412509711809,6.460000000000008,-0.3230071215791928,-0.23658144496979763,-0.7315791821231866
2024-02-16,84.44,78.17,-0.34,14.24,121.1505,442964,1.59,225.0,0.035315510873753744,0.040731384152768106,-0.19378598668465397,3514.0,81.51,80.11,81.62,75.05,73.36,77.02,1.2399563164344027,2.748075221722548,1.3325414315026107,2.3847768461764156,0.345675666871137,0.8602254813639607,6.269999999999996,0.9481220130739647,1.076536951938577,-1.0744636008085988
2024-02-23,85.02,78.71,-0.41,13.75,121.0369,447163,1.56,232.0,0.0068452999505242175,0.0068842699221196586,-0.019048194970694474,4199.0,84.44,82.31,80.91,78.17,76.36,75.49,1.6295295844707611,3.1240673759859785,1.7853921137958266,2.739792073508338,0.30804491014592866,0.9131497271764388,6.310000000000002,0.15540936030191344,0.15583171668972554,-0.011978068106877302
2024-03-01,84.26,79.58,-0.35,13.11,121.0111,448530,1.58,239.0,-0.00897926637977352,0.010992592844423747,0.012739025777429712,1367.0,85.02,82.57,75.98,78.71,75.78,70.71,1.5656175565354538,3.0244964519538833,1.9724667297585274,2.9245029362681296,0.17710637105090105,0.9530048173111002,4.680000000000007,-0.2691663148361449,0.27643432975337057,0.24143094762116157
2024-03-08,85.63,79.53,-0.39,14.74,119.975,446994,1.55,246.0,0.016128432487230147,-0.0006284960297387075,-0.01916991610772017,-1536.0,84.26,81.51,75.58,79.58,75.05,70.11,0.6199126282511287,2.8098283944154514,0.6807532592681809,2.7932010256505784,0.018257418587791625,0.9880233557538678,6.099999999999994,0.42312283522800703,-0.029875993720370274,0.021655022408693794
2024-03-15,84.52,80.43,-0.41,14.41,120.4003,445042,1.4,253.0,-0.013047496290244721,0.011252931946933775,-0.10178269430994247,-1952.0,85.63,84.44,80.15,79.53,78.17,73.23,0.6038970662830035,2.8718835546584773,0.7025370690131351,2.992136537761026,0.08261355821025006,1.0262505305797094,4.089999999999989,-0.37788822220229423,0.30445958448306937,-0.612743436228517
2024-03-22,85.88,82.79,-0.37,13.06,121.1842,448207,1.54,260.0,0.015962780262724303,0.028920040234736957,0.09531017980432493,3165.0,84.52,85.02,79.23,80.43,78.71,73.52,0.8017221048043066,2.9146311945085923,1.5285150746189968,3.3928248711153786,0.0801560977103961,1.043869186626305,3.089999999999989,0.4061749614417266,0.768651156387326,0.7856018482374167
2024-03-29,85.8,82.73,-0.39,13.01,121.0191,451417,1.48,267.0,-0.0009319665166636313,-0.0007249879486230142,-0.03974032864951411,3210.0,85.88,84.26,76.88,82.79,79.58,72.49,0.633633700701847,2.4091924649840286,1.6467341416687342,3.43644460382384,0.06898067362307272,1.0515915067029036,3.069999999999993,-0.05534818108009057,-0.052547209148612176,-0.18932753302613559
2024-04-05,90.34,86.35,-0.34,16.03,120.9646,457258,1.7,274.0,0.05156132373254148,0.04282651139059593,0.13858616328614673,5841.0,85.8,85.63,78.4,82.73,79.53,72.03,2.547384279347131,2.6255058675631324,2.444169934082047,3.69798470914759,0.12701705922233983,0.459604573123847,3.990000000000009,1.4509573278774208,1.186902740865372,1.062982935036206
2024-04-12,92.01,86.5,-0.38,17.31,122.2885,459993,1.69,281.0,0.018316936567811675,0.0017356093451461902,-0.005899722127188271,2735.0,90.34,84.52,80.11,86.35,80.43,73.36,3.154883780215132,3.0799413365137185,2.117016375311536,3.7975889480274607,0.10965856099801398,0.302177702083319,5.510000000000005,0.4945237931557608,0.015974546874317562,0.025972383727449398
2024-04-19,89.59,84.65,-0.35,18.71,123.1075,453625,1.46,288.0,-0.026653560184782862,-0.02161930535868922,-0.14629209321473707,-6368.0,92.01,85.88,82.31,86.5,82.79,76.36,2.625953794972597,3.141463059072535,1.7639609784054657,3.796513851448581,0.13022416570471584,0.22589049371655223,4.939999999999998,-0.8152234101274137,-0.6700668435476477,-0.9810692452942462
2024-04-26,88.53,84.48,-0.29,15.03,122.9471,460890,1.54,295.0,-0.011902228986529338,-0.002010288621193013,0.053345980705292714,7265.0,89.59,85.8,82.57,84.65,82.73,75.78,1.4639529819399302,3.0250423237713924,1.0778528038050785,3.562579398370724,0.11729592206674828,0.13820274961082854,4.049999999999997,-0.3737808853248735,-0.0975147528939734,0.43151251110357736
2024-05-03,85.73,81.74,-0.31,13.49,122.1375,459528,1.64,302.0,-0.03213865493229314,-0.032971341821820245,0.06291382541056918,-1362.0,88.53,90.34,81.51,84.48,86.35,75.05,2.6023771184562023,2.6146271244676806,1.9614004350643415,2.9116625470471926,0.10275375094608118,0.08897990920661786,3.990000000000009,-0.9357429877835272,-0.9639871374559581,0.495793582896148
2024-05-10,82.95,80.26,-0.37,12.55,122.014,457020,2.0,309.0,-0.03296480605421106,-0.01827211329736042,0.19845093872383823,-2508.0,85.73,92.01,84.44,81.74,86.5,78.17,2.98353258180046,2.7683957721968313,2.146227310112027,2.7081027407659435,0.23832750575658054,0.1552417469625784,2.6899999999999977,-0.956116087507616,-0.5572468919532986,1.4168031156748069
2024-05-17,81.61,80.61,-0.41,11.99,121.2354,458845,2.23,316.0,-0.016286213155302043,0.004351346456738733,0.10885440491208208,1825.0,82.95,89.59,85.02,80.26,84.65,78.71,3.073559283089455,3.109242697429282,1.9123000984863174,2.5278753505419025,0.31993488920947455,0.23925864032400035,1.0,-0.4588242965547024,0.1085914004948899,0.7953992495509956
2024-05-24,80.24,79.43,-0.47,11.93,121.6172,454689,2.48,323.0,-0.016929659827471456,-0.01474658065046876,0.1062569747048635,-4156.0,81.61,88.53,84.26,80.61,84.48,79.58,2.3427103249582126,3.5470101579510973,0.9577403962822518,2.5437904192303757,0.35696638497222144,0.33638339417810026,0.8099999999999881,-0.4730706793105955,-0.44056175119031477,0.756487019397346
2024-05-31,80.92,79.52,-0.38,12.92,122.098,455922,2.03,330.0,0.008438868645864604,0.0011324317032777552,-0.20022276712319492,1233.0,80.24,85.73,85.63,79.43,81.74,79.53,1.1574397032528558,3.8478620588899335,0.5735561582538764,2.5448383588601122,0.2215851980619022,0.34206480867421024,1.4000000000000057,0.2237715050820803,-0.03100551570034121,-1.381195814667226
2024-06-07,76.59,75.53,-0.44,12.22,123.549,459652,2.43,5.0,-0.05499449237804259,-0.05147863402296196,0.1798554642987613,3730.0,80.92,82.95,84.52,79.52,80.26,80.43,2.2376922636203496,4.659844824442238,2.227201158405857,3.2067668745759073,0.20564937798786315,0.37000818991753426,1.0600000000000023,-1.6791917475135296,-1.6310906059425272,1.242131202930042
2024-06-14,80.64,79.24,-0.47,12.66,124.1694,457105,2.73,12.0,0.05152828440155638,0.04795129350499346,0.11641035184441118,-2547.0,76.59,81.61,85.88,75.53,80.61,82.79,2.0243249903773872,4.814454483085217,1.9368531178188044,3.2947515655639985,0.2897556441787752,0.4329908320115434,1.4000000000000057,1.540929391652811,1.4628688405225367,0.7781388834922266
2024-06-21,85.04,82.26,-0.45,13.2,124.1086,460696,2.44,19.0,0.05312692971063403,0.03740374097192798,-0.11230356989175794,3591.0,80.64,80.24,85.8,79.24,79.43,82.73,3.451650571344986,4.801917151860882,2.764107752362603,3.2848646252256946,0.2875615876065346,0.42673087821744193,2.780000000000001,1.695989954360635,1.221474570671212,-0.7948362068552369
2024-06-28,86.72,82.53,-0.35,12.44,124.2103,448539,2.52,26.0,0.019562803657643568,0.003276900802314791,0.03226086221822148,-12157.0,85.04,80.92,90.34,82.26,79.52,86.35,4.560434007123939,4.50744728872213,3.266935363099638,2.964215236735601,0.13928388277226983,0.4345208088611168,4.189999999999998,0.6254742473922564,0.10393735347297137,0.20351987579663014
2024-07-05,88.02,84.61,-0.32,12.48,123.4762,445096,2.08,33.0,0.014879523691609331,0.02489059933181663,-0.19189100781010526,-3443.0,86.72,76.59,92.01,82.53,75.53,86.5,3.216929177543676,3.998528896148654,2.2117715373287035,2.707447081102088,0.27084743553051416,0.4152947109820716,3.4099999999999966,0.45609135005599244,0.7906469539953215,-1.3092870363346136
2024-07-12,86.8,83.44,-0.27,12.46,122.4404,440226,2.26,40.0,-0.013957439716640879,-0.013924652243892539,0.08299691957096783,-4870.0,88.02,80.64,89.59,84.61,79.24,84.65,1.2242412616248521,3.706916038319991,1.0611000581176393,2.5887663787284616,0.19621416870380973,0.3579190699111253,3.3599999999999994,-0.48465430047778185,-0.5145073095758792,0.5647406779572802
2024-07-19,86.05,82.98,-0.24,16.52,123.147,436485,2.02,47.0,-0.008678099008756037,-0.005528195787795136,-0.11226730187108105,-3741.0,86.8,85.04,88.53,83.44,82.26,84.48,0.8204216395639281,3.4717355497323243,0.8941662783494153,2.4449172694682244,0.22449944320672827,0.29975242309529204,3.069999999999993,-0.3797343892145394,-0.2804716087976724,-0.765548730181143
2024-07-26,82.52,79.26,-0.16,16.39,123.672,433049,2.06,54.0,-0.04188783445449735,-0.04586602714243283,0.019608471388376337,-3436.0,86.05,86.72,85.73,82.98,82.53,81.74,2.362221764920687,3.402433621021438,2.3124788287327798,2.482361259817137,0.10630145812798292,0.24261204846542425,3.259999999999991,-1.4759557353636532,-1.6327623503717532,0.1359255771123634
2024-08-02,80.26,77.11,-0.08,23.39,123.4681,429321,1.9,61.0,-0.027769323364280313,-0.027500613917419724,-0.08085209662909502,-3728.0,82.52,88.02,82.95,79.26,84.61,80.26,3.065195752313181,3.5056537668936825,3.0368665320256634,2.7021484157248943,0.14966629547141544,0.2542904566900217,3.1500000000000057,-0.9732828767189794,-0.9806906810171349,-0.5319484945458334
2024-08-09,78.84,76.33,-0.11,20.37,122.9276,430678,1.88,68.0,-0.017850882554251206,-0.010166928034490324,-0.010582109330536972,1357.0,80.26,86.8,81.61,77.11,83.44,80.61,3.1442473927262564,3.6884019698118116,2.9767655825304447,2.96247541864217,0.08850612031647323,0.27766750336369267,2.510000000000005,-0.6204737866172766,-0.37493341960398785,-0.05677479228060217
2024-08-16,82.47,79.49,-0.17,14.8,122.3972,426029,2.13,75.0,0.04501410856074449,0.04056518177464225,0.124850202879476,-4649.0,78.84,86.05,80.24,76.33,82.98,79.43,1.7965221030274163,3.607379956633025,1.5684041783517515,2.961132563835087,0.12203141672047538,0.2678986692196907,2.980000000000004,1.4555669011114585,1.3189237194989825,0.842158119251197
2024-08-23,79.57,74.68,-0.09,15.86,121.4597,425183,2.04,82.0,-0.03579745345582061,-0.062418908911499205,-0.043172171865208664,-846.0,82.47,82.52,80.92,79.49,79.26,79.52,1.5678116383459089,3.694928547306365,2.0004561979720226,3.363258250655835,0.1187083260214148,0.2673140815254641,4.889999999999986,-1.2215734934208367,-2.0917581890486217,-0.29747906830573784
2024-08-30,80.83,76.36,0.0,15.0,122.3262,418310,1.94,89.0,0.015711046356309585,0.02224668018402485,-0.05026183478088831,-6873.0,79.57,80.26,76.59,74.68,77.11,75.53,1.5905214029785493,3.2200037643497805,2.0096517111192935,3.275102010902358,0.11026483271411966,0.2676610248848515,4.469999999999999,0.4829389038679987,0.6907045661968151,-0.3370183526927206
2024-09-06,75.25,70.02,0.06,22.38,122.4991,419143,2.02,96.0,-0.07153228011676785,-0.0866780833310273,0.0404095383378767,833.0,80.83,78.84,80.64,76.36,76.33,79.24,3.0905015774142117,3.9046082913774427,3.951239257077654,4.341138221780616,0.07804912982733903,0.20231051740957795,5.230000000000004,-2.296281320651309,-2.7093774413500418,0.2899497832695643
2024-09-13,72.1,68.82,0.09,16.56,121.6551,417513,2.13,103.0,-0.04276185933808182,-0.017286515157185316,0.0530244683082204,-1630.0,75.25,82.47,85.04,70.02,79.49,82.26,4.01375447679605,4.867066427126641,3.621288904981013,5.113698996249287,0.07804912982733903,0.17377275303382786,3.280000000000001,-1.348184705303376,-0.5367014292242119,0.3859069391750667
2024-09-20,74.98,72.14,0.18,16.15,121.4052,413042,2.26,110.0,0.03916736701686273,0.04711427510605881,0.05924283356286076,-4471.0,72.1,79.57,86.72,68.82,74.68,82.53,3.6499041083295074,4.928083637006999,3.314267138700799,5.150737517064478,0.13889444433382775,0.12291904209306717,2.8400000000000034,1.2560346615984914,1.4590789193189115,0.4195353797523734
2024-09-27,74.07,70.22,0.2,16.96,121.1111,416931,2.56,117.0,-0.012210819282568293,-0.02697550473510676,0.12464244520727678,3889.0,74.98,80.83,88.02,72.14,76.36,84.61,1.42569281403851,4.667615379756163,1.373656919808869,4.913851402521165,0.23329166294604362,0.1898803450979885,3.8499999999999943,-0.3553325447278875,-0.812550558003767,0.8503946717808436
2024-10-04,75.88,71.83,0.05,19.21,122.2197,422741,2.66,124.0,0.024142553041615607,0.02266904534642398,0.0383188643021366,5810.0,74.07,75.25,86.8,70.22,70.02,83.44,1.6170420526383968,4.145720319763505,1.538860509166465,4.412612776479504,0.24878035828174055,0.2470308531828114,4.049999999999997,0.7973162216576646,0.7340609244692522,0.25668612781062705
2024-10-11,79.34,75.69,0.13,20.46,122.9805,420550,2.4,131.0,0.044589270019370714,0.05234383523436572,-0.10285738543970782,-2191.0,75.88,72.1,86.05,71.83,68.82,82.98,2.3034087059545514,3.436767663037478,2.3057464445753513,3.6385098306693417,0.17625738755237644,0.2553963052341548,3.6500000000000057,1.4615653031008795,1.6618309762082382,-0.6915497989002392
2024-10-18,74.58,70.81,0.13,18.03,123.9185,426024,2.15,138.0,-0.06187004033550942,-0.06664581765739348,-0.11000089521432846,5474.0,79.34,74.98,82.52,75.69,72.14,79.26,2.373961176318443,3.2485384825688097,2.4599373298260896,3.407845226959076,0.22246722605091665,0.25334579315448613,3.769999999999996,-1.874918362294813,-1.9577134527470328,-0.7297227525670762
2024-10-25,74.69,71.59,0.14,20.33,124.6105,425509,1.88,145.0,0.0014738396183005232,0.010955165744411027,-0.13419606529771366,-515.0,74.58,74.07,80.26,70.81,70.22,77.11,2.2242957687023552,3.1919966203374437,2.1838498116869665,3.264190001154198,0.33440245214431275,0.25535922410071293,3.0999999999999943,0.12789292073103323,0.40537361700020963,-0.8664556451382991
2024-11-01,72.61,68.69,0.16,21.88,124.8076,427658,1.83,152.0,-0.028243560976819904,-0.04135177118230347,-0.02695580998852822,2149.0,74.69,75.88,78.84,71.59,71.83,76.33,2.8547095590738114,3.3476680033434256,2.9316832480116215,3.3350557671043055,0.26388128644045694,0.2608842771433167,3.9200000000000017,-0.8068988503616716,-1.1716594349531637,-0.14518777793238738
2024-11-08,75.63,71.89,0.04,14.94,125.5811,429747,1.5,159.0,0.040750376475782654,0.045533544769989893,-0.19885085874516517,2089.0,72.61,79.34,82.47,68.69,75.69,79.49,1.2690514830642654,2.740847441389809,1.4436412296708074,2.5131996990433327,0.2667083300789066,0.32455447317914377,3.739999999999995,1.3240160264385799,1.4055409196063986,-1.2731447488702383
2024-11-15,72.89,68.38,0.12,16.14,126.8848,430292,1.79,166.0,-0.03690157447381645,-0.050056788784625064,0.17675051174449927,545.0,75.63,74.58,79.57,71.89,70.81,74.68,1.4478835128102354,2.5777619785746815,1.858769754435854,2.5364506338938733,0.17068489486033145,0.33751318717220113,4.510000000000005,-1.0582150985247794,-1.3897295116064232,1.2049427433527702
2024-11-22,74.84,70.11,0.04,15.24,127.4712,428448,2.35,173.0,0.026401046011767307,0.024985053007721216,0.27219970830340406,-1844.0,72.89,74.69,80.83,68.38,71.59,76.36,1.474954801567731,1.882584458245564,1.6029634015386105,2.004578660481912,0.3536830030787616,0.3413109752383699,4.730000000000004,0.9283672092699126,0.8554013365111707,1.758385266427636
2024-11-29,74.16,68.94,0.05,13.51,126.5798,423375,3.19,180.0,-0.009127580148289292,-0.016828876130156968,0.3056055886406855,-5073.0,74.84,72.61,75.25,70.11,68.69,70.02,1.1608330342190873,1.8819483376166457,1.5509781859648744,2.0684181849610686,0.7439702054966975,0.4557411546042162,5.219999999999999,-0.1704917563158225,-0.3848958982991201,1.894800502736802
2024-12-06,73.97,68.89,0.05,12.77,126.688,421950,2.9,187.0,-0.0025653156578233434,-0.000725531483614808,-0.0953101798043249,-1425.0,74.16,75.63,72.1,68.94,71.89,68.82,0.8081460264092449,1.7224946672751618,0.7318014302657332,2.0625425615440443,0.6189978459845006,0.493769514382284,5.079999999999998,0.04384558774723792,0.10788584536841808,-0.6045020184447173
2024-12-13,74.03,69.97,0.15,13.81,127.3096,421016,3.03,3.0,0.0008108108552307881,0.015555549152700868,0.04385188252884941,-934.0,73.97,72.89,74.98,68.89,68.38,72.14,0.401248052956018,1.7354195632784484,0.6523483220940514,2.0258307312097936,0.36481730587620564,0.5377111988170933,4.060000000000002,0.15458438293509835,0.5985770609151058,0.2604811985147525
2024-12-20,73.79,70.39,0.22,18.36,127.893,416779,3.0,10.0,-0.0032471953847316016,0.005984628862234948,-0.00995033085316798,-4237.0,74.03,74.84,74.07,69.97,70.11,70.22,0.15370426149281224,1.7468593029336748,0.7504831776965951,2.0236458248026703,0.12027745701820769,0.5672741841472974,3.4000000000000057,-0.001199971594367254,0.28251239537019623,-0.06520116529562478
2024-12-27,73.13,70.51,0.31,15.95,128.45,415601,2.94,17.0,-0.008984541787415583,0.0017033361109090501,-0.020202707317519466,-1178.0,73.79,74.16,75.88,70.39,68.94,71.83,0.4127953488123468,1.758448868817614,0.7372923436504162,1.9861375642792929,0.05852349955447437,0.5848750190243804,2.6199999999999903,-0.18209852200272056,0.14559350368149507,-0.11816649439030197
2025-01-03,75.42,73.15,0.32,16.13,129.4535,414642,3.46,24.0,0.03083381254735121,0.03675758373518415,0.16285900771904263,-959.0,73.13,73.97,79.34,70.51,68.89,75.69,0.9633405420727542,0.9502009356895872,1.4486200329987764,1.4422730376563175,0.23796008068601995,0.6581355667660004,2.269999999999996,1.1017567467607927,1.2345736991302905,0.997335953019809
2025-01-10,78.14,75.14,0.37,19.54,129.8664,412680,3.93,31.0,0.03542959779671348,0.026840912679689355,0.127370836811537,-1962.0,75.42,74.03,74.58,73.15,69.97,70.81,2.231546548920903,1.4968563016810637,2.2832925787128584,2.01554921457217,0.4611127844682778,0.763782453558351,3.0,1.2095218583847147,0.8971586390289914,0.7606974970615492
2025-01-17,82.79,79.28,0.34,15.97,129.4859,411663,5.47,38.0,0.057805191523790135,0.05363284987590964,0.33063919055271984,-1017.0,78.14,73.79,74.69,75.14,70.39,71.59,4.153287854218667,2.8414443616952165,3.696800418380508,3.2128204356163415,1.0910239838488416,1.074603168475202,3.510000000000005,1.8404730049649658,1.6641890676805036,1.9415204235644323
2025-01-24,79.92,75.73,0.36,14.85,127.4611,415126,4.02,45.0,-0.035281146810416504,-0.045811506896001164,-0.3079967138029601,3463.0,82.79,73.13,72.61,79.28,70.51,68.69,3.095603064563221,3.0323631898496166,2.5541404294474863,3.3375562644217145,0.868753896873785,1.0530029209433005,4.189999999999998,-1.0971058936949392,-1.39880662949499,-1.8868838304529538
2025-01-31,77.37,73.31,0.36,16.43,128.4828,423790,3.31,52.0,-0.03242702577893496,-0.03247735789023609,-0.19433371324195806,8664.0,79.92,75.42,75.63,75.73,73.15,71.89,2.406581254255313,3.068747029870131,2.4989397751856424,3.3635947581372676,0.9145262890335021,0.9191609316010918,4.060000000000002,-0.9945882705100801,-0.9710933318864706,-1.169225604121073
2025-02-07,75.4,72.05,0.2,16.54,128.4292,427860,3.28,59.0,-0.025791833547452687,-0.01733670278996422,-0.009104766992919204,4070.0,77.37,78.14,72.89,73.31,75.14,68.38,3.2020722456975506,2.929483355009229,3.1820158704828825,3.1672972657607885,1.025377979088717,0.7909066527304599,3.3500000000000085,-0.7704640446063468,-0.49761718776716823,-0.07439287333881048
2025-02-14,76.01,72.17,0.21,14.77,127.1491,432493,4.03,66.0,0.008057635564038747,0.0016641246386508832,0.2059229535625393,4633.0,75.4,82.79,74.84,72.05,79.28,70.11,2.0067303422898957,2.9038191935956172,1.7071906747651422,3.0934137022603556,0.4216633728462491,0.733464175655268,3.8400000000000034,0.284127152555013,0.07289528321104062,1.1705112911241564
2025-02-21,76.09,72.1,0.23,18.21,127.1408,430161,5.9,73.0,0.0010519396104822591,-0.0009704027932786276,0.3811859749530822,-2332.0,76.01,79.92,74.16,72.17,75.73,68.94,0.8278234513875066,2.834539671890046,0.6036762377343652,2.8945574581940243,1.2298780427343428,0.9870352761495397,3.990000000000009,0.033355431729008435,-0.04054660522426941,2.0819482042254323
2025-02-28,74.25,69.93,0.25,19.63,128.2805,433775,3.89,80.0,-0.024479072505622482,-0.03055930257512774,-0.41654319328131895,3614.0,76.09,77.37,73.97,72.1,73.31,68.89,0.8495243767351786,2.814352285674657,1.0894455776549061,2.782730700501562,1.131208792988008,0.9480841926556928,4.319999999999993,-0.7806439358574334,-0.9604637275249636,-2.299597462497873
2025-03-07,71.93,67.52,0.33,23.37,125.9814,435223,4.27,87.0,-0.03174435380354409,-0.03507089142807388,0.09320466961017813,1448.0,74.25,75.4,74.03,69.93,72.05,69.97,1.954140902460078,3.0295794287582067,2.201105782708299,3.0837089042351877,0.931642814244481,0.9170588692646336,4.410000000000011,-0.9907452820437507,-1.0697826165203148,0.45844547103369654
2025-03-14,71.54,66.95,0.29,21.77,125.6942,436968,4.15,94.0,-0.005436690048393227,-0.008477778150520057,-0.028505492997926058,1745.0,71.93,76.01,73.79,67.52,72.17,70.39,2.126662095084157,3.2527958836375612,2.366805160268155,3.4470013318559896,0.9122271281503175,0.8665024611341114,4.590000000000003,-0.12600530545775643,-0.22137269264443432,-0.19572549841058498
2025-03-21,72.21,67.96,0.31,19.28,126.2679,433627,4.14,101.0,0.009321806632218361,0.014973224666549526,-0.002412546405384101,-3341.0,71.54,76.09,73.13,66.95,72.1,70.51,1.2099414586394763,3.3363374720306904,1.294475440737298,3.641823032493315,0.15966109941599593,0.7922976751578676,4.25,0.34281363762727235,0.506101624380206,-0.0504193461172666
2025-03-28,74.35,69.81,0.38,21.65,126.4187,439792,3.92,108.0,0.029205132443073746,0.026857969178578935,-0.054604134034851745,6165.0,72.21,74.25,75.42,67.96,69.93,73.15,1.2586864846608745,3.3651619799823265,1.237766806257147,3.6823126585272927,0.14583095236171342,0.7663624231630352,4.539999999999992,0.9941453949752787,0.8603432554024883,-0.303921519066297
2025-04-04,74.64,69.09,0.33,45.31,125.8129,442345,4.07,115.0,0.00389288363292428,-0.010367263481606506,0.037551345652132626,2553.0,74.35,71.93,78.14,69.81,67.52,75.14,1.5417414396285185,3.298070602181394,1.2582097069534954,3.6010718101444508,0.10614455552088471,0.7630615170402935,5.549999999999997,0.1666592971693468,-0.29676173320535565,0.21540754751742405
2025-04-11,66.1,61.24,0.52,37.56,124.0163,442860,3.67,122.0,-0.12150780968144789,-0.12060943171122052,-0.10345133738802476,515.0,74.64,71.54,82.79,69.09,66.95,79.28,3.9675223166776,3.4777695525450856,3.9311109540864764,3.741049520542393,0.20800641015778945,0.6618082437648454,4.859999999999992,-3.5252627877751945,-3.375281031392373,-0.7449030487069633
2025-04-18,67.76,62.92,0.53,29.65,122.9865,443104,3.26,129.0,0.02480330348615859,0.02706350740059404,-0.11846446668786273,244.0,66.1,72.21,79.92,61.24,67.96,75.73,4.421503326547244,3.4149540792871655,4.320003858023589,3.7294880426950145,0.3541186241926172,0.7006030951756175,4.840000000000003,0.8300943856175714,0.8599517749742872,-0.8387081006069039
2025-04-25,67.92,63.62,0.55,24.84,122.8858,440408,3.0,136.0,0.002358491659292883,0.011063808130920947,-0.08311490671050657,-2696.0,67.76,74.35,77.37,62.92,69.81,73.31,3.780630458887602,3.4397066471118705,3.3983954547215416,3.7023244132038413,0.4695387807910516,0.7329578928746395,4.300000000000004,0.15615686625839528,0.3917473459000397,-0.6091273609635584
2025-05-02,63.5,60.99,0.5,22.68,122.4962,438376,3.09,143.0,-0.06729063610444594,-0.04221797001263307,0.02955880224154443,-2032.0,67.92,74.64,75.4,63.62,69.09,72.05,2.0521858265442856,4.127144805119894,1.2806606368089952,3.9559334032448383,0.2969287232093858,0.7509322488908048,2.509999999999998,-1.8330317858084437,-1.098710655015133,0.13047643341776113
2025-05-09,62.29,60.39,0.49,21.9,122.5191,441830,3.19,150.0,-0.019239006632591777,-0.00988638798855519,0.03184982588709917,3454.0,63.5,66.1,76.01,60.99,61.24,72.17,2.8981531475526716,4.5952218266768865,1.5363810291304774,4.024150578542902,0.1138712723506699,0.7812514242411005,1.8999999999999986,-0.41742868208945916,-0.16315167068869119,0.14067950012859023
2025-05-16,65.54,63.94,0.45,17.24,123.0737,443158,3.2,157.0,0.05085974400461443,0.0571216153118856,0.003129893008927787,1328.0,62.29,67.76,76.09,60.39,62.92,72.1,2.467892150534453,4.372865626552332,1.80548239168152,3.571651854492027,0.0941629792793379,0.4751929432696748,1.6000000000000085,1.5684959982231372,1.70113829777478,-0.055405489854008595
2025-05-23,65.86,63.26,0.51,22.29,121.3837,440363,3.05,164.0,0.004870633677549687,-0.010691925754192644,-0.048009219186360724,-2795.0,65.54,67.92,74.25,63.94,63.62,69.93,1.6981632234082635,4.182298918349629,1.7203972409510613,3.3054476385065463,0.0741057802520194,0.49858815821789787,2.6000000000000014,0.25900521616471955,-0.19811757647892,-0.4028799087994735
2025-05-30,64.74,61.82,0.52,18.57,121.7674,436059,3.03,171.0,-0.017152028450120007,-0.023026281173532472,-0.006578971098042511,-4304.0,65.86,63.5,71.93,63.26,60.99,67.52,1.615206385162468,4.182624502304388,1.5788893775917385,3.2897336863752655,0.08995369179061599,0.4712740629657099,2.9199999999999946,-0.37006362736945136,-0.5285710098294025,-0.1297665544474446
2025-06-06,67.18,64.06,0.47,16.77,121.161,432415,2.84,178.0,0.03699633568604867,0.0355932074770419,-0.06475856734816308,-3644.0,64.74,62.29,71.54,61.82,60.39,66.95,1.0158083808816205,4.037567805979625,1.0288504912467697,3.1848043562954196,0.14764823060266472,0.45356834371923427,3.1200000000000045,1.1614797275006423,1.1088684155582345,-0.5133813397952238
2025-06-13,71.05,68.63,0.45,20.82,120.3245,420942,2.84,185.0,0.05600827035896276,0.06890961273953115,0.0,-11473.0,67.18,65.54,72.21,64.06,63.94,67.96,2.7489316106448274,3.9315949227213105,2.9415004674494605,3.263682039437197,0.11575836902833811,0.4061422351239572,2.4200000000000017,1.6385949342003665,1.9461455157811443,-0.07138129730479334
2025-06-20,78.25,74.94,0.48,20.62,121.0408,415106,3.08,192.0,0.09652497487715302,0.08795803644499808,0.08112554481236853,-5836.0,71.05,65.86,74.35,68.63,63.26,69.81,5.899516929376645,4.63974749508916,5.7922613603559086,4.257494995459544,0.12579745625449135,0.3513696145949101,3.3100000000000023,2.6333669476531534,2.358427232847993,0.4968575019162281
2025-06-27,69.96,66.78,0.56,16.32,119.659,418951,3.3,199.0,-0.11198517926986135,-0.11528415885003282,0.06899287148695142,3845.0,78.25,64.74,74.64,74.94,61.82,69.09,4.717011765938401,4.197553670673691,4.623147376698269,4.08345915081357,0.22113344387518186,0.22390981680260594,3.1799999999999926,-2.6987478426165117,-2.72438640948902,0.40403008598546847
2025-07-04,69.61,67.43,0.47,17.48,119.2382,426021,3.19,206.0,-0.005015414969826109,0.009686388230982114,-0.03390155167568134,7070.0,69.96,67.18,66.1,66.78,64.06,61.24,4.068147612857868,4.212445845349744,3.7426238567799954,4.041151576049262,0.19670197423198807,0.1487803954174646,2.1799999999999926,-0.02539082869966614,0.32603722951496195,-0.3233985981045112
2025-07-11,71.77,69.15,0.53,16.4,119.9214,422162,3.17,213.0,0.030558326261405432,0.025188035364276707,-0.00628932890756399,-3859.0,69.61,71.05,67.76,67.43,68.63,62.92,4.0148505576174465,4.36484813509342,3.713798594432045,4.1622592750484175,0.09036961141201584,0.14147491479100702,2.6199999999999903,0.8471402578773733,0.6928280621511693,-0.12401998726901058
2025-07-18,70.66,68.07,0.56,16.41,120.356,418993,3.39,220.0,-0.015586919510981392,-0.0157414706509074,0.06709833350316965,-3169.0,71.77,78.25,67.92,69.15,74.94,63.62,0.9525754563296199,4.423612520019916,1.0098638522124568,4.185722123716403,0.10242883708583234,0.16400988514175946,2.5900000000000034,-0.31400409521997086,-0.31463812459245405,0.38824361010024394
2025-07-25,70.09,67.11,0.49,14.93,119.9857,426691,3.19,227.0,-0.008099511418765647,-0.014203523289712031,-0.060809004595605745,7698.0,70.66,69.96,63.5,68.07,66.78,60.99,0.9299596765460167,4.165958000341601,0.9000000000029945,3.9118069141168657,0.10376254944225775,0.16520648237327856,2.980000000000004,-0.13670363459299306,-0.2786712879387222,-0.482481430249515
2025-08-01,72.41,69.58,0.54,20.38,121.2122,423662,3.03,234.0,0.0325642808884959,0.03614410555364804,-0.05145829727547547,-3029.0,70.09,69.61,62.29,67.11,67.43,60.39,1.0501547505017566,3.7009016100508156,1.1111368052608985,3.5309989787421174,0.14821156050308107,0.1657192770556569,2.8299999999999983,0.8638370863514362,0.937098712143353,-0.39951937077460603
2025-08-08,68.17,65.75,0.51,15.15,120.3329,426698,2.99,241.0,-0.06033982602603541,-0.056617498665922014,-0.01328923211868254,3036.0,72.41,71.77,65.54,69.58,69.15,63.94,1.7472335276091824,3.500736177989245,1.612541989119052,3.4224008053888637,0.1818424226267349,0.1663421082277966,2.4200000000000017,-1.4249721875082615,-1.2888118999537475,-0.1157983117117994
2025-08-15,67.17,64.34,0.58,15.09,120.3377,420684,2.94,248.0,-0.014777866095920742,-0.02167814924699357,-0.016863806052004916,-6014.0,68.17,70.66,65.86,65.75,68.07,63.26,2.309949494397769,3.378912771167,2.231180554476033,3.321657581826902,0.10812801055584126,0.17178871801237358,2.8299999999999983,-0.2916624433895321,-0.43959996134491075,-0.16480644346837214
2025-08-22,67.82,64.14,0.58,14.22,120.2774,418292,2.85,255.0,0.009630417418719363,-0.0031133275458714543,-0.031090587070031005,-2392.0,67.17,70.09,64.74,64.34,67.11,61.82,2.3813214118780053,3.035213037304314,2.5222394150183174,3.0279150742662395,0.07762087348194746,0.18419974336170186,3.6799999999999926,0.2889566796085099,-0.01258761391169872,-0.24675100163515937
2025-08-29,67.77,64.52,0.64,15.36,120.2082,420707,2.85,262.0,-0.0007375175494708716,0.005907058991999199,0.0,2415.0,67.82,72.41,67.18,64.14,69.58,64.06,0.4150803135165104,2.9836233564807113,0.7251379179199169,2.9830074309884584,0.06946221994798406,0.183096265456764,3.25,0.05130449101593793,0.22521426495211713,-0.005040220930819905
2025-09-05,66.85,64.09,0.59,15.18,120.1282,424646,2.97,269.0,-0.013668315600069446,-0.006686907740872467,0.04124295853404922,3939.0,67.77,68.17,71.05,64.52,65.75,68.63,0.4721140398982599,3.141845023472532,0.19720970227623702,3.11664397982329,0.06184658438509186,0.17185926236481192,2.759999999999991,-0.25391354550658146,-0.06748550598679552,0.28283737504408984
2025-09-12,67.23,63.06,0.5,14.76,120.0611,415361,2.96,276.0,0.005668272932993184,-0.016201691399220695,-0.0033726844786393416,-9285.0,66.85,67.17,78.25,64.09,64.34,74.94,0.4631324504599645,1.8840693788304514,0.6252132969410218,2.1601550168839383,0.06652067347901777,0.17526387032813,4.170000000000002,0.25094484239818454,-0.2953269536071147,-0.04399012880849318
2025-09-19,68.33,63.98,0.57,15.45,119.7858,414754,3.05,283.0,0.016229332311741486,0.01448388040445709,0.02995232228335111,-607.0,67.23,67.82,69.96,63.06,64.14,66.78,0.6452648035256673,1.8772077910858076,0.6142407237165733,2.237902833214228,0.08220908303486643,0.1594783161853202,4.350000000000001,0.5232101291206681,0.4695033570083009,0.18026343431860486
2025-09-26,69.22,64.83,0.57,15.29,120.4349,416546,2.91,290.0,0.01294092941451124,0.013197924665532343,-0.04698850943591898,1792.0,68.33,67.77,69.61,63.98,64.52,67.43,1.0767969477431252,1.8688553862055852,0.7258558167238619,2.205632596674784,0.057951128836572406,0.15733577296507426,4.390000000000001,0.42680032829250675,0.4264660485535742,-0.385645806751617
2025-10-03,67.15,62.59,0.55,16.65,120.0881,420261,3.16,297.0,-0.030360915237951553,-0.03516293825029414,0.08241894641541953,3715.0,69.22,66.85,71.77,64.83,64.09,69.15,0.9851353544913923,1.7055264449869154,0.9946691242176178,2.0875598340180144,0.10984838035567303,0.1565223384191994,4.560000000000002,-0.6796460804749372,-0.7571325202961892,0.5716114813097276
2025-10-10,66.65,62.1,0.53,21.66,121.1163,423785,3.23,304.0,-0.0074738763445288525,-0.007859531997177,0.021910109635744326,3524.0,67.15,67.23,70.66,62.59,63.06,68.07,1.159982040091825,1.6513181144636635,1.2549767594150232,2.0449870341144707,0.13961255912976506,0.12645217085967184,4.550000000000004,-0.10585258184561835,-0.09920719132582144,0.11209963469623012
2025-10-17,62.36,58.8,0.56,20.78,120.7028,422824,2.8,311.0,-0.06653100243514205,-0.054604134034851856,-0.14286272005340703,-961.0,66.65,68.33,70.09,62.1,63.98,67.11,2.880214112411793,2.25916500396849,2.488734618235767,2.50126452867818,0.20338797080153107,0.1263352922210521,3.5600000000000023,-1.5919391702694872,-1.239375459546522,-1.1232934387292561
2025-10-24,63.22,60.2,0.54,16.37,120.9345,415966,3.25,318.0,0.013696662597895834,0.02353049741019425,0.14903557916048796,-6858.0,62.36,69.22,72.41,58.8,64.83,69.58,2.4074121652381213,2.0236143781658926,1.7506260784849943,2.0101379418970464,0.21023796041651158,0.1485281322193825,3.019999999999996,0.43771703348312074,0.6702490758194327,1.0484961634326564
2025-10-31,65.02,61.49,0.51,17.44,121.3859,421168,3.42,325.0,0.02807420808828764,0.021202207650602906,0.05098555473286774,5202.0,63.22,67.15,68.17,60.2,62.59,65.75,1.9122652361366197,2.0380090923768455,1.4643627738161065,1.8915241569599992,0.2641338044756085,0.19221791610747174,3.529999999999994,0.8162420435890502,0.6247372018290346,0.32648598139253876
2025-11-07,64.3,60.87,0.56,19.08,121.388,427581,3.54,332.0,-0.011135283632185553,-0.010134117459545315,0.034486176071169404,6413.0,65.02,66.65,67.17,61.49,62.1,64.34,1.1727318534104352,2.1271164148745876,1.153920852285107,1.9073706715757996,0.3242812565249845,0.2384466778585711,3.4299999999999997,-0.19974820766708204,-0.17318420475154905,0.19347630298679488
2025-11-14,62.87,60.16,0.52,19.83,120.9666,424155,3.62,339.0,-0.02249052884860396,-0.011732762864248642,0.022347298691996618,-3426.0,64.3,62.36,67.82,60.87,58.8,64.14,0.9880409910542379,2.2852788106550594,0.6306081720622831,1.9523666679341483,0.16090887690475197,0.2715053434375123,2.710000000000001,-0.47673604003794484,-0.2004257102131623,0.09370480153300541
2025-11-21,63.64,60.27,0.55,23.43,121.8653,426929,3.89,346.0,0.012173101074616402,0.0018267878533684376,0.07193513179267531,2774.0,62.87,63.22,67.77,60.16,60.2,64.52,0.9182728352746847,2.2913632306010077,0.6135891676616649,1.8822568658635936,0.1993949180230264,0.328255259137586,3.3699999999999974,0.39156060288126354,0.11009291199326204,0.46266826351422563
2025-11-28,64.38,58.69,0.55,16.35,121.0527,427503,4.29,353.0,0.011560822401076006,-0.026565112924709693,0.0978775753095706,574.0,63.64,65.02,66.85,60.27,61.49,64.09,0.7016349953288582,2.276821781397767,0.9258284578356603,1.9476279278790223,0.3382799629499232,0.43560476943151333,5.689999999999998,0.3555504596475783,-0.627807721374125,0.6506565566389675
2025-12-05,63.98,59.48,0.58,15.41,120.6863,425691,4.97,5.0,-0.006232491349290188,0.013370767021711152,0.14713310716861172,-1812.0,64.38,64.3,67.23,58.69,60.87,63.06,0.6408522970780016,2.227462205917939,0.7291547618110091,1.9477671754336547,0.5868773296013867,0.6215590125326556,4.5,-0.0998274768959743,0.4345735089207786,1.0022950310300323
2025-12-12,62.6,58.3,0.67,15.74,120.1442,424417,4.6,12.0,-0.021805256415319062,-0.02003802823550768,-0.07736353661348809,-1274.0,63.98,62.87,68.33,59.48,60.16,63.98,0.7625396164594804,2.0798184288477537,0.8741662694657365,1.8789495775968579,0.458793708181261,0.6757756486236307,4.300000000000004,-0.5134580817490011,-0.4525253522980084,-0.646727690371631
2025-12-19,60.83,56.3,0.68,14.91,120.1652,424822,3.71,19.0,-0.028682189773438897,-0.03490755821080204,-0.21502442687570553,405.0,62.6,63.64,69.22,58.3,60.27,64.83,1.6044391543476277,1.779945521809943,1.3537940513010953,1.7630867817552252,0.5331900849291121,0.6354716692537936,4.530000000000001,-0.6758330537936575,-0.8207128948285686,-1.6093360027833519
2025-12-26,63.21,58.01,0.68,13.6,119.4723,422888,3.45,26.0,0.03837942815159352,0.029920874332328276,-0.07265764557607526,-1934.0,60.83,64.38,67.15,56.3,58.69,62.59,1.3413053343679169,1.4647856395057457,1.3125642841418796,1.6271752340864496,0.7197858477816313,0.6180682270860502,5.200000000000003,1.1309259296830625,0.9132419649601925,-0.5742394488054363
2026-01-02,62.18,57.54,0.72,14.51,119.6059,419056,4.25,33.0,-0.016429111853599677,-0.008135051354571125,0.20854475189305702,-3832.0,63.21,63.98,66.65,58.01,59.48,62.1,1.0095048291137483,1.1499443333058974,0.8824350778791092,1.5070347666457093,0.5193184636297161,0.6130469110528768,4.640000000000001,-0.3719460886313439,-0.13252925508913346,1.431845404302671
2026-01-09,62.93,57.56,0.64,14.49,120.2215,422447,2.91,40.0,0.011989592908234523,0.0003475238957653251,-0.37876590175292435,3391.0,62.18,62.6,62.36,57.54,58.3,58.8,1.0645304129070012,1.122831917589128,0.7344555806887361,1.5760775534679654,0.5572551779332445,0.5970914350567594,5.369999999999997,0.4034841738139629,0.10441961393718173,-2.651303330284601
2026-01-16,67.0,60.12,0.65,15.86,120.0838,426049,3.0,47.0,0.06266962185212391,0.0435146828656066,0.03045920748470844,3602.0,62.93,60.83,63.22,57.56,56.3,60.2,2.157606698791535,1.556171487007451,1.227663770475553,1.571035896432319,0.612392847770192,0.6227863829499146,6.880000000000003,1.7180683244024364,1.2456639287679883,0.1554816160855595
2026-01-23,66.99,60.16,0.64,16.09,118.8976,423754,12.02,54.0,-0.00014926487078991148,0.0006651147568106614,1.3879596404389518,-2295.0,67.0,63.21,65.02,60.12,58.01,61.49,2.5816596728983834,1.8059503919507478,1.4954486506301827,1.4245541567292805,4.359774458998233,2.4393645161033617,6.829999999999998,0.04823000686469982,0.09668725611281086,6.026942341858932
2026-01-30,70.43,62.9,0.74,17.44,117.8996,420299,13.8,61.0,0.050075954237142874,0.04453848406481047,0.13809666305609758,-3455.0,66.99,62.18,64.3,60.16,57.54,60.87,3.067261264820647,2.6484380760043016,2.1807261787468333,1.7548709267912186,5.7933949459707925,3.590696205810814,7.530000000000008,1.3634807695786069,1.2707124133215877,0.4707930226753059
2026-02-06,69.84,63.09,0.72,17.76,118.2407,428829,5.01,68.0,-0.008412397225972217,0.00301611467632326,-1.0132326770663858,8530.0,70.43,62.93,62.87,62.9,57.56,60.16,1.828815645894527,3.051159119040165,1.650239881554171,2.084897352316665,5.256845537011706,3.5511069550297325,6.75,-0.19781897670610987,0.13051309746376885,-3.9706814248865476
2026-02-13,70.7,63.93,0.64,20.6,117.5258,419815,3.27,75.0,0.012238661371180263,0.013226456395917402,-0.4266459301876113,-9014.0,69.84,67.0,63.64,63.09,60.12,60.27,1.704914465108151,3.4540309126380713,1.63574651663148,2.462339365626757,5.164329578948258,3.580914052940309,6.770000000000003,0.3512660788458376,0.4013808062843475,-1.6346682635254968
2026-02-20,71.66,65.3,0.6,19.09,117.9917,435804,3.08,82.0,0.013487138974280662,0.02120330150374995,-0.05986038792367895,15989.0,70.7,66.99,64.38,63.93,60.16,58.69,0.7586995452755491,3.8687170961058466,1.0925352778463537,2.919303959175981,5.081436804684278,3.6328988133278255,6.359999999999999,0.37768687678964574,0.6117839493329571,-0.23295204473206652
2026-02-27,71.36,65.87,0.59,19.86,117.8223,439279,3.01,89.0,-0.0041952236050538,0.008691066370216315,-0.022989518224698833,3475.0,71.66,70.43,63.98,65.3,62.9,59.48,0.8067217612047294,4.09341701745527,1.2676586028339312,3.3257216122856903,0.9513630572324792,3.694542555847697,5.489999999999995,-0.09750546717368266,0.2679928011118449,-0.08767084443792596
2026-03-06,85.28,78.37,0.59,29.49,119.491,443103,2.99,96.0,0.17820247214578047,0.17375809841217163,-0.006666691358189122,3824.0,71.36,69.84,62.6,65.87,63.09,58.3,7.031443663999608,6.5532122010140315,6.717848738001816,5.9718421983860175,0.12763881332395693,3.7462267885854286,6.909999999999997,4.057607721686377,4.077084581521539,-0.02533742593097673
2026-03-13,96.16,91.85,0.55,27.19,120.5518,449259,3.19,103.0,0.12007351036936308,0.15871561059636136,0.06474752939415811,6156.0,85.28,70.7,60.83,78.37,63.93,56.3,11.94789102729007,9.872853353176907,12.546490545168655,10.067922809446296,0.09032349269938204,3.7659861278490467,4.310000000000002,2.5273104445035637,3.3153952884944164,0.24298279995702196
2026-03-20,111.4,96.07,0.51,26.78,120.2757,456185,3.11,110.0,0.14711385670628627,0.04492028076051253,-0.02539819060561046,6926.0,96.16,71.66,63.21,91.85,65.3,58.01,16.943273985075297,14.783457252393141,13.711489099778344,13.07652743265461,0.09291573243221539,3.779947089576776,15.330000000000013,2.870127206032488,0.8690679021343728,-0.09105708835255052
2026-03-27,111.24,94.29,0.56,31.05,120.8851,461636,2.95,117.0,-0.0014372981274196949,-0.01870195294406103,-0.052817555839414235,5451.0,111.4,71.36,62.18,96.07,65.87,57.54,12.695931106723137,17.330951358768534,8.038331087152017,14.48746132371228,0.11015141094609536,3.8208657594209057,16.94999999999999,-0.14384626655979663,-0.47755155089203444,-0.18571592671152223
2026-04-03,123.94,105.67,0.51,23.87,120.6565,464717,2.9,124.0,0.10810754816819733,0.11394589097535346,-0.017094433359300183,3081.0,111.24,85.28,62.93,94.29,78.37,57.56,11.365003299603178,20.63553349017761,6.052459555145778,16.725126715106278,0.135492927244991,3.821331177704559,18.269999999999996,2.0249860410383405,2.2628461911951936,-0.027395312622882
2026-04-10,124.61,104.54,0.5,19.23,118.8552,463804,2.85,131.0,0.005391282420814824,-0.01075125716816362,-0.017391742711869107,-913.0,123.94,96.16,67.0,105.67,91.85,60.12,7.484857491405969,22.74535002428564,5.794488041809718,17.85645863970549,0.1126572974411906,3.828210674675169,20.069999999999993,-0.03321815865633528,-0.33093765898376487,-0.047074726755405354
2026-04-17,114.43,93.84,0.55,17.48,118.0795,465729,2.77,138.0,-0.08522557762515282,-0.10797856893955576,-0.028471674081312,1925.0,124.61,111.4,66.99,104.54,96.07,60.16,6.737608378843037,22.605716677759812,6.393259471245923,17.203218162643655,0.076757192931712,3.1183274217264074,20.590000000000003,-1.791346042647836,-2.2463669348936937,-0.10162946391635212
2026-04-24,109.62,95.43,0.53,18.71,118.7294,459495,2.7,145.0,-0.04294344271165305,0.016801790083942465,-0.025595547188963653,-6234.0,114.43,111.24,70.43,93.84,94.29,62.9,7.345179825345048,21.79876824432272,6.097086736030228,16.44136715081431,0.0881286937765354,0.6080239977321221,14.189999999999998,-0.9535818058669797,0.24799273061443966,-0.08918870995325909
2026-05-01,119.63,105.57,0.51,16.99,118.3926,457182,2.66,152.0,0.0873838065648423,0.10098124557244098,-0.014925650216675706,-2313.0,109.62,123.94,69.84,95.43,105.67,63.09,6.477583783067273,20.946067740458425,6.0655008037266835,15.893371092910604,0.0834665601708888,0.19037443169290702,14.060000000000002,1.5337607507403503,1.85346824241167,-0.033201948717501734
2026-05-08,105.88,102.28,0.48,17.19,118.0392,452876,2.74,159.0,-0.1220972688239123,-0.03166008957861754,0.02963179760637115,-4306.0,119.63,124.61,70.7,105.57,104.54,63.93,5.96188448954331,18.6845936171049,5.567171633783975,14.303058795554442,0.04787135538880892,0.17162988720439096,3.5999999999999943,-2.3255760807593786,-0.723396944537855,0.16992478539310382
2026-05-15,110.53,105.1,0.5,18.43,119.2825,445013,2.86,166.0,0.042980599963963625,0.027198127459919594,0.042863704431782314,-7863.0,105.88,114.43,71.66,102.28,93.84,65.3,5.834600814679379,15.75144399344963,4.674829765172489,12.096975830447052,0.08640987597931597,0.1636769730754011,5.430000000000007,0.668762755506977,0.4041262651132493,0.1984473144644561
2026-05-22,110.61,105.32,0.43,16.7,119.2868,441686,3.11,173.0,0.0007235235912988336,0.0020910567452032745,0.08380110135938162,-3327.0,110.53,109.62,71.36,105.1,95.43,65.87,5.753511246765512,11.049914952366695,1.5370399040611835,8.231440234450401,0.19636275953811475,0.17242257814601714,5.290000000000006,-0.11181823361582853,-0.09731752800689197,0.3693066071532674
2026-05-29,97.05,93.45,0.47,15.32,118.8783,433712,3.16,180.0,-0.13078419129914354,-0.11957680072653673,0.01594930140767804,-7974.0,110.61,119.63,85.28,105.32,105.57,78.37,6.374131967046584,8.952674393044244,5.5664972529119146,5.687959305462853,0.20056171120152866,0.18666125533274966,3.5999999999999943,-2.367482942856266,-2.336866438133857,0.08429261673719947
2026-06-05,98.95,96.87,0.38,21.51,120.0831,426485,3.03,187.0,0.0193883624335555,0.03594333953672165,-0.04200940807754308,-7227.0,97.05,105.88,96.16,93.45,102.28,91.85,7.29870079763005,8.552197440459224,5.968665400797374,5.245514895141072,0.13140268896316126,0.17036502699854905,2.0799999999999983,0.25103750857995216,0.5660269635243286,-0.1540225739074277
